policy_id,predicted_probability,predicted_class,predicted_label,risk_level,actual_is_claim
ID47764,0.9165,1,Claim,High,0
ID18347,0.9165,1,Claim,High,0
ID55183,0.8299,1,Claim,High,0
ID48507,0.8299,1,Claim,High,0
ID52865,0.7648,1,Claim,High,0
ID04808,0.7648,1,Claim,High,0
ID41333,0.7648,1,Claim,High,0
ID53972,0.7648,1,Claim,High,0
ID20627,0.7648,1,Claim,High,0
ID54503,0.7648,1,Claim,High,0
ID12545,0.7648,1,Claim,High,0
ID15398,0.7225,1,Claim,High,0
ID19565,0.7225,1,Claim,High,0
ID49138,0.7225,1,Claim,High,0
ID57238,0.7225,1,Claim,High,0
ID41998,0.7225,1,Claim,High,0
ID53353,0.7225,1,Claim,High,0
ID08175,0.7225,1,Claim,High,0
ID20566,0.7225,1,Claim,High,0
ID26540,0.7225,1,Claim,High,0
ID11051,0.7225,1,Claim,High,0
ID36867,0.7225,1,Claim,High,1
ID20497,0.7225,1,Claim,High,0
ID38485,0.7225,1,Claim,High,0
ID23982,0.7225,1,Claim,High,0
ID18215,0.7225,1,Claim,High,1
ID35239,0.7225,1,Claim,High,0
ID22618,0.7225,1,Claim,High,0
ID26346,0.7225,1,Claim,High,0
ID04791,0.7225,1,Claim,High,0
ID28445,0.7225,1,Claim,High,1
ID17810,0.7225,1,Claim,High,0
ID10348,0.7225,1,Claim,High,0
ID57175,0.7225,1,Claim,High,0
ID29242,0.7225,1,Claim,High,0
ID38507,0.7225,1,Claim,High,0
ID40228,0.7225,1,Claim,High,1
ID09021,0.7225,1,Claim,High,0
ID47125,0.7225,1,Claim,High,0
ID45175,0.7225,1,Claim,High,0
ID40009,0.7225,1,Claim,High,0
ID37055,0.7225,1,Claim,High,0
ID28709,0.7225,1,Claim,High,0
ID31830,0.7225,1,Claim,High,0
ID02879,0.7225,1,Claim,High,0
ID01279,0.7225,1,Claim,High,0
ID52602,0.7225,1,Claim,High,1
ID16399,0.7225,1,Claim,High,0
ID13098,0.7225,1,Claim,High,0
ID11701,0.7225,1,Claim,High,0
ID04553,0.7225,1,Claim,High,0
ID26293,0.7225,1,Claim,High,0
ID13926,0.7225,1,Claim,High,0
ID57784,0.7225,1,Claim,High,0
ID58232,0.7225,1,Claim,High,0
ID41161,0.7225,1,Claim,High,0
ID10266,0.7225,1,Claim,High,1
ID44031,0.7225,1,Claim,High,0
ID31980,0.7225,1,Claim,High,0
ID24960,0.7225,1,Claim,High,0
ID24607,0.7225,1,Claim,High,0
ID36175,0.7225,1,Claim,High,0
ID51756,0.7225,1,Claim,High,1
ID40394,0.7225,1,Claim,High,0
ID00864,0.7225,1,Claim,High,0
ID42038,0.7225,1,Claim,High,0
ID27943,0.7225,1,Claim,High,0
ID37334,0.7225,1,Claim,High,0
ID50008,0.7225,1,Claim,High,0
ID38486,0.7225,1,Claim,High,0
ID12884,0.7225,1,Claim,High,0
ID17522,0.7225,1,Claim,High,0
ID07787,0.7225,1,Claim,High,1
ID21249,0.7225,1,Claim,High,0
ID07342,0.7225,1,Claim,High,0
ID11737,0.7225,1,Claim,High,0
ID57103,0.7225,1,Claim,High,0
ID14084,0.7225,1,Claim,High,0
ID28728,0.7225,1,Claim,High,0
ID13950,0.7225,1,Claim,High,0
ID45149,0.7225,1,Claim,High,1
ID39550,0.7225,1,Claim,High,0
ID50033,0.7225,1,Claim,High,0
ID49280,0.7225,1,Claim,High,0
ID03558,0.7225,1,Claim,High,0
ID42185,0.7225,1,Claim,High,0
ID24173,0.7225,1,Claim,High,0
ID01644,0.7225,1,Claim,High,0
ID11931,0.7225,1,Claim,High,0
ID22711,0.7225,1,Claim,High,0
ID39765,0.7225,1,Claim,High,0
ID11738,0.7225,1,Claim,High,0
ID17318,0.7225,1,Claim,High,0
ID55196,0.7225,1,Claim,High,0
ID48206,0.7225,1,Claim,High,0
ID44044,0.7225,1,Claim,High,0
ID01512,0.7225,1,Claim,High,1
ID24168,0.7225,1,Claim,High,0
ID35739,0.7225,1,Claim,High,1
ID24446,0.7225,1,Claim,High,0
ID47495,0.7225,1,Claim,High,0
ID51133,0.7225,1,Claim,High,0
ID27709,0.7225,1,Claim,High,0
ID51452,0.7225,1,Claim,High,0
ID34121,0.7225,1,Claim,High,0
ID14167,0.7225,1,Claim,High,0
ID12133,0.7225,1,Claim,High,0
ID18983,0.7225,1,Claim,High,0
ID52439,0.7225,1,Claim,High,0
ID38802,0.7225,1,Claim,High,0
ID16998,0.7225,1,Claim,High,0
ID08836,0.7225,1,Claim,High,0
ID55517,0.7225,1,Claim,High,0
ID40957,0.7225,1,Claim,High,0
ID33557,0.7225,1,Claim,High,0
ID31727,0.7225,1,Claim,High,0
ID46281,0.7225,1,Claim,High,0
ID00055,0.7225,1,Claim,High,0
ID54395,0.7225,1,Claim,High,0
ID49883,0.7225,1,Claim,High,0
ID33569,0.7225,1,Claim,High,0
ID55254,0.7225,1,Claim,High,0
ID00229,0.7225,1,Claim,High,0
ID23186,0.7225,1,Claim,High,0
ID24659,0.7225,1,Claim,High,0
ID56701,0.7225,1,Claim,High,0
ID55206,0.7225,1,Claim,High,1
ID27508,0.7225,1,Claim,High,0
ID44840,0.7225,1,Claim,High,0
ID44726,0.7225,1,Claim,High,0
ID42091,0.7225,1,Claim,High,0
ID52058,0.7225,1,Claim,High,1
ID37314,0.7225,1,Claim,High,0
ID17144,0.7225,1,Claim,High,0
ID34016,0.7225,1,Claim,High,0
ID18642,0.7225,1,Claim,High,1
ID26501,0.7225,1,Claim,High,0
ID19001,0.7225,1,Claim,High,0
ID31535,0.7225,1,Claim,High,0
ID48393,0.7225,1,Claim,High,1
ID12956,0.7225,1,Claim,High,0
ID11887,0.7225,1,Claim,High,0
ID54738,0.7225,1,Claim,High,0
ID07891,0.7225,1,Claim,High,0
ID13777,0.7225,1,Claim,High,1
ID33265,0.7225,1,Claim,High,0
ID19229,0.7225,1,Claim,High,0
ID44700,0.7225,1,Claim,High,0
ID26011,0.7225,1,Claim,High,0
ID11315,0.7225,1,Claim,High,0
ID26172,0.7225,1,Claim,High,1
ID04592,0.7225,1,Claim,High,1
ID40789,0.7225,1,Claim,High,0
ID43704,0.7225,1,Claim,High,0
ID07024,0.7225,1,Claim,High,1
ID54090,0.7225,1,Claim,High,0
ID51521,0.7225,1,Claim,High,0
ID01404,0.7225,1,Claim,High,0
ID16583,0.7225,1,Claim,High,1
ID16130,0.7225,1,Claim,High,0
ID11859,0.7225,1,Claim,High,0
ID35356,0.7225,1,Claim,High,0
ID10312,0.7225,1,Claim,High,0
ID44072,0.7225,1,Claim,High,0
ID19291,0.7225,1,Claim,High,1
ID45778,0.7225,1,Claim,High,0
ID48389,0.7225,1,Claim,High,1
ID34212,0.7225,1,Claim,High,0
ID07492,0.7225,1,Claim,High,0
ID33424,0.7225,1,Claim,High,0
ID02714,0.7225,1,Claim,High,0
ID32833,0.7225,1,Claim,High,0
ID41439,0.7225,1,Claim,High,0
ID41702,0.7225,1,Claim,High,0
ID21001,0.7225,1,Claim,High,0
ID18264,0.7225,1,Claim,High,0
ID41346,0.7225,1,Claim,High,0
ID12518,0.7225,1,Claim,High,0
ID29639,0.7225,1,Claim,High,0
ID42125,0.7225,1,Claim,High,1
ID55150,0.7225,1,Claim,High,0
ID02061,0.7225,1,Claim,High,0
ID44293,0.7225,1,Claim,High,0
ID14991,0.7225,1,Claim,High,1
ID38214,0.7225,1,Claim,High,0
ID27960,0.7225,1,Claim,High,1
ID08894,0.7225,1,Claim,High,0
ID10105,0.7225,1,Claim,High,0
ID43074,0.7225,1,Claim,High,0
ID32935,0.7225,1,Claim,High,0
ID04973,0.7225,1,Claim,High,1
ID16660,0.7225,1,Claim,High,0
ID41937,0.7225,1,Claim,High,0
ID06076,0.7225,1,Claim,High,0
ID38958,0.7225,1,Claim,High,0
ID10101,0.7225,1,Claim,High,1
ID15591,0.7225,1,Claim,High,0
ID32193,0.7225,1,Claim,High,0
ID01140,0.7225,1,Claim,High,0
ID47988,0.7225,1,Claim,High,0
ID23664,0.7225,1,Claim,High,0
ID29087,0.7225,1,Claim,High,0
ID20905,0.7225,1,Claim,High,0
ID56779,0.7225,1,Claim,High,0
ID37089,0.7225,1,Claim,High,0
ID14469,0.7225,1,Claim,High,0
ID18846,0.7225,1,Claim,High,0
ID32702,0.7225,1,Claim,High,0
ID52090,0.7225,1,Claim,High,1
ID07294,0.7225,1,Claim,High,0
ID55085,0.7225,1,Claim,High,0
ID40508,0.7225,1,Claim,High,0
ID19226,0.7225,1,Claim,High,0
ID51080,0.7225,1,Claim,High,1
ID12139,0.7225,1,Claim,High,0
ID46617,0.7225,1,Claim,High,0
ID50788,0.7225,1,Claim,High,0
ID44662,0.7225,1,Claim,High,1
ID45661,0.7225,1,Claim,High,0
ID20143,0.7225,1,Claim,High,0
ID16448,0.7225,1,Claim,High,0
ID30688,0.7225,1,Claim,High,0
ID19311,0.7225,1,Claim,High,0
ID36557,0.7225,1,Claim,High,0
ID06906,0.7225,1,Claim,High,0
ID12697,0.7225,1,Claim,High,0
ID16084,0.7225,1,Claim,High,0
ID43087,0.7225,1,Claim,High,0
ID20669,0.7225,1,Claim,High,0
ID05870,0.7225,1,Claim,High,1
ID16653,0.7225,1,Claim,High,0
ID25609,0.7225,1,Claim,High,0
ID05998,0.7225,1,Claim,High,0
ID22557,0.7225,1,Claim,High,1
ID00369,0.7225,1,Claim,High,0
ID57706,0.7225,1,Claim,High,0
ID53187,0.7225,1,Claim,High,1
ID03229,0.7225,1,Claim,High,0
ID08400,0.7225,1,Claim,High,0
ID33597,0.7225,1,Claim,High,1
ID42481,0.7225,1,Claim,High,0
ID51238,0.7225,1,Claim,High,0
ID20359,0.7225,1,Claim,High,0
ID03933,0.7225,1,Claim,High,0
ID39524,0.7225,1,Claim,High,1
ID11441,0.7225,1,Claim,High,0
ID51510,0.7225,1,Claim,High,0
ID46914,0.7225,1,Claim,High,1
ID21752,0.7225,1,Claim,High,0
ID26639,0.7225,1,Claim,High,0
ID40326,0.7225,1,Claim,High,1
ID14216,0.7225,1,Claim,High,0
ID12035,0.7225,1,Claim,High,0
ID17854,0.7225,1,Claim,High,1
ID27666,0.7225,1,Claim,High,0
ID50257,0.7225,1,Claim,High,0
ID04496,0.7225,1,Claim,High,1
ID10015,0.7225,1,Claim,High,0
ID28983,0.7225,1,Claim,High,0
ID19420,0.7225,1,Claim,High,1
ID50303,0.7225,1,Claim,High,0
ID50199,0.7225,1,Claim,High,0
ID43438,0.7225,1,Claim,High,0
ID06421,0.7225,1,Claim,High,0
ID10454,0.7225,1,Claim,High,0
ID33105,0.7225,1,Claim,High,1
ID29293,0.7225,1,Claim,High,0
ID27661,0.7225,1,Claim,High,0
ID01180,0.7225,1,Claim,High,0
ID52550,0.7225,1,Claim,High,0
ID47505,0.7225,1,Claim,High,0
ID43686,0.7225,1,Claim,High,1
ID03883,0.7225,1,Claim,High,0
ID06142,0.7225,1,Claim,High,0
ID25397,0.7225,1,Claim,High,0
ID41758,0.7225,1,Claim,High,0
ID46765,0.7225,1,Claim,High,0
ID32730,0.7225,1,Claim,High,0
ID42547,0.7225,1,Claim,High,0
ID36863,0.7225,1,Claim,High,0
ID22125,0.7225,1,Claim,High,1
ID43994,0.7225,1,Claim,High,0
ID58066,0.7225,1,Claim,High,0
ID21467,0.7225,1,Claim,High,0
ID25248,0.7225,1,Claim,High,0
ID27228,0.7225,1,Claim,High,0
ID06424,0.7225,1,Claim,High,1
ID42282,0.7225,1,Claim,High,0
ID47453,0.7225,1,Claim,High,0
ID47312,0.7225,1,Claim,High,1
ID36013,0.7225,1,Claim,High,1
ID11249,0.7225,1,Claim,High,0
ID41291,0.7225,1,Claim,High,0
ID16663,0.7225,1,Claim,High,0
ID44746,0.7225,1,Claim,High,0
ID09410,0.7225,1,Claim,High,0
ID38051,0.7225,1,Claim,High,0
ID32688,0.7225,1,Claim,High,0
ID16590,0.7225,1,Claim,High,0
ID19829,0.7225,1,Claim,High,0
ID17705,0.7225,1,Claim,High,0
ID55402,0.7225,1,Claim,High,0
ID29203,0.7225,1,Claim,High,0
ID36353,0.7225,1,Claim,High,0
ID02246,0.7225,1,Claim,High,0
ID44356,0.7225,1,Claim,High,0
ID19134,0.7225,1,Claim,High,0
ID26799,0.7225,1,Claim,High,1
ID55820,0.7225,1,Claim,High,0
ID24693,0.7225,1,Claim,High,1
ID24223,0.7225,1,Claim,High,0
ID53460,0.7225,1,Claim,High,0
ID17212,0.7225,1,Claim,High,0
ID41790,0.7225,1,Claim,High,0
ID17673,0.7225,1,Claim,High,0
ID00969,0.7225,1,Claim,High,0
ID15497,0.7225,1,Claim,High,1
ID07932,0.7225,1,Claim,High,0
ID06505,0.7225,1,Claim,High,0
ID17583,0.7225,1,Claim,High,0
ID42485,0.7225,1,Claim,High,0
ID42952,0.7225,1,Claim,High,0
ID25194,0.7225,1,Claim,High,0
ID11566,0.7225,1,Claim,High,0
ID14129,0.7218,1,Claim,High,1
ID30671,0.7218,1,Claim,High,0
ID09980,0.7218,1,Claim,High,0
ID56273,0.7218,1,Claim,High,0
ID30058,0.7218,1,Claim,High,0
ID48719,0.7218,1,Claim,High,0
ID30567,0.7218,1,Claim,High,0
ID13588,0.7218,1,Claim,High,0
ID30470,0.7218,1,Claim,High,0
ID12704,0.7218,1,Claim,High,0
ID28104,0.7218,1,Claim,High,0
ID58012,0.7218,1,Claim,High,0
ID49972,0.7218,1,Claim,High,0
ID13110,0.7218,1,Claim,High,0
ID36417,0.7218,1,Claim,High,1
ID01394,0.7218,1,Claim,High,0
ID43414,0.7218,1,Claim,High,1
ID23857,0.7218,1,Claim,High,0
ID37275,0.7218,1,Claim,High,0
ID19222,0.7218,1,Claim,High,1
ID27817,0.7218,1,Claim,High,0
ID29615,0.7218,1,Claim,High,1
ID33512,0.7218,1,Claim,High,0
ID04918,0.7218,1,Claim,High,0
ID44561,0.7218,1,Claim,High,1
ID23431,0.7218,1,Claim,High,0
ID39217,0.7218,1,Claim,High,0
ID24534,0.7218,1,Claim,High,0
ID05568,0.7218,1,Claim,High,0
ID20510,0.7218,1,Claim,High,1
ID25969,0.7218,1,Claim,High,0
ID52262,0.7218,1,Claim,High,0
ID13027,0.7218,1,Claim,High,0
ID46832,0.7218,1,Claim,High,0
ID12561,0.7218,1,Claim,High,0
ID18459,0.7218,1,Claim,High,0
ID31027,0.7218,1,Claim,High,0
ID15882,0.7218,1,Claim,High,0
ID22704,0.7218,1,Claim,High,1
ID28141,0.7218,1,Claim,High,0
ID32683,0.7218,1,Claim,High,0
ID09703,0.7218,1,Claim,High,0
ID08316,0.7218,1,Claim,High,1
ID49680,0.7218,1,Claim,High,0
ID50684,0.7218,1,Claim,High,0
ID29622,0.7218,1,Claim,High,0
ID37571,0.7218,1,Claim,High,0
ID08517,0.7218,1,Claim,High,0
ID32288,0.7218,1,Claim,High,0
ID40401,0.7218,1,Claim,High,0
ID39589,0.7218,1,Claim,High,1
ID14254,0.7218,1,Claim,High,0
ID56275,0.7218,1,Claim,High,0
ID47879,0.7218,1,Claim,High,0
ID08843,0.7218,1,Claim,High,0
ID46280,0.7218,1,Claim,High,0
ID57116,0.7218,1,Claim,High,0
ID51529,0.7218,1,Claim,High,0
ID01385,0.7218,1,Claim,High,0
ID30637,0.7218,1,Claim,High,1
ID44443,0.7218,1,Claim,High,0
ID12407,0.7218,1,Claim,High,0
ID49349,0.7218,1,Claim,High,0
ID39130,0.7218,1,Claim,High,1
ID25773,0.7218,1,Claim,High,0
ID28692,0.7218,1,Claim,High,0
ID49985,0.7218,1,Claim,High,1
ID19577,0.7218,1,Claim,High,0
ID31137,0.7218,1,Claim,High,0
ID44961,0.7218,1,Claim,High,0
ID38885,0.7218,1,Claim,High,0
ID48727,0.7218,1,Claim,High,1
ID47600,0.7218,1,Claim,High,0
ID00243,0.7218,1,Claim,High,0
ID19328,0.7218,1,Claim,High,0
ID11017,0.7218,1,Claim,High,0
ID58361,0.7218,1,Claim,High,0
ID02938,0.7218,1,Claim,High,0
ID14650,0.7218,1,Claim,High,0
ID27535,0.7218,1,Claim,High,0
ID15285,0.7218,1,Claim,High,0
ID37513,0.7218,1,Claim,High,0
ID55467,0.7218,1,Claim,High,0
ID01593,0.7218,1,Claim,High,1
ID15877,0.7218,1,Claim,High,0
ID44574,0.7218,1,Claim,High,0
ID57069,0.7218,1,Claim,High,0
ID55445,0.7218,1,Claim,High,0
ID10931,0.7218,1,Claim,High,0
ID30665,0.7218,1,Claim,High,0
ID43252,0.7218,1,Claim,High,0
ID10159,0.7218,1,Claim,High,0
ID25786,0.7218,1,Claim,High,0
ID33494,0.7218,1,Claim,High,0
ID17039,0.7218,1,Claim,High,0
ID58302,0.7218,1,Claim,High,0
ID48804,0.7218,1,Claim,High,0
ID25978,0.7218,1,Claim,High,0
ID13032,0.7218,1,Claim,High,0
ID40583,0.7218,1,Claim,High,1
ID10657,0.7218,1,Claim,High,0
ID14842,0.7218,1,Claim,High,0
ID29363,0.7218,1,Claim,High,0
ID22589,0.7218,1,Claim,High,0
ID15698,0.7218,1,Claim,High,0
ID23055,0.7218,1,Claim,High,0
ID34515,0.7218,1,Claim,High,0
ID07272,0.7218,1,Claim,High,0
ID43366,0.7218,1,Claim,High,1
ID54969,0.7218,1,Claim,High,0
ID08700,0.7218,1,Claim,High,0
ID24183,0.7218,1,Claim,High,0
ID19263,0.7218,1,Claim,High,0
ID04875,0.7218,1,Claim,High,0
ID22907,0.7218,1,Claim,High,1
ID37900,0.7218,1,Claim,High,0
ID32161,0.7218,1,Claim,High,0
ID11427,0.7218,1,Claim,High,0
ID50737,0.7218,1,Claim,High,0
ID44703,0.7218,1,Claim,High,0
ID26794,0.7218,1,Claim,High,1
ID58424,0.7218,1,Claim,High,1
ID22293,0.7218,1,Claim,High,0
ID17018,0.7218,1,Claim,High,0
ID21608,0.7218,1,Claim,High,1
ID47465,0.7218,1,Claim,High,0
ID57843,0.7218,1,Claim,High,0
ID29960,0.7218,1,Claim,High,1
ID29604,0.7218,1,Claim,High,0
ID00523,0.7218,1,Claim,High,0
ID15495,0.7218,1,Claim,High,1
ID12882,0.7218,1,Claim,High,0
ID26570,0.7218,1,Claim,High,0
ID12496,0.7218,1,Claim,High,0
ID03473,0.7218,1,Claim,High,0
ID35472,0.7218,1,Claim,High,1
ID32853,0.7218,1,Claim,High,0
ID04084,0.7218,1,Claim,High,0
ID08303,0.7218,1,Claim,High,0
ID51470,0.7218,1,Claim,High,0
ID02980,0.7218,1,Claim,High,0
ID42177,0.7218,1,Claim,High,0
ID37788,0.7218,1,Claim,High,1
ID22136,0.7218,1,Claim,High,0
ID26826,0.7218,1,Claim,High,0
ID46419,0.7218,1,Claim,High,0
ID58142,0.7218,1,Claim,High,0
ID05606,0.7218,1,Claim,High,0
ID04200,0.7218,1,Claim,High,0
ID11811,0.7218,1,Claim,High,1
ID33486,0.7218,1,Claim,High,0
ID44102,0.7218,1,Claim,High,0
ID14400,0.7218,1,Claim,High,0
ID49120,0.7218,1,Claim,High,1
ID04127,0.7218,1,Claim,High,0
ID38781,0.6875,1,Claim,High,0
ID29935,0.6875,1,Claim,High,0
ID14371,0.6875,1,Claim,High,0
ID23027,0.6875,1,Claim,High,0
ID19322,0.6875,1,Claim,High,0
ID14264,0.6875,1,Claim,High,0
ID31844,0.6875,1,Claim,High,0
ID39857,0.6875,1,Claim,High,0
ID19454,0.6875,1,Claim,High,1
ID13050,0.6875,1,Claim,High,0
ID40622,0.6875,1,Claim,High,0
ID57374,0.6875,1,Claim,High,0
ID01888,0.6875,1,Claim,High,0
ID08197,0.6875,1,Claim,High,1
ID48278,0.6875,1,Claim,High,0
ID53965,0.6875,1,Claim,High,0
ID19726,0.6875,1,Claim,High,0
ID57993,0.6875,1,Claim,High,0
ID07772,0.6875,1,Claim,High,0
ID12707,0.6875,1,Claim,High,0
ID39692,0.6875,1,Claim,High,0
ID57890,0.6875,1,Claim,High,0
ID00258,0.6875,1,Claim,High,0
ID54600,0.6875,1,Claim,High,0
ID27919,0.6875,1,Claim,High,1
ID54654,0.6875,1,Claim,High,1
ID29180,0.6875,1,Claim,High,0
ID49656,0.6875,1,Claim,High,0
ID18250,0.6875,1,Claim,High,0
ID27596,0.6875,1,Claim,High,0
ID22616,0.6875,1,Claim,High,0
ID01560,0.6875,1,Claim,High,0
ID02070,0.6875,1,Claim,High,0
ID23275,0.6875,1,Claim,High,0
ID47791,0.6875,1,Claim,High,0
ID57752,0.6875,1,Claim,High,0
ID48927,0.6875,1,Claim,High,0
ID03071,0.6875,1,Claim,High,0
ID47032,0.6875,1,Claim,High,0
ID09115,0.6875,1,Claim,High,0
ID00487,0.6875,1,Claim,High,1
ID09951,0.6875,1,Claim,High,1
ID17281,0.6875,1,Claim,High,0
ID15173,0.6875,1,Claim,High,0
ID57932,0.6875,1,Claim,High,0
ID44816,0.6875,1,Claim,High,0
ID38289,0.6875,1,Claim,High,0
ID21792,0.6875,1,Claim,High,0
ID25603,0.6875,1,Claim,High,0
ID09348,0.6875,1,Claim,High,0
ID00463,0.6875,1,Claim,High,1
ID57852,0.6875,1,Claim,High,0
ID56831,0.6875,1,Claim,High,0
ID28243,0.6875,1,Claim,High,0
ID52102,0.6875,1,Claim,High,0
ID31881,0.6875,1,Claim,High,0
ID09310,0.6875,1,Claim,High,0
ID29496,0.6875,1,Claim,High,1
ID02033,0.6875,1,Claim,High,0
ID49891,0.6875,1,Claim,High,0
ID52789,0.6875,1,Claim,High,0
ID23687,0.6875,1,Claim,High,0
ID10923,0.6875,1,Claim,High,0
ID51780,0.6875,1,Claim,High,0
ID30252,0.6875,1,Claim,High,0
ID26580,0.6875,1,Claim,High,0
ID27022,0.6875,1,Claim,High,0
ID30394,0.6875,1,Claim,High,1
ID38197,0.6875,1,Claim,High,0
ID54122,0.6875,1,Claim,High,1
ID21768,0.6875,1,Claim,High,1
ID19124,0.6875,1,Claim,High,0
ID45150,0.6875,1,Claim,High,0
ID07324,0.6875,1,Claim,High,0
ID10551,0.6875,1,Claim,High,0
ID46186,0.6875,1,Claim,High,0
ID15154,0.6875,1,Claim,High,0
ID48542,0.6875,1,Claim,High,0
ID03757,0.6875,1,Claim,High,0
ID46258,0.6875,1,Claim,High,1
ID22991,0.6875,1,Claim,High,0
ID56075,0.6875,1,Claim,High,0
ID26731,0.6875,1,Claim,High,0
ID32266,0.6875,1,Claim,High,1
ID55610,0.6875,1,Claim,High,0
ID26013,0.6875,1,Claim,High,0
ID21106,0.6875,1,Claim,High,1
ID23382,0.6875,1,Claim,High,0
ID57412,0.6875,1,Claim,High,0
ID33242,0.6217,1,Claim,High,0
ID57614,0.6217,1,Claim,High,1
ID40843,0.6217,1,Claim,High,0
ID45138,0.6217,1,Claim,High,0
ID58120,0.6217,1,Claim,High,0
ID38875,0.6217,1,Claim,High,0
ID57938,0.6217,1,Claim,High,0
ID02909,0.6217,1,Claim,High,0
ID35184,0.6217,1,Claim,High,0
ID54955,0.6217,1,Claim,High,0
ID30731,0.6217,1,Claim,High,0
ID57998,0.6217,1,Claim,High,0
ID25340,0.6217,1,Claim,High,0
ID55271,0.6217,1,Claim,High,0
ID42945,0.6217,1,Claim,High,0
ID27648,0.6217,1,Claim,High,0
ID41709,0.6217,1,Claim,High,0
ID37787,0.6217,1,Claim,High,0
ID29704,0.6217,1,Claim,High,1
ID31894,0.6217,1,Claim,High,0
ID11435,0.6217,1,Claim,High,0
ID12743,0.6217,1,Claim,High,0
ID36477,0.6217,1,Claim,High,0
ID41326,0.6217,1,Claim,High,1
ID20238,0.6217,1,Claim,High,0
ID11498,0.6217,1,Claim,High,0
ID35175,0.6217,1,Claim,High,0
ID20979,0.6217,1,Claim,High,0
ID53360,0.6217,1,Claim,High,1
ID18389,0.6217,1,Claim,High,0
ID35775,0.6217,1,Claim,High,0
ID30903,0.6217,1,Claim,High,0
ID49903,0.6217,1,Claim,High,0
ID12857,0.6217,1,Claim,High,0
ID08072,0.6217,1,Claim,High,0
ID26595,0.6217,1,Claim,High,0
ID14292,0.6217,1,Claim,High,0
ID48749,0.6217,1,Claim,High,0
ID17882,0.6217,1,Claim,High,0
ID56670,0.6217,1,Claim,High,0
ID10420,0.6217,1,Claim,High,0
ID13825,0.6217,1,Claim,High,0
ID09165,0.6217,1,Claim,High,0
ID08409,0.6217,1,Claim,High,0
ID01196,0.6217,1,Claim,High,0
ID09173,0.6217,1,Claim,High,0
ID32626,0.6217,1,Claim,High,0
ID36657,0.6217,1,Claim,High,0
ID27751,0.6217,1,Claim,High,0
ID57881,0.6217,1,Claim,High,0
ID03576,0.6217,1,Claim,High,0
ID05649,0.6217,1,Claim,High,0
ID38456,0.6217,1,Claim,High,0
ID20594,0.6217,1,Claim,High,0
ID56464,0.6217,1,Claim,High,0
ID00146,0.6217,1,Claim,High,0
ID45838,0.6217,1,Claim,High,0
ID12234,0.6217,1,Claim,High,0
ID58246,0.6217,1,Claim,High,0
ID21055,0.6217,1,Claim,High,0
ID19058,0.6217,1,Claim,High,0
ID40192,0.6217,1,Claim,High,0
ID37355,0.6217,1,Claim,High,0
ID13789,0.6217,1,Claim,High,0
ID57839,0.6217,1,Claim,High,0
ID46181,0.6217,1,Claim,High,0
ID12764,0.6217,1,Claim,High,0
ID54800,0.6217,1,Claim,High,0
ID27477,0.6217,1,Claim,High,0
ID10031,0.6217,1,Claim,High,1
ID17008,0.6217,1,Claim,High,0
ID28419,0.6217,1,Claim,High,0
ID33235,0.6217,1,Claim,High,0
ID00669,0.6217,1,Claim,High,0
ID25302,0.6217,1,Claim,High,0
ID46397,0.6217,1,Claim,High,0
ID48000,0.6217,1,Claim,High,0
ID55186,0.6217,1,Claim,High,0
ID09169,0.6217,1,Claim,High,0
ID25475,0.6217,1,Claim,High,0
ID04885,0.6217,1,Claim,High,0
ID46152,0.6217,1,Claim,High,0
ID37010,0.6217,1,Claim,High,0
ID11512,0.6217,1,Claim,High,0
ID34219,0.6217,1,Claim,High,0
ID56086,0.6217,1,Claim,High,0
ID35183,0.6217,1,Claim,High,0
ID25716,0.6217,1,Claim,High,0
ID36263,0.6217,1,Claim,High,0
ID55777,0.6217,1,Claim,High,0
ID53998,0.6217,1,Claim,High,0
ID50038,0.6217,1,Claim,High,0
ID40464,0.6217,1,Claim,High,0
ID25613,0.6217,1,Claim,High,0
ID50475,0.6217,1,Claim,High,0
ID43608,0.6217,1,Claim,High,0
ID55462,0.6217,1,Claim,High,0
ID39760,0.6217,1,Claim,High,0
ID53041,0.6217,1,Claim,High,0
ID21140,0.6217,1,Claim,High,0
ID52788,0.6217,1,Claim,High,0
ID01286,0.6217,1,Claim,High,0
ID18301,0.6217,1,Claim,High,0
ID32556,0.6217,1,Claim,High,0
ID44770,0.6217,1,Claim,High,0
ID23484,0.6217,1,Claim,High,0
ID45811,0.6217,1,Claim,High,0
ID39456,0.6217,1,Claim,High,1
ID34872,0.6217,1,Claim,High,0
ID52440,0.6217,1,Claim,High,0
ID37730,0.6217,1,Claim,High,0
ID38483,0.6217,1,Claim,High,0
ID09491,0.6217,1,Claim,High,0
ID32095,0.6217,1,Claim,High,0
ID11292,0.6217,1,Claim,High,0
ID24706,0.6217,1,Claim,High,0
ID47543,0.6217,1,Claim,High,0
ID49919,0.6217,1,Claim,High,0
ID01801,0.6217,1,Claim,High,0
ID44555,0.6217,1,Claim,High,1
ID26694,0.6217,1,Claim,High,0
ID30999,0.6217,1,Claim,High,0
ID49197,0.6217,1,Claim,High,0
ID28384,0.6217,1,Claim,High,0
ID05930,0.6217,1,Claim,High,0
ID56518,0.6217,1,Claim,High,0
ID02745,0.6217,1,Claim,High,0
ID24992,0.6217,1,Claim,High,0
ID15933,0.6217,1,Claim,High,0
ID10261,0.6217,1,Claim,High,0
ID45220,0.6217,1,Claim,High,0
ID31857,0.6217,1,Claim,High,0
ID39532,0.6217,1,Claim,High,0
ID48201,0.6217,1,Claim,High,0
ID48036,0.6217,1,Claim,High,1
ID43327,0.6217,1,Claim,High,0
ID00067,0.6217,1,Claim,High,0
ID21142,0.6217,1,Claim,High,0
ID16603,0.6217,1,Claim,High,0
ID27892,0.6217,1,Claim,High,0
ID45162,0.6217,1,Claim,High,0
ID40988,0.6217,1,Claim,High,0
ID26299,0.6217,1,Claim,High,0
ID05976,0.6217,1,Claim,High,0
ID46015,0.6217,1,Claim,High,1
ID16623,0.6217,1,Claim,High,1
ID52772,0.6217,1,Claim,High,0
ID10462,0.6217,1,Claim,High,1
ID47931,0.6217,1,Claim,High,0
ID46373,0.6217,1,Claim,High,0
ID52455,0.6217,1,Claim,High,0
ID54266,0.6217,1,Claim,High,0
ID16098,0.6217,1,Claim,High,0
ID30161,0.6217,1,Claim,High,0
ID12348,0.6217,1,Claim,High,0
ID41528,0.6217,1,Claim,High,1
ID31537,0.6217,1,Claim,High,0
ID35040,0.6217,1,Claim,High,0
ID08581,0.6217,1,Claim,High,0
ID04636,0.6217,1,Claim,High,0
ID22503,0.6217,1,Claim,High,0
ID27918,0.6217,1,Claim,High,0
ID45435,0.6217,1,Claim,High,0
ID55105,0.6217,1,Claim,High,0
ID27950,0.6217,1,Claim,High,0
ID32841,0.6217,1,Claim,High,0
ID21256,0.6217,1,Claim,High,0
ID20808,0.6217,1,Claim,High,0
ID05399,0.6217,1,Claim,High,0
ID46648,0.6217,1,Claim,High,1
ID28815,0.6217,1,Claim,High,0
ID41778,0.6217,1,Claim,High,0
ID28018,0.6217,1,Claim,High,0
ID05474,0.6217,1,Claim,High,0
ID28005,0.6217,1,Claim,High,0
ID32229,0.6217,1,Claim,High,0
ID38866,0.6217,1,Claim,High,0
ID31520,0.6217,1,Claim,High,0
ID17207,0.6217,1,Claim,High,0
ID24316,0.6217,1,Claim,High,0
ID03125,0.6217,1,Claim,High,0
ID57061,0.6217,1,Claim,High,0
ID20605,0.6217,1,Claim,High,0
ID46185,0.6217,1,Claim,High,0
ID51463,0.6217,1,Claim,High,0
ID38942,0.6217,1,Claim,High,1
ID25276,0.6217,1,Claim,High,0
ID32656,0.6217,1,Claim,High,0
ID25238,0.6217,1,Claim,High,0
ID24490,0.6217,1,Claim,High,0
ID05825,0.6217,1,Claim,High,0
ID29854,0.6217,1,Claim,High,0
ID56689,0.6217,1,Claim,High,0
ID31234,0.6217,1,Claim,High,0
ID58183,0.6217,1,Claim,High,0
ID04873,0.6217,1,Claim,High,0
ID34068,0.6217,1,Claim,High,0
ID54542,0.6217,1,Claim,High,0
ID50436,0.6217,1,Claim,High,0
ID08565,0.6217,1,Claim,High,0
ID11363,0.6217,1,Claim,High,0
ID13121,0.6217,1,Claim,High,0
ID10528,0.6217,1,Claim,High,0
ID01401,0.6217,1,Claim,High,0
ID29232,0.6217,1,Claim,High,0
ID53374,0.6217,1,Claim,High,0
ID15563,0.6217,1,Claim,High,0
ID52059,0.6217,1,Claim,High,0
ID22637,0.6217,1,Claim,High,0
ID12361,0.6217,1,Claim,High,0
ID31316,0.6217,1,Claim,High,0
ID41317,0.6217,1,Claim,High,0
ID26155,0.6217,1,Claim,High,0
ID37712,0.6217,1,Claim,High,0
ID34821,0.6217,1,Claim,High,0
ID10414,0.6217,1,Claim,High,0
ID00335,0.6217,1,Claim,High,1
ID22703,0.6217,1,Claim,High,1
ID37851,0.6217,1,Claim,High,0
ID13645,0.6217,1,Claim,High,0
ID20486,0.6217,1,Claim,High,0
ID19093,0.6217,1,Claim,High,0
ID44757,0.6217,1,Claim,High,0
ID25144,0.6217,1,Claim,High,0
ID31450,0.6217,1,Claim,High,0
ID52786,0.6217,1,Claim,High,0
ID33963,0.6217,1,Claim,High,0
ID21553,0.6217,1,Claim,High,0
ID21947,0.6217,1,Claim,High,1
ID30284,0.6217,1,Claim,High,0
ID29420,0.6217,1,Claim,High,0
ID09044,0.6217,1,Claim,High,0
ID03492,0.6217,1,Claim,High,0
ID54053,0.6217,1,Claim,High,0
ID06215,0.6217,1,Claim,High,0
ID05988,0.6217,1,Claim,High,0
ID22009,0.6217,1,Claim,High,0
ID37258,0.6217,1,Claim,High,0
ID07769,0.6217,1,Claim,High,0
ID55325,0.6217,1,Claim,High,0
ID11697,0.6217,1,Claim,High,0
ID48189,0.6217,1,Claim,High,0
ID46425,0.6217,1,Claim,High,0
ID18552,0.6217,1,Claim,High,0
ID28151,0.6217,1,Claim,High,0
ID15360,0.6217,1,Claim,High,0
ID32924,0.6217,1,Claim,High,0
ID45967,0.6217,1,Claim,High,0
ID10378,0.6217,1,Claim,High,0
ID07244,0.6217,1,Claim,High,0
ID54683,0.6217,1,Claim,High,0
ID19418,0.6217,1,Claim,High,0
ID14785,0.6217,1,Claim,High,0
ID38436,0.6217,1,Claim,High,1
ID29620,0.6217,1,Claim,High,0
ID14531,0.6217,1,Claim,High,1
ID53905,0.6217,1,Claim,High,1
ID19197,0.6217,1,Claim,High,0
ID18221,0.6217,1,Claim,High,0
ID54559,0.6217,1,Claim,High,0
ID00206,0.6217,1,Claim,High,0
ID25767,0.6217,1,Claim,High,0
ID54833,0.6217,1,Claim,High,0
ID39179,0.6217,1,Claim,High,0
ID15426,0.6217,1,Claim,High,0
ID16927,0.6217,1,Claim,High,0
ID32697,0.6217,1,Claim,High,0
ID29072,0.6217,1,Claim,High,0
ID49300,0.6217,1,Claim,High,0
ID47658,0.6217,1,Claim,High,0
ID49517,0.6217,1,Claim,High,1
ID45520,0.6217,1,Claim,High,0
ID11544,0.6217,1,Claim,High,0
ID12468,0.6217,1,Claim,High,0
ID08902,0.6217,1,Claim,High,0
ID05422,0.6217,1,Claim,High,0
ID40459,0.6217,1,Claim,High,0
ID01357,0.6217,1,Claim,High,0
ID51054,0.6217,1,Claim,High,0
ID49617,0.6217,1,Claim,High,0
ID42525,0.6217,1,Claim,High,0
ID23870,0.6217,1,Claim,High,0
ID25807,0.6217,1,Claim,High,0
ID08269,0.6217,1,Claim,High,0
ID02551,0.6217,1,Claim,High,1
ID01430,0.6217,1,Claim,High,0
ID23981,0.6217,1,Claim,High,0
ID37977,0.6217,1,Claim,High,0
ID11869,0.6217,1,Claim,High,0
ID41952,0.6217,1,Claim,High,0
ID51005,0.6217,1,Claim,High,0
ID41550,0.6217,1,Claim,High,0
ID41691,0.6217,1,Claim,High,0
ID51702,0.6217,1,Claim,High,0
ID12048,0.6217,1,Claim,High,0
ID26674,0.6217,1,Claim,High,0
ID02488,0.6217,1,Claim,High,0
ID08842,0.6217,1,Claim,High,0
ID37933,0.6217,1,Claim,High,0
ID39356,0.6217,1,Claim,High,0
ID57929,0.6217,1,Claim,High,0
ID24013,0.6217,1,Claim,High,0
ID50509,0.6217,1,Claim,High,0
ID38931,0.6217,1,Claim,High,0
ID58260,0.6217,1,Claim,High,0
ID41776,0.6217,1,Claim,High,0
ID44656,0.6217,1,Claim,High,0
ID15653,0.6217,1,Claim,High,1
ID18154,0.6217,1,Claim,High,0
ID15078,0.6217,1,Claim,High,0
ID53731,0.6217,1,Claim,High,0
ID44024,0.6217,1,Claim,High,0
ID03573,0.6217,1,Claim,High,0
ID26073,0.6217,1,Claim,High,0
ID55149,0.6217,1,Claim,High,0
ID43532,0.6217,1,Claim,High,0
ID51202,0.6217,1,Claim,High,0
ID50271,0.6217,1,Claim,High,0
ID53434,0.6217,1,Claim,High,0
ID42904,0.6217,1,Claim,High,0
ID19965,0.6217,1,Claim,High,1
ID47476,0.6217,1,Claim,High,0
ID04807,0.6217,1,Claim,High,0
ID36510,0.6217,1,Claim,High,0
ID17898,0.6217,1,Claim,High,0
ID20499,0.6217,1,Claim,High,0
ID29206,0.6217,1,Claim,High,0
ID11821,0.6217,1,Claim,High,0
ID09331,0.6217,1,Claim,High,0
ID35233,0.6217,1,Claim,High,1
ID39784,0.6217,1,Claim,High,0
ID23474,0.6217,1,Claim,High,0
ID03081,0.6217,1,Claim,High,0
ID36623,0.6217,1,Claim,High,0
ID22796,0.6217,1,Claim,High,0
ID11569,0.6217,1,Claim,High,0
ID35488,0.6217,1,Claim,High,0
ID02230,0.6217,1,Claim,High,0
ID32765,0.6217,1,Claim,High,0
ID37947,0.6217,1,Claim,High,0
ID12529,0.6217,1,Claim,High,0
ID05272,0.6217,1,Claim,High,0
ID06468,0.6217,1,Claim,High,0
ID24775,0.6217,1,Claim,High,0
ID14861,0.6217,1,Claim,High,0
ID02005,0.6217,1,Claim,High,0
ID20093,0.6217,1,Claim,High,0
ID27512,0.6217,1,Claim,High,0
ID03927,0.6217,1,Claim,High,1
ID14526,0.6217,1,Claim,High,0
ID35178,0.6217,1,Claim,High,0
ID01955,0.6217,1,Claim,High,1
ID24373,0.6217,1,Claim,High,0
ID14987,0.6217,1,Claim,High,0
ID54620,0.6217,1,Claim,High,0
ID21355,0.6217,1,Claim,High,0
ID08781,0.6217,1,Claim,High,0
ID43409,0.6217,1,Claim,High,0
ID50730,0.6217,1,Claim,High,0
ID06834,0.6217,1,Claim,High,0
ID03986,0.6217,1,Claim,High,0
ID02514,0.6217,1,Claim,High,0
ID29805,0.6217,1,Claim,High,0
ID46702,0.6217,1,Claim,High,0
ID35904,0.6217,1,Claim,High,1
ID52111,0.6217,1,Claim,High,0
ID43959,0.6217,1,Claim,High,0
ID45816,0.6217,1,Claim,High,0
ID35621,0.6217,1,Claim,High,0
ID48539,0.6217,1,Claim,High,0
ID04029,0.6217,1,Claim,High,0
ID52991,0.6217,1,Claim,High,0
ID00933,0.6217,1,Claim,High,0
ID30835,0.6217,1,Claim,High,0
ID51514,0.6217,1,Claim,High,0
ID47710,0.6217,1,Claim,High,0
ID19141,0.6217,1,Claim,High,0
ID02712,0.6217,1,Claim,High,0
ID25602,0.6217,1,Claim,High,0
ID26215,0.6217,1,Claim,High,0
ID34563,0.6217,1,Claim,High,0
ID22508,0.6217,1,Claim,High,0
ID56057,0.6217,1,Claim,High,0
ID12150,0.6217,1,Claim,High,0
ID33121,0.6217,1,Claim,High,0
ID26397,0.6217,1,Claim,High,1
ID43449,0.6217,1,Claim,High,1
ID17614,0.6217,1,Claim,High,0
ID29307,0.6217,1,Claim,High,0
ID14590,0.6217,1,Claim,High,0
ID16498,0.6217,1,Claim,High,0
ID19935,0.6217,1,Claim,High,1
ID28255,0.6217,1,Claim,High,1
ID13900,0.6217,1,Claim,High,0
ID53903,0.6217,1,Claim,High,0
ID57055,0.6217,1,Claim,High,0
ID54133,0.6217,1,Claim,High,0
ID47460,0.6217,1,Claim,High,0
ID45843,0.6217,1,Claim,High,0
ID44567,0.6217,1,Claim,High,0
ID13533,0.6217,1,Claim,High,0
ID08590,0.6217,1,Claim,High,0
ID25826,0.6217,1,Claim,High,0
ID31784,0.6217,1,Claim,High,0
ID32190,0.6217,1,Claim,High,0
ID40719,0.6217,1,Claim,High,0
ID24501,0.6217,1,Claim,High,0
ID42905,0.6217,1,Claim,High,0
ID01298,0.6217,1,Claim,High,1
ID13240,0.6217,1,Claim,High,0
ID04056,0.6217,1,Claim,High,1
ID21463,0.6217,1,Claim,High,0
ID05036,0.6217,1,Claim,High,0
ID00492,0.6217,1,Claim,High,0
ID04526,0.6217,1,Claim,High,1
ID57078,0.6217,1,Claim,High,0
ID24915,0.6217,1,Claim,High,0
ID40130,0.6217,1,Claim,High,1
ID13536,0.6217,1,Claim,High,0
ID05121,0.6217,1,Claim,High,0
ID32543,0.6217,1,Claim,High,0
ID04270,0.6217,1,Claim,High,0
ID27102,0.6217,1,Claim,High,0
ID52137,0.6217,1,Claim,High,0
ID54087,0.6217,1,Claim,High,0
ID00148,0.6217,1,Claim,High,0
ID20492,0.6217,1,Claim,High,0
ID38540,0.6217,1,Claim,High,0
ID40340,0.6217,1,Claim,High,0
ID08999,0.6217,1,Claim,High,1
ID41645,0.6217,1,Claim,High,0
ID21362,0.6217,1,Claim,High,0
ID20160,0.6217,1,Claim,High,0
ID20913,0.6217,1,Claim,High,0
ID03036,0.6217,1,Claim,High,0
ID50943,0.6217,1,Claim,High,1
ID41162,0.6217,1,Claim,High,0
ID13670,0.6217,1,Claim,High,0
ID14774,0.6217,1,Claim,High,0
ID27088,0.6217,1,Claim,High,0
ID19026,0.6217,1,Claim,High,0
ID17280,0.6217,1,Claim,High,0
ID05736,0.6217,1,Claim,High,0
ID10879,0.6217,1,Claim,High,0
ID41064,0.6217,1,Claim,High,0
ID44526,0.6217,1,Claim,High,0
ID47354,0.6217,1,Claim,High,1
ID57376,0.6217,1,Claim,High,0
ID41047,0.6217,1,Claim,High,0
ID42486,0.6217,1,Claim,High,0
ID16639,0.6217,1,Claim,High,1
ID22435,0.6217,1,Claim,High,0
ID41518,0.6217,1,Claim,High,1
ID47676,0.6217,1,Claim,High,0
ID16432,0.6217,1,Claim,High,0
ID27484,0.6217,1,Claim,High,0
ID21784,0.6217,1,Claim,High,0
ID29657,0.6217,1,Claim,High,0
ID11283,0.6217,1,Claim,High,0
ID37146,0.6217,1,Claim,High,0
ID44870,0.6217,1,Claim,High,0
ID05453,0.6217,1,Claim,High,0
ID45799,0.6217,1,Claim,High,0
ID12374,0.6217,1,Claim,High,0
ID37637,0.6217,1,Claim,High,0
ID00769,0.6217,1,Claim,High,0
ID29617,0.6217,1,Claim,High,0
ID53161,0.6217,1,Claim,High,0
ID44187,0.6217,1,Claim,High,0
ID07869,0.6217,1,Claim,High,0
ID00166,0.6217,1,Claim,High,0
ID33660,0.6217,1,Claim,High,0
ID16094,0.6217,1,Claim,High,0
ID08398,0.6217,1,Claim,High,0
ID02518,0.6217,1,Claim,High,0
ID04545,0.6217,1,Claim,High,0
ID25460,0.6217,1,Claim,High,0
ID51737,0.6217,1,Claim,High,0
ID09429,0.6217,1,Claim,High,0
ID07063,0.6217,1,Claim,High,1
ID13361,0.6217,1,Claim,High,0
ID36102,0.6217,1,Claim,High,0
ID19882,0.6217,1,Claim,High,0
ID56411,0.6217,1,Claim,High,0
ID16185,0.6217,1,Claim,High,0
ID15252,0.6217,1,Claim,High,0
ID04081,0.6217,1,Claim,High,0
ID13914,0.6217,1,Claim,High,0
ID18404,0.6217,1,Claim,High,0
ID42635,0.6217,1,Claim,High,0
ID27741,0.6217,1,Claim,High,0
ID01079,0.6217,1,Claim,High,0
ID02129,0.6217,1,Claim,High,0
ID26533,0.6217,1,Claim,High,0
ID19413,0.6217,1,Claim,High,0
ID31275,0.6217,1,Claim,High,0
ID17401,0.6217,1,Claim,High,0
ID11014,0.6217,1,Claim,High,0
ID16953,0.6217,1,Claim,High,1
ID25692,0.6217,1,Claim,High,0
ID39139,0.6217,1,Claim,High,0
ID50263,0.6217,1,Claim,High,0
ID40238,0.6217,1,Claim,High,0
ID51650,0.6217,1,Claim,High,0
ID36838,0.6217,1,Claim,High,0
ID21998,0.6217,1,Claim,High,0
ID37647,0.6217,1,Claim,High,0
ID18557,0.6217,1,Claim,High,0
ID10195,0.6217,1,Claim,High,0
ID05943,0.6217,1,Claim,High,0
ID56832,0.6217,1,Claim,High,0
ID06630,0.6217,1,Claim,High,0
ID09568,0.6217,1,Claim,High,0
ID27363,0.6217,1,Claim,High,0
ID30949,0.6217,1,Claim,High,0
ID26745,0.6217,1,Claim,High,0
ID40796,0.6217,1,Claim,High,0
ID54367,0.6217,1,Claim,High,0
ID45315,0.6217,1,Claim,High,0
ID53252,0.6217,1,Claim,High,0
ID44434,0.6217,1,Claim,High,1
ID40072,0.6217,1,Claim,High,0
ID40487,0.6217,1,Claim,High,0
ID15150,0.6217,1,Claim,High,0
ID36686,0.6217,1,Claim,High,0
ID18019,0.6217,1,Claim,High,0
ID14809,0.6217,1,Claim,High,0
ID32861,0.6217,1,Claim,High,0
ID09279,0.6217,1,Claim,High,0
ID56141,0.6217,1,Claim,High,0
ID34393,0.6217,1,Claim,High,0
ID02726,0.6217,1,Claim,High,1
ID09365,0.6217,1,Claim,High,0
ID22911,0.6217,1,Claim,High,0
ID33170,0.6217,1,Claim,High,0
ID32595,0.6217,1,Claim,High,0
ID32590,0.6217,1,Claim,High,0
ID13790,0.6217,1,Claim,High,0
ID52444,0.6217,1,Claim,High,0
ID35391,0.6217,1,Claim,High,0
ID53745,0.6217,1,Claim,High,0
ID36763,0.6217,1,Claim,High,0
ID26653,0.6217,1,Claim,High,0
ID51651,0.6217,1,Claim,High,0
ID58410,0.6217,1,Claim,High,0
ID16878,0.6217,1,Claim,High,0
ID51605,0.6217,1,Claim,High,0
ID56479,0.6217,1,Claim,High,0
ID26929,0.6217,1,Claim,High,0
ID02632,0.6217,1,Claim,High,0
ID27567,0.6217,1,Claim,High,0
ID26018,0.6217,1,Claim,High,0
ID07402,0.6217,1,Claim,High,0
ID19293,0.6217,1,Claim,High,0
ID47539,0.6217,1,Claim,High,0
ID37907,0.6217,1,Claim,High,0
ID22025,0.6217,1,Claim,High,0
ID57556,0.6217,1,Claim,High,0
ID48915,0.6217,1,Claim,High,0
ID03450,0.6217,1,Claim,High,0
ID49084,0.6217,1,Claim,High,0
ID12137,0.6217,1,Claim,High,0
ID57268,0.6217,1,Claim,High,0
ID57028,0.6217,1,Claim,High,0
ID36272,0.6217,1,Claim,High,0
ID04011,0.6217,1,Claim,High,0
ID56165,0.6217,1,Claim,High,0
ID38500,0.6217,1,Claim,High,0
ID19358,0.6217,1,Claim,High,1
ID04261,0.6217,1,Claim,High,0
ID14527,0.6217,1,Claim,High,0
ID24892,0.6217,1,Claim,High,0
ID05927,0.6217,1,Claim,High,0
ID33621,0.6217,1,Claim,High,0
ID03019,0.6217,1,Claim,High,1
ID28574,0.6217,1,Claim,High,0
ID40892,0.6217,1,Claim,High,0
ID23460,0.6217,1,Claim,High,0
ID40275,0.6217,1,Claim,High,0
ID22735,0.6217,1,Claim,High,0
ID06727,0.6217,1,Claim,High,1
ID28946,0.6217,1,Claim,High,0
ID25355,0.6217,1,Claim,High,0
ID04614,0.6217,1,Claim,High,0
ID54863,0.6217,1,Claim,High,1
ID26052,0.6217,1,Claim,High,0
ID05904,0.6217,1,Claim,High,0
ID38302,0.6217,1,Claim,High,0
ID36421,0.6217,1,Claim,High,0
ID17727,0.6217,1,Claim,High,0
ID20918,0.6217,1,Claim,High,0
ID12883,0.6217,1,Claim,High,0
ID09112,0.6217,1,Claim,High,0
ID02530,0.6217,1,Claim,High,1
ID30209,0.6217,1,Claim,High,0
ID43055,0.6217,1,Claim,High,0
ID01794,0.6217,1,Claim,High,0
ID01844,0.6217,1,Claim,High,0
ID42297,0.6217,1,Claim,High,0
ID52311,0.6217,1,Claim,High,1
ID28704,0.6217,1,Claim,High,0
ID47711,0.6217,1,Claim,High,1
ID39694,0.6217,1,Claim,High,0
ID18253,0.6217,1,Claim,High,0
ID38976,0.6217,1,Claim,High,0
ID28810,0.6217,1,Claim,High,0
ID35079,0.6217,1,Claim,High,0
ID41875,0.6217,1,Claim,High,0
ID12340,0.6217,1,Claim,High,0
ID44158,0.6217,1,Claim,High,1
ID30344,0.6217,1,Claim,High,0
ID22027,0.6217,1,Claim,High,0
ID25495,0.6217,1,Claim,High,0
ID05968,0.6217,1,Claim,High,0
ID21349,0.6217,1,Claim,High,0
ID41908,0.6217,1,Claim,High,1
ID24031,0.6217,1,Claim,High,0
ID31048,0.6217,1,Claim,High,0
ID47642,0.6217,1,Claim,High,0
ID41960,0.6217,1,Claim,High,0
ID04958,0.6217,1,Claim,High,0
ID33517,0.6217,1,Claim,High,0
ID25682,0.6217,1,Claim,High,1
ID53038,0.6217,1,Claim,High,0
ID40750,0.6217,1,Claim,High,0
ID49292,0.6217,1,Claim,High,0
ID34067,0.6217,1,Claim,High,0
ID47089,0.6217,1,Claim,High,0
ID39021,0.6217,1,Claim,High,0
ID36313,0.6217,1,Claim,High,0
ID54048,0.6217,1,Claim,High,0
ID40757,0.6217,1,Claim,High,0
ID24617,0.6217,1,Claim,High,0
ID15257,0.6217,1,Claim,High,0
ID06972,0.6217,1,Claim,High,0
ID49913,0.6217,1,Claim,High,0
ID21117,0.6217,1,Claim,High,0
ID07093,0.6217,1,Claim,High,0
ID57790,0.6217,1,Claim,High,0
ID22683,0.6217,1,Claim,High,0
ID02242,0.6217,1,Claim,High,0
ID15544,0.6217,1,Claim,High,0
ID14366,0.6217,1,Claim,High,0
ID42251,0.6217,1,Claim,High,0
ID06175,0.6217,1,Claim,High,0
ID45193,0.6217,1,Claim,High,0
ID31928,0.6217,1,Claim,High,0
ID02930,0.6217,1,Claim,High,0
ID23298,0.6217,1,Claim,High,0
ID17017,0.6217,1,Claim,High,0
ID57382,0.6217,1,Claim,High,0
ID56558,0.6217,1,Claim,High,0
ID03462,0.6217,1,Claim,High,0
ID11229,0.6217,1,Claim,High,1
ID04298,0.6217,1,Claim,High,0
ID40181,0.6217,1,Claim,High,0
ID57411,0.6217,1,Claim,High,0
ID40513,0.6217,1,Claim,High,0
ID28668,0.6217,1,Claim,High,0
ID41598,0.6217,1,Claim,High,0
ID37278,0.6217,1,Claim,High,0
ID25925,0.6217,1,Claim,High,0
ID27940,0.6217,1,Claim,High,0
ID53660,0.6217,1,Claim,High,0
ID34614,0.6217,1,Claim,High,0
ID33568,0.6217,1,Claim,High,0
ID10072,0.6217,1,Claim,High,0
ID28579,0.6217,1,Claim,High,0
ID44972,0.6217,1,Claim,High,0
ID57902,0.6217,1,Claim,High,0
ID13217,0.6217,1,Claim,High,0
ID32100,0.6217,1,Claim,High,0
ID56666,0.6217,1,Claim,High,0
ID37680,0.6217,1,Claim,High,1
ID42670,0.6217,1,Claim,High,0
ID10995,0.6217,1,Claim,High,0
ID24807,0.6217,1,Claim,High,0
ID31574,0.6217,1,Claim,High,0
ID06119,0.6217,1,Claim,High,0
ID55455,0.6217,1,Claim,High,0
ID24587,0.6217,1,Claim,High,0
ID05160,0.6217,1,Claim,High,0
ID58590,0.6217,1,Claim,High,0
ID06435,0.6217,1,Claim,High,0
ID01152,0.6217,1,Claim,High,0
ID27321,0.6217,1,Claim,High,0
ID24703,0.6217,1,Claim,High,1
ID23449,0.6217,1,Claim,High,0
ID27123,0.6217,1,Claim,High,0
ID45928,0.6217,1,Claim,High,0
ID23313,0.6217,1,Claim,High,0
ID08738,0.6217,1,Claim,High,0
ID42024,0.6217,1,Claim,High,0
ID03344,0.6217,1,Claim,High,0
ID53697,0.6217,1,Claim,High,0
ID38785,0.6217,1,Claim,High,0
ID25342,0.6217,1,Claim,High,0
ID47064,0.6217,1,Claim,High,0
ID38811,0.6217,1,Claim,High,0
ID24314,0.6217,1,Claim,High,0
ID14634,0.6217,1,Claim,High,0
ID14272,0.6217,1,Claim,High,1
ID30330,0.6217,1,Claim,High,0
ID27021,0.6217,1,Claim,High,0
ID19262,0.6217,1,Claim,High,1
ID35994,0.6217,1,Claim,High,0
ID10122,0.6217,1,Claim,High,1
ID50885,0.6217,1,Claim,High,0
ID06153,0.6217,1,Claim,High,0
ID22252,0.6217,1,Claim,High,0
ID46202,0.6217,1,Claim,High,0
ID43222,0.6217,1,Claim,High,1
ID45994,0.6217,1,Claim,High,0
ID03914,0.6217,1,Claim,High,0
ID12975,0.6217,1,Claim,High,0
ID51134,0.6217,1,Claim,High,0
ID56535,0.6217,1,Claim,High,0
ID32138,0.6217,1,Claim,High,1
ID54488,0.6217,1,Claim,High,0
ID46655,0.6217,1,Claim,High,1
ID42050,0.6217,1,Claim,High,0
ID18235,0.6217,1,Claim,High,0
ID48492,0.6217,1,Claim,High,0
ID08419,0.6217,1,Claim,High,1
ID52068,0.6217,1,Claim,High,1
ID57874,0.6217,1,Claim,High,0
ID21161,0.6217,1,Claim,High,0
ID30643,0.6217,1,Claim,High,0
ID44067,0.6217,1,Claim,High,0
ID49266,0.6217,1,Claim,High,0
ID31059,0.6217,1,Claim,High,0
ID03482,0.6217,1,Claim,High,0
ID21489,0.6217,1,Claim,High,0
ID05965,0.6217,1,Claim,High,0
ID21777,0.6217,1,Claim,High,0
ID02442,0.6217,1,Claim,High,0
ID48075,0.6217,1,Claim,High,1
ID24933,0.6217,1,Claim,High,0
ID18727,0.6217,1,Claim,High,0
ID46694,0.6217,1,Claim,High,1
ID44850,0.6217,1,Claim,High,0
ID16858,0.6217,1,Claim,High,0
ID11550,0.6217,1,Claim,High,0
ID28159,0.6217,1,Claim,High,0
ID53841,0.6217,1,Claim,High,0
ID10362,0.6217,1,Claim,High,0
ID15210,0.6217,1,Claim,High,0
ID08895,0.6217,1,Claim,High,0
ID00949,0.6217,1,Claim,High,0
ID12753,0.6217,1,Claim,High,0
ID12793,0.6217,1,Claim,High,0
ID23575,0.6217,1,Claim,High,0
ID34431,0.6217,1,Claim,High,0
ID00520,0.6217,1,Claim,High,0
ID42864,0.6217,1,Claim,High,0
ID42342,0.6217,1,Claim,High,0
ID19488,0.6217,1,Claim,High,0
ID07325,0.6217,1,Claim,High,0
ID26625,0.6217,1,Claim,High,0
ID25644,0.6217,1,Claim,High,0
ID15070,0.6217,1,Claim,High,0
ID02757,0.6217,1,Claim,High,0
ID05540,0.6217,1,Claim,High,0
ID11108,0.6217,1,Claim,High,0
ID50481,0.6217,1,Claim,High,0
ID08508,0.6217,1,Claim,High,1
ID14582,0.6217,1,Claim,High,1
ID28219,0.6217,1,Claim,High,0
ID21402,0.6217,1,Claim,High,0
ID01116,0.6217,1,Claim,High,0
ID40992,0.6217,1,Claim,High,0
ID45567,0.6217,1,Claim,High,0
ID45842,0.6217,1,Claim,High,0
ID09913,0.6217,1,Claim,High,0
ID48873,0.6217,1,Claim,High,0
ID06997,0.6217,1,Claim,High,0
ID57725,0.6217,1,Claim,High,0
ID16978,0.6217,1,Claim,High,0
ID51945,0.6217,1,Claim,High,0
ID27276,0.6217,1,Claim,High,0
ID38303,0.6217,1,Claim,High,0
ID16251,0.6217,1,Claim,High,0
ID41004,0.6217,1,Claim,High,1
ID44733,0.6217,1,Claim,High,0
ID05624,0.6217,1,Claim,High,0
ID25442,0.6217,1,Claim,High,0
ID25290,0.6217,1,Claim,High,0
ID33794,0.6217,1,Claim,High,1
ID53257,0.6217,1,Claim,High,0
ID37153,0.6217,1,Claim,High,0
ID08641,0.6217,1,Claim,High,0
ID18863,0.6217,1,Claim,High,0
ID43560,0.6217,1,Claim,High,0
ID44813,0.6217,1,Claim,High,0
ID41792,0.6217,1,Claim,High,0
ID25398,0.6217,1,Claim,High,0
ID56129,0.6217,1,Claim,High,0
ID05494,0.6217,1,Claim,High,0
ID21528,0.6217,1,Claim,High,0
ID09729,0.6217,1,Claim,High,0
ID35343,0.6217,1,Claim,High,0
ID33253,0.6217,1,Claim,High,0
ID05564,0.6217,1,Claim,High,0
ID31199,0.6217,1,Claim,High,0
ID54383,0.6217,1,Claim,High,0
ID39818,0.6217,1,Claim,High,0
ID22066,0.6217,1,Claim,High,0
ID51265,0.6217,1,Claim,High,0
ID40189,0.6217,1,Claim,High,0
ID33075,0.6217,1,Claim,High,0
ID08220,0.6217,1,Claim,High,0
ID53323,0.6217,1,Claim,High,0
ID28143,0.6217,1,Claim,High,0
ID48025,0.6217,1,Claim,High,0
ID24413,0.6217,1,Claim,High,0
ID24351,0.6217,1,Claim,High,0
ID31902,0.6217,1,Claim,High,1
ID08525,0.6217,1,Claim,High,0
ID11485,0.6217,1,Claim,High,0
ID28860,0.6217,1,Claim,High,0
ID44851,0.6217,1,Claim,High,0
ID42250,0.6217,1,Claim,High,0
ID49940,0.6217,1,Claim,High,0
ID05090,0.6217,1,Claim,High,0
ID05599,0.6217,1,Claim,High,0
ID30886,0.6217,1,Claim,High,0
ID23053,0.6217,1,Claim,High,0
ID54472,0.6217,1,Claim,High,0
ID40076,0.6217,1,Claim,High,0
ID37807,0.6217,1,Claim,High,0
ID43428,0.6217,1,Claim,High,0
ID23384,0.6217,1,Claim,High,0
ID36154,0.6217,1,Claim,High,0
ID41482,0.6217,1,Claim,High,0
ID38429,0.6217,1,Claim,High,0
ID37708,0.6217,1,Claim,High,0
ID02243,0.6217,1,Claim,High,0
ID20443,0.6217,1,Claim,High,0
ID18897,0.6217,1,Claim,High,0
ID05179,0.6217,1,Claim,High,0
ID46510,0.6217,1,Claim,High,0
ID52121,0.6217,1,Claim,High,0
ID13559,0.6217,1,Claim,High,0
ID00783,0.6217,1,Claim,High,0
ID30305,0.6217,1,Claim,High,0
ID05426,0.6217,1,Claim,High,0
ID13188,0.6217,1,Claim,High,0
ID30001,0.6217,1,Claim,High,0
ID37758,0.6217,1,Claim,High,0
ID51792,0.6217,1,Claim,High,0
ID57776,0.6217,1,Claim,High,0
ID40052,0.6217,1,Claim,High,0
ID43129,0.6217,1,Claim,High,0
ID37894,0.6217,1,Claim,High,0
ID25702,0.6217,1,Claim,High,0
ID03302,0.6217,1,Claim,High,0
ID25900,0.6217,1,Claim,High,0
ID44906,0.6217,1,Claim,High,0
ID56006,0.6217,1,Claim,High,0
ID10239,0.6217,1,Claim,High,0
ID27910,0.6217,1,Claim,High,0
ID48071,0.6217,1,Claim,High,0
ID12343,0.6217,1,Claim,High,0
ID24199,0.6217,1,Claim,High,0
ID02630,0.6217,1,Claim,High,0
ID44965,0.6217,1,Claim,High,0
ID58207,0.6217,1,Claim,High,0
ID33887,0.6217,1,Claim,High,0
ID12475,0.6217,1,Claim,High,0
ID20996,0.6217,1,Claim,High,1
ID56923,0.6217,1,Claim,High,0
ID31426,0.6217,1,Claim,High,0
ID34523,0.6217,1,Claim,High,0
ID26046,0.6217,1,Claim,High,0
ID41199,0.6217,1,Claim,High,0
ID16548,0.6217,1,Claim,High,0
ID14476,0.6217,1,Claim,High,1
ID41219,0.6217,1,Claim,High,0
ID30778,0.6217,1,Claim,High,0
ID15400,0.6217,1,Claim,High,0
ID11148,0.6217,1,Claim,High,0
ID00909,0.6217,1,Claim,High,0
ID11854,0.6217,1,Claim,High,1
ID53425,0.6217,1,Claim,High,0
ID44076,0.6217,1,Claim,High,0
ID07004,0.6217,1,Claim,High,0
ID25669,0.6217,1,Claim,High,0
ID25328,0.6217,1,Claim,High,0
ID14158,0.6217,1,Claim,High,0
ID36876,0.6217,1,Claim,High,0
ID35269,0.6217,1,Claim,High,0
ID42238,0.6217,1,Claim,High,0
ID44115,0.6217,1,Claim,High,0
ID43894,0.6217,1,Claim,High,0
ID06425,0.6217,1,Claim,High,0
ID43374,0.6217,1,Claim,High,0
ID20017,0.6217,1,Claim,High,0
ID02594,0.6217,1,Claim,High,0
ID29884,0.6217,1,Claim,High,0
ID06612,0.6217,1,Claim,High,0
ID01812,0.6217,1,Claim,High,1
ID26084,0.6217,1,Claim,High,0
ID32807,0.6217,1,Claim,High,0
ID46727,0.6217,1,Claim,High,0
ID31317,0.6217,1,Claim,High,0
ID57048,0.6217,1,Claim,High,0
ID25510,0.6217,1,Claim,High,0
ID34296,0.6217,1,Claim,High,0
ID24163,0.6217,1,Claim,High,0
ID11995,0.6217,1,Claim,High,0
ID00897,0.6217,1,Claim,High,0
ID41088,0.6217,1,Claim,High,0
ID24577,0.6217,1,Claim,High,0
ID47885,0.6217,1,Claim,High,1
ID20595,0.6217,1,Claim,High,0
ID08519,0.6217,1,Claim,High,0
ID17087,0.6217,1,Claim,High,0
ID03539,0.6217,1,Claim,High,0
ID20723,0.6217,1,Claim,High,0
ID36315,0.6217,1,Claim,High,0
ID27445,0.6217,1,Claim,High,0
ID37594,0.6217,1,Claim,High,1
ID14270,0.6217,1,Claim,High,0
ID50352,0.6217,1,Claim,High,0
ID18186,0.6217,1,Claim,High,0
ID37265,0.6217,1,Claim,High,1
ID40806,0.6217,1,Claim,High,0
ID36003,0.6217,1,Claim,High,0
ID35751,0.6217,1,Claim,High,1
ID38476,0.6217,1,Claim,High,0
ID21076,0.6217,1,Claim,High,1
ID29599,0.6217,1,Claim,High,0
ID48687,0.6217,1,Claim,High,0
ID46344,0.6217,1,Claim,High,0
ID06302,0.6217,1,Claim,High,0
ID39948,0.6217,1,Claim,High,0
ID02787,0.6217,1,Claim,High,0
ID41978,0.6217,1,Claim,High,1
ID39450,0.6217,1,Claim,High,0
ID43632,0.6217,1,Claim,High,0
ID48077,0.6217,1,Claim,High,0
ID38662,0.6217,1,Claim,High,0
ID56477,0.6217,1,Claim,High,0
ID37876,0.6217,1,Claim,High,0
ID57563,0.6217,1,Claim,High,0
ID44099,0.6217,1,Claim,High,0
ID48254,0.6217,1,Claim,High,0
ID35754,0.6217,1,Claim,High,0
ID53515,0.6217,1,Claim,High,0
ID39243,0.6217,1,Claim,High,0
ID37022,0.6217,1,Claim,High,0
ID55987,0.6217,1,Claim,High,1
ID53241,0.6217,1,Claim,High,0
ID19968,0.6217,1,Claim,High,0
ID44725,0.6217,1,Claim,High,0
ID39003,0.6217,1,Claim,High,0
ID37194,0.6217,1,Claim,High,0
ID41039,0.6217,1,Claim,High,0
ID12174,0.6217,1,Claim,High,0
ID46102,0.6217,1,Claim,High,0
ID53412,0.6217,1,Claim,High,0
ID09606,0.6217,1,Claim,High,0
ID17856,0.6217,1,Claim,High,1
ID47174,0.6217,1,Claim,High,0
ID06270,0.6217,1,Claim,High,0
ID23111,0.6217,1,Claim,High,1
ID45450,0.6217,1,Claim,High,0
ID32186,0.6217,1,Claim,High,0
ID00416,0.6217,1,Claim,High,1
ID22489,0.6217,1,Claim,High,0
ID24308,0.6217,1,Claim,High,0
ID24339,0.6217,1,Claim,High,0
ID12008,0.6217,1,Claim,High,1
ID48010,0.6217,1,Claim,High,0
ID31582,0.6217,1,Claim,High,0
ID06090,0.6217,1,Claim,High,0
ID23037,0.6217,1,Claim,High,0
ID22157,0.6217,1,Claim,High,0
ID12128,0.6217,1,Claim,High,0
ID53377,0.6217,1,Claim,High,0
ID00211,0.6217,1,Claim,High,0
ID23097,0.6217,1,Claim,High,0
ID25972,0.6217,1,Claim,High,0
ID28686,0.6217,1,Claim,High,0
ID36999,0.6217,1,Claim,High,0
ID07414,0.6217,1,Claim,High,1
ID56960,0.6217,1,Claim,High,0
ID36043,0.6217,1,Claim,High,1
ID00654,0.6217,1,Claim,High,0
ID05831,0.6217,1,Claim,High,0
ID54137,0.6217,1,Claim,High,0
ID41728,0.6217,1,Claim,High,1
ID13259,0.6217,1,Claim,High,0
ID51063,0.6217,1,Claim,High,0
ID48580,0.6217,1,Claim,High,0
ID33319,0.6217,1,Claim,High,0
ID48481,0.6217,1,Claim,High,0
ID35116,0.6217,1,Claim,High,0
ID40608,0.6217,1,Claim,High,0
ID48869,0.6217,1,Claim,High,1
ID48676,0.6217,1,Claim,High,0
ID39519,0.6217,1,Claim,High,0
ID05052,0.6217,1,Claim,High,0
ID43140,0.6217,1,Claim,High,0
ID32151,0.6217,1,Claim,High,0
ID41130,0.6217,1,Claim,High,0
ID49643,0.6217,1,Claim,High,0
ID45047,0.6217,1,Claim,High,1
ID22219,0.6217,1,Claim,High,0
ID02577,0.6217,1,Claim,High,0
ID52132,0.6217,1,Claim,High,0
ID43647,0.6217,1,Claim,High,0
ID44470,0.6217,1,Claim,High,0
ID02995,0.6217,1,Claim,High,0
ID00986,0.6217,1,Claim,High,0
ID52360,0.6217,1,Claim,High,0
ID27026,0.6217,1,Claim,High,0
ID00142,0.6217,1,Claim,High,0
ID55512,0.6217,1,Claim,High,0
ID11868,0.6217,1,Claim,High,0
ID47859,0.6217,1,Claim,High,0
ID53682,0.6217,1,Claim,High,0
ID34829,0.6217,1,Claim,High,0
ID30639,0.6217,1,Claim,High,0
ID17545,0.6217,1,Claim,High,0
ID02380,0.6217,1,Claim,High,0
ID07972,0.6217,1,Claim,High,0
ID41680,0.6217,1,Claim,High,0
ID38233,0.6217,1,Claim,High,1
ID32388,0.6217,1,Claim,High,0
ID09738,0.6217,1,Claim,High,0
ID52364,0.6217,1,Claim,High,0
ID15273,0.6217,1,Claim,High,0
ID17682,0.6217,1,Claim,High,0
ID42622,0.6217,1,Claim,High,0
ID57510,0.6217,1,Claim,High,0
ID36305,0.6217,1,Claim,High,0
ID13920,0.6217,1,Claim,High,0
ID45188,0.6217,1,Claim,High,0
ID16726,0.6217,1,Claim,High,1
ID55861,0.6217,1,Claim,High,0
ID48210,0.6217,1,Claim,High,0
ID21831,0.6217,1,Claim,High,0
ID28723,0.6217,1,Claim,High,0
ID31785,0.6217,1,Claim,High,1
ID41813,0.6217,1,Claim,High,0
ID51726,0.6217,1,Claim,High,0
ID47606,0.6217,1,Claim,High,0
ID46753,0.6217,1,Claim,High,0
ID24461,0.6217,1,Claim,High,0
ID56452,0.6217,1,Claim,High,1
ID09620,0.6217,1,Claim,High,0
ID13541,0.6217,1,Claim,High,0
ID20446,0.6217,1,Claim,High,0
ID16355,0.6217,1,Claim,High,0
ID03335,0.6217,1,Claim,High,0
ID11861,0.6217,1,Claim,High,1
ID54001,0.6217,1,Claim,High,0
ID53574,0.6217,1,Claim,High,0
ID52835,0.6217,1,Claim,High,0
ID00510,0.6217,1,Claim,High,0
ID55901,0.6217,1,Claim,High,0
ID18627,0.6217,1,Claim,High,0
ID46538,0.6217,1,Claim,High,0
ID58091,0.6217,1,Claim,High,0
ID48467,0.6217,1,Claim,High,0
ID03895,0.6217,1,Claim,High,0
ID00575,0.6217,1,Claim,High,0
ID53542,0.6217,1,Claim,High,0
ID40267,0.6217,1,Claim,High,0
ID48617,0.6217,1,Claim,High,0
ID52514,0.6217,1,Claim,High,0
ID31247,0.6217,1,Claim,High,0
ID24089,0.6217,1,Claim,High,0
ID14499,0.6217,1,Claim,High,0
ID18636,0.6217,1,Claim,High,0
ID05186,0.6217,1,Claim,High,0
ID50557,0.6217,1,Claim,High,0
ID33885,0.6217,1,Claim,High,0
ID50409,0.6217,1,Claim,High,0
ID07459,0.6217,1,Claim,High,0
ID44623,0.6217,1,Claim,High,0
ID22403,0.6217,1,Claim,High,0
ID20950,0.6217,1,Claim,High,0
ID41319,0.6217,1,Claim,High,0
ID30241,0.6217,1,Claim,High,0
ID45413,0.6217,1,Claim,High,0
ID50729,0.6217,1,Claim,High,0
ID12070,0.6217,1,Claim,High,0
ID05973,0.6217,1,Claim,High,0
ID26566,0.6217,1,Claim,High,0
ID51156,0.6217,1,Claim,High,1
ID54741,0.6217,1,Claim,High,0
ID48918,0.6217,1,Claim,High,0
ID18792,0.6217,1,Claim,High,0
ID48281,0.6217,1,Claim,High,0
ID50176,0.6217,1,Claim,High,0
ID22855,0.6217,1,Claim,High,0
ID47898,0.6217,1,Claim,High,0
ID37242,0.6217,1,Claim,High,0
ID51774,0.6217,1,Claim,High,0
ID08695,0.6217,1,Claim,High,0
ID41156,0.6217,1,Claim,High,0
ID47166,0.6217,1,Claim,High,0
ID11121,0.6217,1,Claim,High,0
ID28245,0.6217,1,Claim,High,0
ID35204,0.6217,1,Claim,High,0
ID41620,0.6217,1,Claim,High,1
ID40439,0.6217,1,Claim,High,0
ID58524,0.6217,1,Claim,High,0
ID05208,0.6217,1,Claim,High,0
ID45888,0.6217,1,Claim,High,0
ID44176,0.6217,1,Claim,High,0
ID32541,0.6217,1,Claim,High,0
ID16705,0.6217,1,Claim,High,1
ID54177,0.6217,1,Claim,High,0
ID55769,0.6217,1,Claim,High,1
ID57647,0.6217,1,Claim,High,0
ID55723,0.6217,1,Claim,High,0
ID26707,0.6217,1,Claim,High,0
ID35776,0.6217,1,Claim,High,1
ID45870,0.6217,1,Claim,High,0
ID21825,0.6217,1,Claim,High,1
ID57160,0.6217,1,Claim,High,0
ID34425,0.6217,1,Claim,High,0
ID49605,0.6217,1,Claim,High,0
ID50851,0.6217,1,Claim,High,0
ID56080,0.6217,1,Claim,High,0
ID12668,0.6217,1,Claim,High,0
ID12075,0.6217,1,Claim,High,0
ID09918,0.6217,1,Claim,High,0
ID09776,0.6217,1,Claim,High,0
ID23231,0.6217,1,Claim,High,0
ID24134,0.6217,1,Claim,High,0
ID10302,0.6217,1,Claim,High,1
ID40626,0.6217,1,Claim,High,0
ID13624,0.6217,1,Claim,High,0
ID55124,0.6217,1,Claim,High,0
ID27034,0.6217,1,Claim,High,0
ID43661,0.6217,1,Claim,High,0
ID08924,0.6217,1,Claim,High,0
ID04118,0.6217,1,Claim,High,0
ID37937,0.6217,1,Claim,High,0
ID27179,0.6217,1,Claim,High,0
ID06420,0.6217,1,Claim,High,0
ID53721,0.6217,1,Claim,High,0
ID21909,0.6217,1,Claim,High,1
ID47615,0.6217,1,Claim,High,0
ID09060,0.6217,1,Claim,High,0
ID24694,0.6217,1,Claim,High,0
ID04286,0.6217,1,Claim,High,1
ID19865,0.6217,1,Claim,High,0
ID01336,0.6217,1,Claim,High,1
ID34711,0.6217,1,Claim,High,1
ID57430,0.6217,1,Claim,High,0
ID12804,0.6217,1,Claim,High,0
ID48357,0.6217,1,Claim,High,0
ID34189,0.6217,1,Claim,High,0
ID41701,0.6217,1,Claim,High,0
ID39500,0.6217,1,Claim,High,0
ID30591,0.6217,1,Claim,High,0
ID38023,0.6217,1,Claim,High,0
ID18091,0.6217,1,Claim,High,0
ID48091,0.6217,1,Claim,High,0
ID10828,0.6217,1,Claim,High,0
ID35657,0.6217,1,Claim,High,0
ID16614,0.6217,1,Claim,High,0
ID53158,0.6217,1,Claim,High,0
ID22662,0.6217,1,Claim,High,0
ID00747,0.6217,1,Claim,High,1
ID51230,0.6217,1,Claim,High,0
ID00220,0.6217,1,Claim,High,0
ID01073,0.6217,1,Claim,High,0
ID29675,0.6217,1,Claim,High,0
ID31985,0.6217,1,Claim,High,0
ID49792,0.6217,1,Claim,High,0
ID53190,0.6217,1,Claim,High,1
ID34187,0.6217,1,Claim,High,1
ID00604,0.6217,1,Claim,High,0
ID55872,0.6217,1,Claim,High,1
ID50103,0.6217,1,Claim,High,1
ID11593,0.6217,1,Claim,High,0
ID50293,0.6217,1,Claim,High,0
ID25677,0.6217,1,Claim,High,0
ID36604,0.6217,1,Claim,High,1
ID21007,0.6217,1,Claim,High,0
ID54288,0.6217,1,Claim,High,0
ID31919,0.6217,1,Claim,High,0
ID56619,0.6217,1,Claim,High,0
ID29252,0.6217,1,Claim,High,0
ID45143,0.6217,1,Claim,High,0
ID56143,0.6217,1,Claim,High,0
ID40378,0.6217,1,Claim,High,0
ID07799,0.6217,1,Claim,High,0
ID42323,0.6217,1,Claim,High,0
ID23326,0.6217,1,Claim,High,0
ID58024,0.6217,1,Claim,High,0
ID45829,0.6217,1,Claim,High,0
ID28028,0.6217,1,Claim,High,0
ID34971,0.6217,1,Claim,High,0
ID24958,0.6217,1,Claim,High,0
ID37409,0.6217,1,Claim,High,0
ID19850,0.6217,1,Claim,High,0
ID39935,0.6217,1,Claim,High,0
ID40388,0.6217,1,Claim,High,0
ID10170,0.6217,1,Claim,High,0
ID30534,0.6217,1,Claim,High,1
ID47638,0.6217,1,Claim,High,0
ID20195,0.6217,1,Claim,High,0
ID50504,0.6217,1,Claim,High,0
ID53676,0.6217,1,Claim,High,1
ID34633,0.6217,1,Claim,High,0
ID25138,0.6217,1,Claim,High,0
ID38408,0.6217,1,Claim,High,0
ID05424,0.6217,1,Claim,High,1
ID22267,0.6217,1,Claim,High,0
ID51325,0.6217,1,Claim,High,0
ID39895,0.6217,1,Claim,High,0
ID48410,0.6217,1,Claim,High,0
ID38459,0.6217,1,Claim,High,0
ID43288,0.6217,1,Claim,High,0
ID22353,0.6217,1,Claim,High,1
ID17594,0.6217,1,Claim,High,0
ID57321,0.6217,1,Claim,High,0
ID03750,0.6217,1,Claim,High,0
ID00778,0.6217,1,Claim,High,0
ID37236,0.6217,1,Claim,High,0
ID02750,0.6217,1,Claim,High,0
ID37615,0.6217,1,Claim,High,0
ID15817,0.6217,1,Claim,High,0
ID55476,0.6217,1,Claim,High,0
ID09398,0.6217,1,Claim,High,0
ID42158,0.6217,1,Claim,High,0
ID56377,0.6217,1,Claim,High,1
ID18578,0.6217,1,Claim,High,0
ID47513,0.6217,1,Claim,High,0
ID35019,0.6217,1,Claim,High,0
ID34644,0.6217,1,Claim,High,0
ID07578,0.6217,1,Claim,High,0
ID13463,0.6217,1,Claim,High,0
ID16444,0.6217,1,Claim,High,0
ID52899,0.6217,1,Claim,High,0
ID34115,0.6217,1,Claim,High,0
ID26173,0.6217,1,Claim,High,0
ID18841,0.6217,1,Claim,High,0
ID05986,0.6217,1,Claim,High,1
ID18458,0.6217,1,Claim,High,0
ID06666,0.6217,1,Claim,High,0
ID53822,0.6217,1,Claim,High,0
ID47352,0.6217,1,Claim,High,0
ID23525,0.6217,1,Claim,High,0
ID39941,0.6217,1,Claim,High,0
ID31993,0.6217,1,Claim,High,0
ID35086,0.6217,1,Claim,High,0
ID14731,0.6217,1,Claim,High,0
ID31640,0.6217,1,Claim,High,1
ID31248,0.6217,1,Claim,High,0
ID45691,0.6217,1,Claim,High,0
ID20298,0.6217,1,Claim,High,0
ID39916,0.6217,1,Claim,High,0
ID18539,0.6217,1,Claim,High,0
ID20266,0.6217,1,Claim,High,0
ID27802,0.6217,1,Claim,High,0
ID42705,0.6217,1,Claim,High,0
ID45165,0.6217,1,Claim,High,0
ID15262,0.6217,1,Claim,High,0
ID54391,0.6217,1,Claim,High,0
ID45333,0.6217,1,Claim,High,0
ID17126,0.6217,1,Claim,High,0
ID33821,0.6217,1,Claim,High,0
ID30890,0.6217,1,Claim,High,0
ID44609,0.6217,1,Claim,High,0
ID57533,0.6217,1,Claim,High,0
ID52662,0.6217,1,Claim,High,0
ID15859,0.6217,1,Claim,High,0
ID48534,0.6217,1,Claim,High,0
ID06310,0.6217,1,Claim,High,0
ID56055,0.6217,1,Claim,High,0
ID56014,0.6217,1,Claim,High,0
ID37428,0.6217,1,Claim,High,0
ID47693,0.6217,1,Claim,High,0
ID27257,0.6217,1,Claim,High,0
ID01658,0.6217,1,Claim,High,0
ID13352,0.6217,1,Claim,High,0
ID45082,0.6217,1,Claim,High,0
ID09906,0.6217,1,Claim,High,0
ID33311,0.6217,1,Claim,High,0
ID57896,0.6217,1,Claim,High,0
ID01006,0.6217,1,Claim,High,0
ID16416,0.6217,1,Claim,High,0
ID52690,0.6217,1,Claim,High,0
ID08178,0.6217,1,Claim,High,0
ID32233,0.6217,1,Claim,High,0
ID11899,0.6217,1,Claim,High,0
ID20203,0.6217,1,Claim,High,0
ID49463,0.6217,1,Claim,High,0
ID43520,0.6217,1,Claim,High,0
ID43154,0.6217,1,Claim,High,0
ID22231,0.6217,1,Claim,High,0
ID06185,0.6217,1,Claim,High,0
ID58193,0.6217,1,Claim,High,0
ID25432,0.6217,1,Claim,High,0
ID33055,0.6217,1,Claim,High,0
ID45960,0.6217,1,Claim,High,0
ID08653,0.6217,1,Claim,High,1
ID10804,0.6217,1,Claim,High,0
ID39221,0.6217,1,Claim,High,1
ID44892,0.6217,1,Claim,High,0
ID38698,0.6217,1,Claim,High,0
ID46206,0.6217,1,Claim,High,1
ID25916,0.6217,1,Claim,High,0
ID02727,0.6217,1,Claim,High,0
ID52583,0.6217,1,Claim,High,0
ID58374,0.6217,1,Claim,High,0
ID52547,0.6217,1,Claim,High,0
ID14442,0.6217,1,Claim,High,0
ID22216,0.6217,1,Claim,High,0
ID31503,0.6217,1,Claim,High,0
ID53342,0.6217,1,Claim,High,0
ID54584,0.6217,1,Claim,High,1
ID50040,0.6217,1,Claim,High,0
ID53281,0.6217,1,Claim,High,0
ID05984,0.6217,1,Claim,High,0
ID19845,0.6217,1,Claim,High,0
ID52101,0.6217,1,Claim,High,0
ID00217,0.6217,1,Claim,High,0
ID17602,0.6217,1,Claim,High,0
ID29451,0.6217,1,Claim,High,0
ID43689,0.6217,1,Claim,High,1
ID57478,0.6217,1,Claim,High,0
ID50183,0.6217,1,Claim,High,0
ID45258,0.6217,1,Claim,High,0
ID14037,0.6217,1,Claim,High,0
ID10909,0.6217,1,Claim,High,0
ID31358,0.6217,1,Claim,High,0
ID01721,0.6217,1,Claim,High,0
ID47141,0.6217,1,Claim,High,0
ID02045,0.6217,1,Claim,High,0
ID56431,0.6217,1,Claim,High,0
ID50031,0.6217,1,Claim,High,1
ID47751,0.6217,1,Claim,High,0
ID07805,0.6217,1,Claim,High,0
ID06087,0.6217,1,Claim,High,0
ID38676,0.6217,1,Claim,High,0
ID23912,0.6217,1,Claim,High,0
ID29684,0.6217,1,Claim,High,0
ID22012,0.6217,1,Claim,High,0
ID38300,0.6217,1,Claim,High,0
ID22089,0.6217,1,Claim,High,0
ID04905,0.6217,1,Claim,High,0
ID47418,0.6217,1,Claim,High,0
ID01667,0.6217,1,Claim,High,0
ID43769,0.6217,1,Claim,High,0
ID00003,0.6217,1,Claim,High,0
ID07874,0.6217,1,Claim,High,0
ID50754,0.6217,1,Claim,High,0
ID54470,0.6217,1,Claim,High,0
ID42511,0.6217,1,Claim,High,0
ID23959,0.6217,1,Claim,High,0
ID34627,0.6217,1,Claim,High,0
ID16999,0.6217,1,Claim,High,0
ID50937,0.6217,1,Claim,High,1
ID45344,0.6217,1,Claim,High,1
ID16783,0.6217,1,Claim,High,0
ID07416,0.6217,1,Claim,High,0
ID03463,0.6217,1,Claim,High,0
ID36334,0.6217,1,Claim,High,0
ID34225,0.6217,1,Claim,High,0
ID29126,0.6217,1,Claim,High,0
ID05608,0.6217,1,Claim,High,0
ID53558,0.6217,1,Claim,High,0
ID49401,0.6217,1,Claim,High,0
ID03018,0.6217,1,Claim,High,0
ID16476,0.6217,1,Claim,High,0
ID25370,0.6217,1,Claim,High,0
ID55335,0.6217,1,Claim,High,0
ID56605,0.6217,1,Claim,High,0
ID20339,0.6217,1,Claim,High,0
ID44682,0.6217,1,Claim,High,0
ID13858,0.6217,1,Claim,High,0
ID43611,0.6217,1,Claim,High,0
ID57045,0.6217,1,Claim,High,0
ID54632,0.6217,1,Claim,High,0
ID13731,0.6217,1,Claim,High,0
ID17493,0.6217,1,Claim,High,0
ID06150,0.6217,1,Claim,High,0
ID00205,0.6217,1,Claim,High,0
ID20158,0.6217,1,Claim,High,0
ID22566,0.6217,1,Claim,High,0
ID18295,0.6217,1,Claim,High,0
ID18222,0.6217,1,Claim,High,1
ID50676,0.6217,1,Claim,High,0
ID39502,0.6217,1,Claim,High,0
ID56802,0.6217,1,Claim,High,0
ID16789,0.6217,1,Claim,High,1
ID24592,0.6217,1,Claim,High,0
ID36322,0.6217,1,Claim,High,0
ID13714,0.6217,1,Claim,High,0
ID53261,0.6217,1,Claim,High,0
ID00011,0.6217,1,Claim,High,0
ID27036,0.6217,1,Claim,High,0
ID13719,0.6217,1,Claim,High,0
ID12403,0.6217,1,Claim,High,0
ID00154,0.6217,1,Claim,High,0
ID16941,0.6217,1,Claim,High,0
ID39351,0.6217,1,Claim,High,0
ID54071,0.6217,1,Claim,High,0
ID09200,0.6217,1,Claim,High,0
ID51305,0.6217,1,Claim,High,0
ID15621,0.6217,1,Claim,High,0
ID17025,0.6217,1,Claim,High,0
ID32882,0.6217,1,Claim,High,0
ID11728,0.6217,1,Claim,High,1
ID02409,0.6217,1,Claim,High,0
ID21515,0.6217,1,Claim,High,0
ID44240,0.6217,1,Claim,High,0
ID22676,0.6217,1,Claim,High,0
ID44557,0.6217,1,Claim,High,0
ID27147,0.6217,1,Claim,High,0
ID04046,0.6217,1,Claim,High,0
ID38078,0.6217,1,Claim,High,0
ID24936,0.6217,1,Claim,High,0
ID07296,0.6217,1,Claim,High,0
ID51034,0.6217,1,Claim,High,0
ID09740,0.6217,1,Claim,High,0
ID15109,0.6217,1,Claim,High,0
ID43170,0.6217,1,Claim,High,1
ID57318,0.6217,1,Claim,High,0
ID35891,0.6217,1,Claim,High,0
ID34077,0.6217,1,Claim,High,0
ID24964,0.6217,1,Claim,High,0
ID01542,0.6217,1,Claim,High,0
ID13672,0.6217,1,Claim,High,0
ID33231,0.6217,1,Claim,High,0
ID24690,0.6217,1,Claim,High,0
ID52333,0.6217,1,Claim,High,0
ID41344,0.6217,1,Claim,High,1
ID53619,0.6217,1,Claim,High,0
ID25295,0.6217,1,Claim,High,0
ID46067,0.6217,1,Claim,High,0
ID16412,0.6217,1,Claim,High,0
ID05299,0.6217,1,Claim,High,0
ID56212,0.6217,1,Claim,High,0
ID37678,0.6217,1,Claim,High,0
ID13526,0.6217,1,Claim,High,0
ID35650,0.6217,1,Claim,High,0
ID49964,0.6217,1,Claim,High,0
ID46590,0.6217,1,Claim,High,1
ID40868,0.6217,1,Claim,High,0
ID37703,0.6217,1,Claim,High,0
ID14460,0.6217,1,Claim,High,0
ID25508,0.6217,1,Claim,High,0
ID28510,0.6217,1,Claim,High,0
ID23906,0.6217,1,Claim,High,0
ID00170,0.6217,1,Claim,High,0
ID30155,0.6217,1,Claim,High,0
ID42524,0.6217,1,Claim,High,0
ID10956,0.6217,1,Claim,High,0
ID01586,0.6217,1,Claim,High,1
ID15860,0.6217,1,Claim,High,0
ID33768,0.6217,1,Claim,High,0
ID00101,0.6217,1,Claim,High,0
ID54502,0.6217,1,Claim,High,0
ID24544,0.6217,1,Claim,High,0
ID52525,0.6217,1,Claim,High,0
ID25606,0.6217,1,Claim,High,0
ID13044,0.6217,1,Claim,High,0
ID45409,0.6217,1,Claim,High,0
ID47369,0.6217,1,Claim,High,1
ID35758,0.6217,1,Claim,High,0
ID58136,0.6217,1,Claim,High,0
ID44165,0.6217,1,Claim,High,1
ID27745,0.6217,1,Claim,High,0
ID10254,0.6217,1,Claim,High,0
ID48464,0.6217,1,Claim,High,1
ID48237,0.6217,1,Claim,High,0
ID02752,0.6217,1,Claim,High,0
ID12505,0.6217,1,Claim,High,0
ID37554,0.6217,1,Claim,High,0
ID34509,0.6217,1,Claim,High,0
ID23169,0.6217,1,Claim,High,0
ID32499,0.6217,1,Claim,High,0
ID42412,0.6217,1,Claim,High,0
ID01606,0.6217,1,Claim,High,0
ID39990,0.6217,1,Claim,High,1
ID36696,0.6217,1,Claim,High,0
ID23978,0.6217,1,Claim,High,0
ID27280,0.6217,1,Claim,High,0
ID50142,0.6217,1,Claim,High,1
ID24998,0.6217,1,Claim,High,0
ID21329,0.6217,1,Claim,High,0
ID31820,0.6217,1,Claim,High,0
ID05315,0.6217,1,Claim,High,0
ID13727,0.6217,1,Claim,High,0
ID20769,0.6217,1,Claim,High,0
ID39680,0.6217,1,Claim,High,0
ID23933,0.6217,1,Claim,High,0
ID35952,0.6217,1,Claim,High,0
ID06870,0.6217,1,Claim,High,0
ID38121,0.6217,1,Claim,High,0
ID51327,0.6217,1,Claim,High,1
ID33019,0.6217,1,Claim,High,0
ID48043,0.6217,1,Claim,High,0
ID58124,0.6217,1,Claim,High,0
ID54848,0.6217,1,Claim,High,0
ID51968,0.6217,1,Claim,High,0
ID29782,0.6217,1,Claim,High,0
ID38216,0.6217,1,Claim,High,0
ID00441,0.6217,1,Claim,High,0
ID18730,0.6217,1,Claim,High,0
ID48475,0.6217,1,Claim,High,0
ID52678,0.6217,1,Claim,High,0
ID06738,0.6217,1,Claim,High,0
ID49801,0.6217,1,Claim,High,0
ID35523,0.6217,1,Claim,High,0
ID11237,0.6217,1,Claim,High,1
ID33306,0.6217,1,Claim,High,0
ID55766,0.6217,1,Claim,High,0
ID04394,0.6217,1,Claim,High,0
ID03884,0.6217,1,Claim,High,0
ID00062,0.6217,1,Claim,High,0
ID02100,0.6217,1,Claim,High,0
ID01788,0.6217,1,Claim,High,1
ID34383,0.6217,1,Claim,High,0
ID22623,0.6217,1,Claim,High,0
ID17728,0.6217,1,Claim,High,0
ID34788,0.6217,1,Claim,High,0
ID11068,0.6217,1,Claim,High,0
ID20494,0.6217,1,Claim,High,0
ID48636,0.6217,1,Claim,High,0
ID07887,0.6217,1,Claim,High,0
ID32350,0.6217,1,Claim,High,0
ID14728,0.6217,1,Claim,High,0
ID11604,0.6217,1,Claim,High,0
ID26471,0.6217,1,Claim,High,0
ID30785,0.6217,1,Claim,High,0
ID27427,0.6217,1,Claim,High,0
ID45328,0.6217,1,Claim,High,0
ID50518,0.6217,1,Claim,High,0
ID50060,0.6217,1,Claim,High,0
ID43235,0.6217,1,Claim,High,0
ID27092,0.6217,1,Claim,High,0
ID13478,0.6217,1,Claim,High,0
ID57271,0.6217,1,Claim,High,1
ID15913,0.6217,1,Claim,High,0
ID11242,0.6217,1,Claim,High,0
ID48268,0.6217,1,Claim,High,0
ID22201,0.6217,1,Claim,High,0
ID10142,0.6217,1,Claim,High,0
ID13905,0.6217,1,Claim,High,0
ID13261,0.6217,1,Claim,High,0
ID13684,0.6217,1,Claim,High,1
ID29041,0.6217,1,Claim,High,0
ID50918,0.6217,1,Claim,High,0
ID57804,0.6217,1,Claim,High,0
ID08566,0.6217,1,Claim,High,0
ID17658,0.6217,1,Claim,High,0
ID55683,0.6217,1,Claim,High,0
ID16716,0.6217,1,Claim,High,0
ID24932,0.6217,1,Claim,High,0
ID04305,0.6217,1,Claim,High,0
ID38095,0.6217,1,Claim,High,0
ID48891,0.6217,1,Claim,High,0
ID52911,0.6217,1,Claim,High,0
ID40905,0.6217,1,Claim,High,0
ID52063,0.6217,1,Claim,High,0
ID42114,0.6217,1,Claim,High,0
ID34508,0.6217,1,Claim,High,1
ID10775,0.6217,1,Claim,High,0
ID44652,0.6217,1,Claim,High,0
ID49114,0.6217,1,Claim,High,0
ID17513,0.6217,1,Claim,High,0
ID26908,0.6217,1,Claim,High,0
ID16782,0.6217,1,Claim,High,0
ID28628,0.6217,1,Claim,High,1
ID30322,0.6217,1,Claim,High,0
ID04646,0.6217,1,Claim,High,0
ID26357,0.6217,1,Claim,High,1
ID51759,0.6217,1,Claim,High,0
ID46111,0.6217,1,Claim,High,1
ID12971,0.6217,1,Claim,High,0
ID42011,0.6217,1,Claim,High,0
ID23495,0.6217,1,Claim,High,1
ID53560,0.6217,1,Claim,High,0
ID38446,0.6217,1,Claim,High,0
ID37142,0.6217,1,Claim,High,0
ID27365,0.6217,1,Claim,High,0
ID38146,0.6217,1,Claim,High,0
ID40040,0.6217,1,Claim,High,0
ID09818,0.6217,1,Claim,High,0
ID07243,0.6217,1,Claim,High,0
ID24493,0.6217,1,Claim,High,0
ID28572,0.6217,1,Claim,High,0
ID48894,0.6217,1,Claim,High,0
ID57121,0.6217,1,Claim,High,0
ID19663,0.6217,1,Claim,High,0
ID09641,0.6217,1,Claim,High,0
ID04930,0.6217,1,Claim,High,0
ID42861,0.6217,1,Claim,High,0
ID00960,0.6217,1,Claim,High,0
ID10544,0.6217,1,Claim,High,0
ID14004,0.6217,1,Claim,High,0
ID21735,0.6217,1,Claim,High,0
ID45415,0.6217,1,Claim,High,0
ID06650,0.6217,1,Claim,High,0
ID38213,0.6217,1,Claim,High,0
ID36754,0.6217,1,Claim,High,0
ID15211,0.6217,1,Claim,High,0
ID42272,0.6217,1,Claim,High,0
ID36952,0.6217,1,Claim,High,0
ID18785,0.6217,1,Claim,High,0
ID51601,0.6217,1,Claim,High,0
ID42798,0.6217,1,Claim,High,0
ID41018,0.6217,1,Claim,High,0
ID23504,0.6217,1,Claim,High,0
ID03146,0.6217,1,Claim,High,0
ID45448,0.6217,1,Claim,High,0
ID55814,0.6217,1,Claim,High,0
ID33883,0.6217,1,Claim,High,0
ID39850,0.6217,1,Claim,High,0
ID26294,0.6217,1,Claim,High,0
ID17939,0.6217,1,Claim,High,0
ID38179,0.6217,1,Claim,High,0
ID05479,0.6217,1,Claim,High,0
ID26123,0.6217,1,Claim,High,0
ID20363,0.6217,1,Claim,High,0
ID32070,0.6217,1,Claim,High,0
ID21424,0.6217,1,Claim,High,1
ID49077,0.6217,1,Claim,High,1
ID57113,0.6217,1,Claim,High,0
ID39594,0.6217,1,Claim,High,0
ID40918,0.6217,1,Claim,High,0
ID31193,0.6217,1,Claim,High,0
ID21660,0.6217,1,Claim,High,0
ID21214,0.6217,1,Claim,High,0
ID50480,0.6217,1,Claim,High,0
ID04366,0.6217,1,Claim,High,0
ID05002,0.6217,1,Claim,High,0
ID52209,0.6217,1,Claim,High,0
ID19787,0.6217,1,Claim,High,0
ID05598,0.6217,1,Claim,High,1
ID03561,0.6217,1,Claim,High,1
ID12412,0.6217,1,Claim,High,0
ID38930,0.6217,1,Claim,High,0
ID49840,0.6217,1,Claim,High,0
ID41981,0.6217,1,Claim,High,0
ID35594,0.6217,1,Claim,High,0
ID26474,0.6217,1,Claim,High,0
ID51904,0.6217,1,Claim,High,0
ID21830,0.6217,1,Claim,High,0
ID11670,0.6217,1,Claim,High,0
ID36079,0.6217,1,Claim,High,0
ID16345,0.6217,1,Claim,High,0
ID09422,0.6217,1,Claim,High,0
ID14874,0.6217,1,Claim,High,0
ID15392,0.6217,1,Claim,High,0
ID51309,0.6217,1,Claim,High,0
ID43061,0.6217,1,Claim,High,0
ID01843,0.6217,1,Claim,High,0
ID02542,0.6217,1,Claim,High,0
ID06299,0.6217,1,Claim,High,0
ID52598,0.6217,1,Claim,High,0
ID40301,0.6217,1,Claim,High,0
ID38056,0.6217,1,Claim,High,0
ID15017,0.6217,1,Claim,High,0
ID36789,0.6217,1,Claim,High,0
ID23108,0.6217,1,Claim,High,0
ID42980,0.6217,1,Claim,High,0
ID43922,0.6217,1,Claim,High,0
ID29491,0.6217,1,Claim,High,0
ID35697,0.6217,1,Claim,High,1
ID36189,0.6217,1,Claim,High,0
ID44644,0.6217,1,Claim,High,0
ID13909,0.6217,1,Claim,High,0
ID30727,0.6217,1,Claim,High,0
ID19261,0.6217,1,Claim,High,0
ID05262,0.6217,1,Claim,High,0
ID20163,0.6217,1,Claim,High,0
ID22087,0.6217,1,Claim,High,0
ID23488,0.6217,1,Claim,High,0
ID20783,0.6217,1,Claim,High,0
ID31935,0.6217,1,Claim,High,0
ID55681,0.6217,1,Claim,High,0
ID46252,0.6217,1,Claim,High,0
ID47046,0.6217,1,Claim,High,1
ID17592,0.6217,1,Claim,High,0
ID35617,0.6217,1,Claim,High,0
ID54160,0.6217,1,Claim,High,0
ID56403,0.6217,1,Claim,High,0
ID43048,0.6217,1,Claim,High,0
ID20522,0.6217,1,Claim,High,0
ID17848,0.6217,1,Claim,High,0
ID20354,0.6217,1,Claim,High,0
ID57439,0.6217,1,Claim,High,0
ID35132,0.6217,1,Claim,High,0
ID07449,0.6217,1,Claim,High,0
ID21758,0.6217,1,Claim,High,0
ID18181,0.6217,1,Claim,High,0
ID50528,0.6217,1,Claim,High,0
ID26748,0.6217,1,Claim,High,0
ID54866,0.6217,1,Claim,High,0
ID52218,0.6217,1,Claim,High,0
ID51618,0.6217,1,Claim,High,0
ID13577,0.6217,1,Claim,High,0
ID30381,0.6217,1,Claim,High,0
ID57870,0.6217,1,Claim,High,0
ID58375,0.6217,1,Claim,High,0
ID24017,0.6217,1,Claim,High,0
ID56835,0.6217,1,Claim,High,0
ID42720,0.6217,1,Claim,High,0
ID41405,0.6217,1,Claim,High,0
ID31170,0.6217,1,Claim,High,0
ID02128,0.6217,1,Claim,High,0
ID16510,0.6217,1,Claim,High,0
ID08320,0.6217,1,Claim,High,0
ID11783,0.6217,1,Claim,High,0
ID44806,0.6217,1,Claim,High,1
ID31856,0.6217,1,Claim,High,0
ID55431,0.6217,1,Claim,High,0
ID26662,0.6217,1,Claim,High,0
ID22366,0.6217,1,Claim,High,1
ID20858,0.6217,1,Claim,High,0
ID03670,0.6217,1,Claim,High,0
ID15908,0.6217,1,Claim,High,0
ID15892,0.6217,1,Claim,High,0
ID21382,0.6217,1,Claim,High,0
ID27464,0.6217,1,Claim,High,0
ID40416,0.6217,1,Claim,High,0
ID44739,0.6217,1,Claim,High,0
ID46337,0.6217,1,Claim,High,0
ID53776,0.6217,1,Claim,High,0
ID24156,0.6217,1,Claim,High,0
ID44374,0.6217,1,Claim,High,0
ID36628,0.6217,1,Claim,High,0
ID25587,0.6217,1,Claim,High,0
ID56285,0.6217,1,Claim,High,0
ID24930,0.6217,1,Claim,High,0
ID50546,0.6217,1,Claim,High,0
ID18505,0.6217,1,Claim,High,0
ID50398,0.6217,1,Claim,High,0
ID52769,0.6217,1,Claim,High,1
ID23112,0.6217,1,Claim,High,0
ID25948,0.6217,1,Claim,High,0
ID48801,0.6217,1,Claim,High,0
ID54856,0.6217,1,Claim,High,0
ID19125,0.6217,1,Claim,High,0
ID41830,0.6217,1,Claim,High,0
ID56983,0.6217,1,Claim,High,0
ID25090,0.6217,1,Claim,High,0
ID03266,0.6217,1,Claim,High,0
ID17634,0.6217,1,Claim,High,0
ID52560,0.6217,1,Claim,High,0
ID29222,0.6217,1,Claim,High,0
ID23128,0.6217,1,Claim,High,0
ID34896,0.6217,1,Claim,High,0
ID33137,0.6217,1,Claim,High,0
ID26736,0.6217,1,Claim,High,0
ID17344,0.6217,1,Claim,High,0
ID04320,0.6217,1,Claim,High,0
ID20938,0.6217,1,Claim,High,0
ID32013,0.6217,1,Claim,High,1
ID27334,0.6217,1,Claim,High,1
ID27945,0.6217,1,Claim,High,0
ID57044,0.6217,1,Claim,High,0
ID15292,0.6217,1,Claim,High,0
ID47696,0.6217,1,Claim,High,1
ID19356,0.6217,1,Claim,High,1
ID01112,0.6217,1,Claim,High,0
ID07916,0.6217,1,Claim,High,0
ID21711,0.6217,1,Claim,High,0
ID26970,0.6217,1,Claim,High,0
ID25934,0.6217,1,Claim,High,0
ID08580,0.6217,1,Claim,High,0
ID08648,0.6217,1,Claim,High,0
ID22423,0.6217,1,Claim,High,0
ID27830,0.6217,1,Claim,High,0
ID52379,0.6217,1,Claim,High,0
ID44769,0.6217,1,Claim,High,0
ID37075,0.6217,1,Claim,High,0
ID15523,0.6217,1,Claim,High,0
ID07217,0.6217,1,Claim,High,1
ID34843,0.6217,1,Claim,High,0
ID05994,0.6217,1,Claim,High,0
ID47175,0.6217,1,Claim,High,0
ID02132,0.6217,1,Claim,High,0
ID26621,0.6217,1,Claim,High,0
ID44420,0.6217,1,Claim,High,0
ID10838,0.6217,1,Claim,High,1
ID32721,0.6217,1,Claim,High,0
ID38685,0.6217,1,Claim,High,0
ID21629,0.6217,1,Claim,High,0
ID23570,0.6217,1,Claim,High,0
ID07194,0.6217,1,Claim,High,0
ID00715,0.6217,1,Claim,High,0
ID05878,0.6217,1,Claim,High,0
ID53904,0.6217,1,Claim,High,0
ID23463,0.6217,1,Claim,High,0
ID57329,0.6217,1,Claim,High,0
ID48131,0.6217,1,Claim,High,1
ID56977,0.6217,1,Claim,High,0
ID07417,0.6217,1,Claim,High,0
ID18370,0.6217,1,Claim,High,0
ID37004,0.6217,1,Claim,High,0
ID46603,0.6217,1,Claim,High,0
ID13582,0.6217,1,Claim,High,0
ID42690,0.6217,1,Claim,High,0
ID35838,0.6217,1,Claim,High,0
ID16483,0.6217,1,Claim,High,0
ID06093,0.6217,1,Claim,High,0
ID42456,0.6217,1,Claim,High,0
ID06014,0.6217,1,Claim,High,0
ID49363,0.6217,1,Claim,High,0
ID53551,0.6217,1,Claim,High,1
ID01365,0.6217,1,Claim,High,0
ID06037,0.6217,1,Claim,High,0
ID09809,0.6217,1,Claim,High,0
ID34333,0.6217,1,Claim,High,0
ID05953,0.6217,1,Claim,High,0
ID54646,0.6217,1,Claim,High,0
ID05712,0.6217,1,Claim,High,0
ID54755,0.6217,1,Claim,High,0
ID20513,0.6217,1,Claim,High,0
ID18126,0.6217,1,Claim,High,0
ID00594,0.6217,1,Claim,High,0
ID02226,0.6217,1,Claim,High,0
ID04312,0.6217,1,Claim,High,0
ID48662,0.6217,1,Claim,High,0
ID46868,0.6217,1,Claim,High,0
ID43953,0.6217,1,Claim,High,0
ID28598,0.6217,1,Claim,High,0
ID26167,0.6217,1,Claim,High,0
ID13820,0.6217,1,Claim,High,0
ID24311,0.6217,1,Claim,High,0
ID30837,0.6217,1,Claim,High,1
ID31956,0.6217,1,Claim,High,0
ID17327,0.6217,1,Claim,High,0
ID30253,0.6217,1,Claim,High,0
ID18907,0.6217,1,Claim,High,0
ID32990,0.6217,1,Claim,High,0
ID17548,0.6217,1,Claim,High,0
ID24069,0.6217,1,Claim,High,0
ID55707,0.6217,1,Claim,High,0
ID34458,0.6217,1,Claim,High,0
ID43079,0.6217,1,Claim,High,0
ID26976,0.6217,1,Claim,High,0
ID03569,0.6217,1,Claim,High,0
ID30706,0.6217,1,Claim,High,0
ID33742,0.6217,1,Claim,High,0
ID36357,0.6217,1,Claim,High,0
ID53279,0.6217,1,Claim,High,0
ID32305,0.6217,1,Claim,High,0
ID03297,0.6217,1,Claim,High,0
ID30110,0.6217,1,Claim,High,0
ID20859,0.6217,1,Claim,High,1
ID57249,0.6217,1,Claim,High,0
ID22010,0.6217,1,Claim,High,0
ID11955,0.6217,1,Claim,High,0
ID37592,0.6217,1,Claim,High,0
ID43293,0.6217,1,Claim,High,0
ID18542,0.6217,1,Claim,High,0
ID34078,0.6217,1,Claim,High,0
ID15419,0.6217,1,Claim,High,0
ID03921,0.6217,1,Claim,High,0
ID57789,0.6217,1,Claim,High,0
ID31083,0.6217,1,Claim,High,0
ID53123,0.6217,1,Claim,High,0
ID25174,0.6217,1,Claim,High,0
ID57405,0.6217,1,Claim,High,1
ID54563,0.6217,1,Claim,High,0
ID19525,0.6217,1,Claim,High,0
ID56877,0.6217,1,Claim,High,0
ID17368,0.6217,1,Claim,High,0
ID14837,0.6217,1,Claim,High,0
ID36333,0.6217,1,Claim,High,1
ID25127,0.6217,1,Claim,High,0
ID05249,0.6217,1,Claim,High,0
ID25775,0.6217,1,Claim,High,1
ID49500,0.6217,1,Claim,High,0
ID57611,0.6217,1,Claim,High,1
ID13169,0.6217,1,Claim,High,0
ID41416,0.6217,1,Claim,High,0
ID41724,0.6217,1,Claim,High,0
ID40704,0.6217,1,Claim,High,0
ID52164,0.6217,1,Claim,High,0
ID04557,0.6217,1,Claim,High,0
ID26077,0.6217,1,Claim,High,0
ID32955,0.6217,1,Claim,High,0
ID51937,0.6217,1,Claim,High,0
ID33062,0.6217,1,Claim,High,0
ID34804,0.6217,1,Claim,High,0
ID27274,0.6217,1,Claim,High,0
ID55836,0.6217,1,Claim,High,0
ID13073,0.6217,1,Claim,High,0
ID05270,0.6217,1,Claim,High,0
ID25211,0.6217,1,Claim,High,0
ID13043,0.6217,1,Claim,High,0
ID26532,0.6217,1,Claim,High,0
ID40111,0.6217,1,Claim,High,0
ID18943,0.6217,1,Claim,High,0
ID14628,0.6217,1,Claim,High,0
ID38525,0.6217,1,Claim,High,1
ID01743,0.6217,1,Claim,High,0
ID20292,0.6217,1,Claim,High,0
ID55596,0.6217,1,Claim,High,0
ID54784,0.6217,1,Claim,High,1
ID08405,0.6217,1,Claim,High,0
ID34232,0.6217,1,Claim,High,0
ID24847,0.6217,1,Claim,High,0
ID44671,0.6217,1,Claim,High,0
ID29114,0.6217,1,Claim,High,0
ID30860,0.6217,1,Claim,High,0
ID26044,0.6217,1,Claim,High,0
ID23992,0.6217,1,Claim,High,1
ID47515,0.6217,1,Claim,High,0
ID33359,0.6217,1,Claim,High,1
ID54533,0.6217,1,Claim,High,0
ID20683,0.6217,1,Claim,High,0
ID28451,0.6217,1,Claim,High,0
ID42917,0.6217,1,Claim,High,0
ID29488,0.6217,1,Claim,High,1
ID22853,0.6217,1,Claim,High,0
ID24939,0.6217,1,Claim,High,0
ID58090,0.6217,1,Claim,High,0
ID37099,0.6217,1,Claim,High,0
ID39151,0.6217,1,Claim,High,0
ID50860,0.6217,1,Claim,High,0
ID44934,0.6217,1,Claim,High,0
ID58092,0.6217,1,Claim,High,0
ID39816,0.6217,1,Claim,High,0
ID15112,0.6217,1,Claim,High,0
ID12492,0.6217,1,Claim,High,0
ID16582,0.6217,1,Claim,High,0
ID05154,0.6217,1,Claim,High,1
ID27923,0.6217,1,Claim,High,0
ID37152,0.6217,1,Claim,High,0
ID57440,0.6217,1,Claim,High,0
ID37685,0.6217,1,Claim,High,1
ID19007,0.6217,1,Claim,High,0
ID06911,0.6217,1,Claim,High,0
ID03616,0.6217,1,Claim,High,0
ID27635,0.6217,1,Claim,High,0
ID47072,0.6217,1,Claim,High,0
ID11631,0.6217,1,Claim,High,0
ID39675,0.6217,1,Claim,High,0
ID27110,0.6217,1,Claim,High,0
ID55620,0.6217,1,Claim,High,0
ID17667,0.6217,1,Claim,High,0
ID44436,0.6217,1,Claim,High,0
ID15504,0.6217,1,Claim,High,0
ID06750,0.6217,1,Claim,High,0
ID51947,0.6217,1,Claim,High,0
ID02299,0.6217,1,Claim,High,0
ID34317,0.6217,1,Claim,High,0
ID06099,0.6217,1,Claim,High,0
ID56568,0.6217,1,Claim,High,0
ID17381,0.6217,1,Claim,High,0
ID21562,0.6217,1,Claim,High,0
ID23974,0.6217,1,Claim,High,0
ID47834,0.6217,1,Claim,High,0
ID21310,0.6217,1,Claim,High,0
ID58305,0.6217,1,Claim,High,0
ID26897,0.6217,1,Claim,High,0
ID43933,0.6217,1,Claim,High,0
ID03664,0.6217,1,Claim,High,1
ID50772,0.6217,1,Claim,High,0
ID00249,0.6217,1,Claim,High,0
ID54091,0.6217,1,Claim,High,0
ID24639,0.6217,1,Claim,High,0
ID12153,0.6217,1,Claim,High,0
ID23481,0.6217,1,Claim,High,0
ID15386,0.6217,1,Claim,High,0
ID46890,0.6217,1,Claim,High,0
ID46160,0.6217,1,Claim,High,0
ID12845,0.6217,1,Claim,High,0
ID45120,0.6217,1,Claim,High,0
ID15420,0.6217,1,Claim,High,0
ID56790,0.6217,1,Claim,High,0
ID42042,0.6217,1,Claim,High,0
ID46889,0.6217,1,Claim,High,0
ID47520,0.6217,1,Claim,High,0
ID11602,0.6217,1,Claim,High,0
ID27247,0.6217,1,Claim,High,0
ID37868,0.6217,1,Claim,High,0
ID20452,0.6217,1,Claim,High,0
ID11587,0.6217,1,Claim,High,0
ID31872,0.6217,1,Claim,High,0
ID01064,0.6217,1,Claim,High,0
ID30726,0.6217,1,Claim,High,0
ID04843,0.6217,1,Claim,High,0
ID16967,0.6217,1,Claim,High,0
ID30195,0.6217,1,Claim,High,0
ID53566,0.6217,1,Claim,High,0
ID01086,0.6217,1,Claim,High,0
ID17081,0.6217,1,Claim,High,0
ID17340,0.6217,1,Claim,High,0
ID08019,0.6217,1,Claim,High,0
ID28491,0.6217,1,Claim,High,0
ID25183,0.6217,1,Claim,High,0
ID22745,0.6217,1,Claim,High,0
ID32809,0.6217,1,Claim,High,0
ID14329,0.6217,1,Claim,High,0
ID34565,0.6217,1,Claim,High,0
ID29640,0.6217,1,Claim,High,0
ID58526,0.6217,1,Claim,High,0
ID23886,0.6217,1,Claim,High,0
ID24216,0.6217,1,Claim,High,0
ID36078,0.6217,1,Claim,High,0
ID00557,0.6217,1,Claim,High,0
ID00846,0.6217,1,Claim,High,0
ID14617,0.6217,1,Claim,High,0
ID05658,0.6217,1,Claim,High,0
ID30067,0.6217,1,Claim,High,0
ID02683,0.6217,1,Claim,High,0
ID23294,0.6217,1,Claim,High,0
ID19351,0.6217,1,Claim,High,1
ID41531,0.6217,1,Claim,High,0
ID43239,0.6217,1,Claim,High,0
ID09943,0.6217,1,Claim,High,0
ID41241,0.6217,1,Claim,High,0
ID32179,0.6217,1,Claim,High,0
ID31298,0.6217,1,Claim,High,0
ID32566,0.6217,1,Claim,High,0
ID41730,0.6217,1,Claim,High,0
ID19514,0.6217,1,Claim,High,0
ID40933,0.6217,1,Claim,High,0
ID52467,0.6217,1,Claim,High,0
ID14826,0.6217,1,Claim,High,0
ID09478,0.6217,1,Claim,High,0
ID19308,0.6217,1,Claim,High,0
ID05332,0.6217,1,Claim,High,0
ID30451,0.6217,1,Claim,High,0
ID47193,0.6217,1,Claim,High,0
ID39887,0.6217,1,Claim,High,0
ID21094,0.6217,1,Claim,High,0
ID18348,0.6217,1,Claim,High,0
ID29407,0.6217,1,Claim,High,1
ID20587,0.6217,1,Claim,High,0
ID27200,0.6217,1,Claim,High,0
ID48236,0.6217,1,Claim,High,0
ID56258,0.6217,1,Claim,High,0
ID27056,0.6217,1,Claim,High,0
ID49687,0.6217,1,Claim,High,0
ID20458,0.6217,1,Claim,High,0
ID19362,0.6217,1,Claim,High,1
ID54954,0.6217,1,Claim,High,0
ID17378,0.6217,1,Claim,High,0
ID00406,0.6217,1,Claim,High,0
ID30779,0.6217,1,Claim,High,0
ID19832,0.6217,1,Claim,High,0
ID46797,0.6217,1,Claim,High,0
ID26954,0.6217,1,Claim,High,0
ID00956,0.6217,1,Claim,High,0
ID53826,0.6217,1,Claim,High,0
ID20138,0.6217,1,Claim,High,0
ID46903,0.6217,1,Claim,High,0
ID45002,0.6217,1,Claim,High,0
ID45510,0.6217,1,Claim,High,0
ID36177,0.6217,1,Claim,High,1
ID23925,0.6217,1,Claim,High,0
ID19274,0.6217,1,Claim,High,1
ID01881,0.6217,1,Claim,High,0
ID56992,0.6217,1,Claim,High,0
ID29227,0.6217,1,Claim,High,0
ID11753,0.6217,1,Claim,High,1
ID15405,0.6217,1,Claim,High,0
ID12817,0.6217,1,Claim,High,0
ID14475,0.6217,1,Claim,High,0
ID03740,0.6217,1,Claim,High,1
ID04371,0.6217,1,Claim,High,0
ID02547,0.6217,1,Claim,High,0
ID08818,0.6217,1,Claim,High,0
ID12382,0.6217,1,Claim,High,0
ID07181,0.6217,1,Claim,High,0
ID20799,0.6217,1,Claim,High,0
ID07242,0.6217,1,Claim,High,0
ID31766,0.6217,1,Claim,High,0
ID34953,0.6217,1,Claim,High,0
ID28019,0.6217,1,Claim,High,0
ID36528,0.6217,1,Claim,High,0
ID45427,0.6217,1,Claim,High,0
ID26572,0.6217,1,Claim,High,1
ID19945,0.6217,1,Claim,High,0
ID08308,0.6217,1,Claim,High,0
ID20788,0.6217,1,Claim,High,0
ID06778,0.6217,1,Claim,High,0
ID52574,0.6217,1,Claim,High,0
ID22393,0.6217,1,Claim,High,0
ID38445,0.6217,1,Claim,High,0
ID10370,0.6217,1,Claim,High,0
ID20614,0.6217,1,Claim,High,0
ID00384,0.6217,1,Claim,High,0
ID02799,0.6217,1,Claim,High,0
ID49565,0.6217,1,Claim,High,0
ID56019,0.6217,1,Claim,High,0
ID52924,0.6217,1,Claim,High,1
ID20576,0.6217,1,Claim,High,0
ID13267,0.6217,1,Claim,High,0
ID07592,0.6217,1,Claim,High,0
ID49407,0.6217,1,Claim,High,0
ID08899,0.6217,1,Claim,High,0
ID33827,0.6217,1,Claim,High,0
ID50981,0.6217,1,Claim,High,0
ID20371,0.6217,1,Claim,High,0
ID22272,0.6217,1,Claim,High,0
ID42919,0.6217,1,Claim,High,0
ID06232,0.6217,1,Claim,High,0
ID15189,0.6217,1,Claim,High,0
ID28494,0.6217,1,Claim,High,0
ID26837,0.6217,1,Claim,High,0
ID06048,0.6217,1,Claim,High,0
ID27854,0.6217,1,Claim,High,0
ID24107,0.6217,1,Claim,High,0
ID13487,0.6217,1,Claim,High,0
ID01841,0.6217,1,Claim,High,0
ID48208,0.6217,1,Claim,High,1
ID41189,0.6217,1,Claim,High,0
ID34146,0.6217,1,Claim,High,0
ID16514,0.6217,1,Claim,High,0
ID27325,0.6217,1,Claim,High,0
ID15676,0.6217,1,Claim,High,0
ID19923,0.6217,1,Claim,High,0
ID03532,0.6217,1,Claim,High,0
ID28193,0.6217,1,Claim,High,0
ID43011,0.6217,1,Claim,High,0
ID50285,0.6217,1,Claim,High,0
ID49306,0.6217,1,Claim,High,0
ID49884,0.6217,1,Claim,High,0
ID12645,0.6217,1,Claim,High,0
ID49057,0.6217,1,Claim,High,0
ID47986,0.6217,1,Claim,High,0
ID07751,0.6217,1,Claim,High,0
ID50075,0.6217,1,Claim,High,0
ID20535,0.6217,1,Claim,High,0
ID23040,0.6217,1,Claim,High,0
ID11424,0.6217,1,Claim,High,0
ID41864,0.6217,1,Claim,High,0
ID37604,0.6217,1,Claim,High,0
ID26408,0.6217,1,Claim,High,0
ID01937,0.6217,1,Claim,High,0
ID41748,0.6217,1,Claim,High,0
ID25032,0.6217,1,Claim,High,0
ID06180,0.6217,1,Claim,High,0
ID57849,0.6217,1,Claim,High,0
ID44826,0.6217,1,Claim,High,0
ID02468,0.6217,1,Claim,High,0
ID17557,0.6217,1,Claim,High,0
ID44146,0.6217,1,Claim,High,0
ID20299,0.6217,1,Claim,High,0
ID34008,0.6217,1,Claim,High,1
ID24044,0.6217,1,Claim,High,0
ID00207,0.6217,1,Claim,High,0
ID12279,0.6217,1,Claim,High,0
ID01655,0.6217,1,Claim,High,0
ID00185,0.6217,1,Claim,High,0
ID00357,0.6217,1,Claim,High,0
ID42007,0.6217,1,Claim,High,1
ID53272,0.6217,1,Claim,High,1
ID48013,0.6217,1,Claim,High,0
ID32922,0.6217,1,Claim,High,0
ID06802,0.6217,1,Claim,High,0
ID03838,0.6217,1,Claim,High,0
ID30432,0.6217,1,Claim,High,0
ID30210,0.6217,1,Claim,High,0
ID42872,0.6217,1,Claim,High,0
ID46236,0.6217,1,Claim,High,0
ID21332,0.6217,1,Claim,High,0
ID01976,0.6217,1,Claim,High,0
ID24192,0.6217,1,Claim,High,0
ID02884,0.6217,1,Claim,High,1
ID44848,0.6217,1,Claim,High,0
ID56748,0.6217,1,Claim,High,0
ID01646,0.6217,1,Claim,High,1
ID36928,0.6217,1,Claim,High,0
ID44438,0.6217,1,Claim,High,0
ID22240,0.6217,1,Claim,High,0
ID08730,0.6217,1,Claim,High,1
ID47157,0.6217,1,Claim,High,0
ID48587,0.6217,1,Claim,High,0
ID34598,0.6217,1,Claim,High,0
ID06043,0.6217,1,Claim,High,0
ID05293,0.6217,1,Claim,High,0
ID50119,0.6217,1,Claim,High,0
ID12200,0.6217,1,Claim,High,0
ID44296,0.6217,1,Claim,High,0
ID01274,0.6217,1,Claim,High,0
ID14572,0.6217,1,Claim,High,0
ID33509,0.6217,1,Claim,High,0
ID11938,0.6217,1,Claim,High,0
ID49592,0.6217,1,Claim,High,0
ID38689,0.6217,1,Claim,High,0
ID35788,0.6217,1,Claim,High,0
ID43091,0.6217,1,Claim,High,0
ID47085,0.6217,1,Claim,High,0
ID06695,0.6217,1,Claim,High,0
ID28567,0.6217,1,Claim,High,0
ID01772,0.6217,1,Claim,High,0
ID13973,0.6217,1,Claim,High,0
ID51734,0.6217,1,Claim,High,0
ID17896,0.6217,1,Claim,High,0
ID24494,0.6217,1,Claim,High,0
ID57750,0.6217,1,Claim,High,0
ID18853,0.6217,1,Claim,High,0
ID56882,0.6217,1,Claim,High,0
ID03029,0.6217,1,Claim,High,0
ID41304,0.6217,1,Claim,High,0
ID10073,0.6217,1,Claim,High,0
ID48761,0.6217,1,Claim,High,0
ID55781,0.6217,1,Claim,High,0
ID22294,0.6217,1,Claim,High,0
ID24906,0.6217,1,Claim,High,0
ID52568,0.6217,1,Claim,High,0
ID07369,0.6217,1,Claim,High,0
ID22789,0.6217,1,Claim,High,0
ID10801,0.6217,1,Claim,High,0
ID20681,0.6217,1,Claim,High,0
ID17152,0.6217,1,Claim,High,1
ID57179,0.6217,1,Claim,High,0
ID07290,0.6217,1,Claim,High,0
ID22783,0.6217,1,Claim,High,0
ID02178,0.6217,1,Claim,High,0
ID26365,0.6217,1,Claim,High,0
ID27131,0.6217,1,Claim,High,0
ID56883,0.6217,1,Claim,High,0
ID19589,0.6217,1,Claim,High,0
ID15390,0.6217,1,Claim,High,0
ID18171,0.6217,1,Claim,High,0
ID18637,0.6217,1,Claim,High,1
ID21371,0.6217,1,Claim,High,0
ID23846,0.6217,1,Claim,High,1
ID12251,0.6217,1,Claim,High,0
ID11484,0.6217,1,Claim,High,0
ID24377,0.6217,1,Claim,High,0
ID15724,0.6217,1,Claim,High,1
ID14627,0.6217,1,Claim,High,0
ID42922,0.6217,1,Claim,High,0
ID31128,0.6217,1,Claim,High,0
ID33907,0.6217,1,Claim,High,0
ID13902,0.6217,1,Claim,High,0
ID04845,0.6217,1,Claim,High,0
ID36373,0.6217,1,Claim,High,0
ID51944,0.6217,1,Claim,High,0
ID25683,0.6217,1,Claim,High,0
ID34323,0.6217,1,Claim,High,0
ID34287,0.6217,1,Claim,High,0
ID03446,0.6217,1,Claim,High,0
ID36846,0.6217,1,Claim,High,0
ID49879,0.6217,1,Claim,High,0
ID16216,0.6217,1,Claim,High,0
ID10469,0.6217,1,Claim,High,0
ID06211,0.6217,1,Claim,High,0
ID48623,0.6217,1,Claim,High,0
ID01369,0.6217,1,Claim,High,0
ID41991,0.6217,1,Claim,High,0
ID01453,0.6217,1,Claim,High,0
ID49421,0.6217,1,Claim,High,0
ID24040,0.6217,1,Claim,High,0
ID24511,0.6217,1,Claim,High,0
ID51056,0.6217,1,Claim,High,1
ID25387,0.6217,1,Claim,High,0
ID43569,0.6217,1,Claim,High,0
ID42777,0.6217,1,Claim,High,0
ID16395,0.6217,1,Claim,High,0
ID41394,0.6217,1,Claim,High,0
ID12908,0.6217,1,Claim,High,0
ID26815,0.6217,1,Claim,High,0
ID49037,0.6217,1,Claim,High,0
ID53291,0.6217,1,Claim,High,0
ID47316,0.6217,1,Claim,High,0
ID51958,0.6217,1,Claim,High,0
ID26255,0.6217,1,Claim,High,0
ID25143,0.6217,1,Claim,High,0
ID26171,0.6217,1,Claim,High,0
ID30523,0.6217,1,Claim,High,1
ID19194,0.6217,1,Claim,High,0
ID10765,0.6217,1,Claim,High,0
ID11041,0.6217,1,Claim,High,0
ID47180,0.6217,1,Claim,High,1
ID27640,0.6217,1,Claim,High,0
ID12826,0.6217,1,Claim,High,0
ID04902,0.6217,1,Claim,High,0
ID53414,0.6217,1,Claim,High,0
ID12489,0.6217,1,Claim,High,0
ID11991,0.6217,1,Claim,High,0
ID01396,0.6217,1,Claim,High,0
ID28478,0.6217,1,Claim,High,0
ID11768,0.6217,1,Claim,High,0
ID34882,0.6217,1,Claim,High,0
ID23299,0.6217,1,Claim,High,1
ID07709,0.6217,1,Claim,High,0
ID24029,0.6217,1,Claim,High,0
ID08422,0.6217,1,Claim,High,0
ID35279,0.6217,1,Claim,High,0
ID21699,0.6217,1,Claim,High,0
ID23853,0.6217,1,Claim,High,0
ID43822,0.6217,1,Claim,High,0
ID54748,0.6217,1,Claim,High,0
ID41386,0.6217,1,Claim,High,0
ID51804,0.6217,1,Claim,High,0
ID39215,0.6217,1,Claim,High,0
ID52035,0.6217,1,Claim,High,0
ID47536,0.6217,1,Claim,High,1
ID23442,0.6217,1,Claim,High,0
ID11311,0.6217,1,Claim,High,0
ID46039,0.6217,1,Claim,High,0
ID02098,0.6217,1,Claim,High,0
ID24108,0.6217,1,Claim,High,0
ID22716,0.6217,1,Claim,High,0
ID11461,0.6217,1,Claim,High,0
ID25511,0.6217,1,Claim,High,1
ID02890,0.6217,1,Claim,High,1
ID13561,0.6217,1,Claim,High,0
ID08485,0.6217,1,Claim,High,0
ID14336,0.6217,1,Claim,High,0
ID03521,0.6217,1,Claim,High,0
ID33030,0.6217,1,Claim,High,0
ID54285,0.6217,1,Claim,High,0
ID44324,0.6217,1,Claim,High,0
ID17720,0.6217,1,Claim,High,0
ID00739,0.6217,1,Claim,High,0
ID19237,0.6217,1,Claim,High,1
ID17094,0.6217,1,Claim,High,0
ID17859,0.6217,1,Claim,High,0
ID06021,0.6217,1,Claim,High,0
ID47334,0.6217,1,Claim,High,0
ID24257,0.6217,1,Claim,High,0
ID47401,0.6217,1,Claim,High,0
ID05279,0.6217,1,Claim,High,0
ID34944,0.6217,1,Claim,High,0
ID51670,0.6217,1,Claim,High,0
ID48850,0.6217,1,Claim,High,0
ID46682,0.6217,1,Claim,High,0
ID23896,0.6217,1,Claim,High,0
ID49039,0.6217,1,Claim,High,1
ID54142,0.6217,1,Claim,High,0
ID05342,0.6217,1,Claim,High,0
ID28476,0.6217,1,Claim,High,0
ID32664,0.6217,1,Claim,High,0
ID07247,0.6217,1,Claim,High,0
ID37397,0.6217,1,Claim,High,0
ID00859,0.6217,1,Claim,High,0
ID02769,0.6217,1,Claim,High,0
ID45893,0.6217,1,Claim,High,0
ID42335,0.6217,1,Claim,High,0
ID57100,0.6217,1,Claim,High,0
ID38652,0.6217,1,Claim,High,0
ID51085,0.6217,1,Claim,High,0
ID25736,0.6217,1,Claim,High,0
ID58479,0.6217,1,Claim,High,0
ID15001,0.6217,1,Claim,High,0
ID48194,0.6217,1,Claim,High,0
ID29175,0.6217,1,Claim,High,0
ID01701,0.6217,1,Claim,High,0
ID31488,0.6217,1,Claim,High,0
ID40211,0.6217,1,Claim,High,0
ID48752,0.6217,1,Claim,High,0
ID38596,0.6217,1,Claim,High,0
ID00172,0.6217,1,Claim,High,0
ID01231,0.6217,1,Claim,High,0
ID13857,0.6217,1,Claim,High,0
ID16196,0.6217,1,Claim,High,0
ID13968,0.6217,1,Claim,High,0
ID18805,0.6217,1,Claim,High,0
ID01920,0.6217,1,Claim,High,1
ID12193,0.6217,1,Claim,High,0
ID32420,0.6217,1,Claim,High,0
ID37494,0.6217,1,Claim,High,1
ID24910,0.6217,1,Claim,High,0
ID52150,0.6217,1,Claim,High,0
ID42261,0.6217,1,Claim,High,0
ID24838,0.6217,1,Claim,High,0
ID16093,0.6217,1,Claim,High,0
ID07642,0.6217,1,Claim,High,0
ID25928,0.6217,1,Claim,High,0
ID54007,0.6217,1,Claim,High,0
ID19707,0.6217,1,Claim,High,1
ID08829,0.6217,1,Claim,High,0
ID26454,0.6217,1,Claim,High,0
ID27114,0.6217,1,Claim,High,0
ID48016,0.6217,1,Claim,High,0
ID26176,0.6217,1,Claim,High,0
ID29945,0.6217,1,Claim,High,0
ID04427,0.6217,1,Claim,High,0
ID51428,0.6217,1,Claim,High,0
ID08908,0.6217,1,Claim,High,0
ID22173,0.6217,1,Claim,High,0
ID12223,0.6217,1,Claim,High,1
ID47531,0.6217,1,Claim,High,0
ID16210,0.6217,1,Claim,High,0
ID36111,0.6215,1,Claim,High,0
ID57328,0.6215,1,Claim,High,0
ID51645,0.6215,1,Claim,High,1
ID09174,0.6215,1,Claim,High,0
ID32170,0.6215,1,Claim,High,0
ID28358,0.6215,1,Claim,High,0
ID17118,0.6215,1,Claim,High,1
ID19191,0.6215,1,Claim,High,0
ID00917,0.6215,1,Claim,High,0
ID47356,0.6215,1,Claim,High,0
ID02853,0.6215,1,Claim,High,1
ID10499,0.6215,1,Claim,High,0
ID58225,0.6215,1,Claim,High,0
ID49182,0.6215,1,Claim,High,0
ID50328,0.6215,1,Claim,High,0
ID34695,0.6215,1,Claim,High,0
ID30659,0.6215,1,Claim,High,0
ID10839,0.6215,1,Claim,High,0
ID01568,0.6215,1,Claim,High,0
ID00991,0.6215,1,Claim,High,0
ID23895,0.6215,1,Claim,High,0
ID54232,0.6215,1,Claim,High,0
ID54000,0.6215,1,Claim,High,0
ID02250,0.6215,1,Claim,High,0
ID31815,0.6215,1,Claim,High,0
ID05940,0.6215,1,Claim,High,0
ID04537,0.6215,1,Claim,High,0
ID37163,0.6215,1,Claim,High,0
ID46267,0.6215,1,Claim,High,0
ID41196,0.6215,1,Claim,High,0
ID42390,0.6215,1,Claim,High,0
ID26444,0.6215,1,Claim,High,0
ID40142,0.6215,1,Claim,High,0
ID34477,0.6215,1,Claim,High,0
ID52689,0.6215,1,Claim,High,0
ID10339,0.6215,1,Claim,High,0
ID42976,0.6215,1,Claim,High,0
ID04070,0.6215,1,Claim,High,0
ID48588,0.6215,1,Claim,High,0
ID50561,0.6215,1,Claim,High,0
ID55890,0.6215,1,Claim,High,0
ID03144,0.6215,1,Claim,High,0
ID34196,0.6215,1,Claim,High,0
ID02272,0.6215,1,Claim,High,0
ID41888,0.6215,1,Claim,High,0
ID07287,0.6215,1,Claim,High,0
ID38174,0.6215,1,Claim,High,0
ID07776,0.6215,1,Claim,High,0
ID31758,0.6215,1,Claim,High,0
ID15488,0.6215,1,Claim,High,0
ID24586,0.6215,1,Claim,High,0
ID29666,0.6215,1,Claim,High,0
ID56739,0.6215,1,Claim,High,0
ID03648,0.6215,1,Claim,High,0
ID33157,0.6215,1,Claim,High,0
ID27237,0.6215,1,Claim,High,0
ID54077,0.6215,1,Claim,High,0
ID26264,0.6215,1,Claim,High,0
ID06091,0.6215,1,Claim,High,0
ID31151,0.6215,1,Claim,High,0
ID14891,0.6215,1,Claim,High,0
ID29266,0.6215,1,Claim,High,1
ID47998,0.6215,1,Claim,High,0
ID06139,0.6215,1,Claim,High,0
ID10682,0.6215,1,Claim,High,0
ID46654,0.6215,1,Claim,High,0
ID20561,0.6215,1,Claim,High,0
ID27360,0.6215,1,Claim,High,0
ID17839,0.6215,1,Claim,High,0
ID30094,0.6215,1,Claim,High,0
ID38242,0.6215,1,Claim,High,0
ID57221,0.6215,1,Claim,High,0
ID13079,0.6215,1,Claim,High,0
ID11754,0.6215,1,Claim,High,0
ID47771,0.6215,1,Claim,High,0
ID23799,0.6215,1,Claim,High,1
ID22726,0.6215,1,Claim,High,0
ID29159,0.6215,1,Claim,High,0
ID18548,0.6215,1,Claim,High,0
ID54365,0.6215,1,Claim,High,0
ID24851,0.6215,1,Claim,High,0
ID58576,0.6215,1,Claim,High,0
ID12115,0.6215,1,Claim,High,0
ID57469,0.6215,1,Claim,High,0
ID42255,0.6215,1,Claim,High,0
ID22070,0.6215,1,Claim,High,0
ID11634,0.6215,1,Claim,High,0
ID04737,0.6215,1,Claim,High,1
ID03253,0.6215,1,Claim,High,0
ID08387,0.6215,1,Claim,High,0
ID43748,0.6215,1,Claim,High,0
ID43910,0.6215,1,Claim,High,0
ID49351,0.6215,1,Claim,High,0
ID27973,0.6215,1,Claim,High,0
ID27220,0.6215,1,Claim,High,0
ID01322,0.6215,1,Claim,High,0
ID09387,0.6215,1,Claim,High,0
ID27261,0.6215,1,Claim,High,0
ID49288,0.5803,1,Claim,Medium,0
ID00800,0.5803,1,Claim,Medium,1
ID47409,0.5803,1,Claim,Medium,0
ID24202,0.5803,1,Claim,Medium,1
ID55873,0.5803,1,Claim,Medium,0
ID17028,0.5803,1,Claim,Medium,0
ID57845,0.5803,1,Claim,Medium,1
ID29415,0.5803,1,Claim,Medium,0
ID42963,0.5803,1,Claim,Medium,0
ID22663,0.5803,1,Claim,Medium,0
ID27744,0.5803,1,Claim,Medium,0
ID53594,0.5803,1,Claim,Medium,0
ID42653,0.5803,1,Claim,Medium,0
ID29328,0.5803,1,Claim,Medium,0
ID22475,0.5803,1,Claim,Medium,0
ID42568,0.5803,1,Claim,Medium,0
ID22511,0.5803,1,Claim,Medium,0
ID14610,0.5803,1,Claim,Medium,0
ID27390,0.5803,1,Claim,Medium,0
ID23426,0.5803,1,Claim,Medium,0
ID15015,0.5803,1,Claim,Medium,0
ID32791,0.5803,1,Claim,Medium,0
ID26526,0.5803,1,Claim,Medium,0
ID37887,0.5803,1,Claim,Medium,0
ID00934,0.5803,1,Claim,Medium,0
ID22825,0.5803,1,Claim,Medium,0
ID26737,0.5803,1,Claim,Medium,0
ID08152,0.5803,1,Claim,Medium,0
ID04798,0.5803,1,Claim,Medium,0
ID38973,0.5803,1,Claim,Medium,0
ID01758,0.5803,1,Claim,Medium,0
ID31172,0.5803,1,Claim,Medium,0
ID44287,0.5803,1,Claim,Medium,0
ID06230,0.5803,1,Claim,Medium,0
ID46639,0.5803,1,Claim,Medium,1
ID53616,0.5803,1,Claim,Medium,0
ID04794,0.5803,1,Claim,Medium,0
ID33753,0.5803,1,Claim,Medium,0
ID43307,0.5803,1,Claim,Medium,0
ID25999,0.5803,1,Claim,Medium,0
ID47111,0.5803,1,Claim,Medium,1
ID18066,0.5803,1,Claim,Medium,0
ID25477,0.5803,1,Claim,Medium,0
ID18338,0.5803,1,Claim,Medium,0
ID46365,0.5803,1,Claim,Medium,0
ID47284,0.5803,1,Claim,Medium,0
ID36418,0.5803,1,Claim,Medium,0
ID41818,0.5803,1,Claim,Medium,0
ID29851,0.5803,1,Claim,Medium,0
ID06548,0.5803,1,Claim,Medium,0
ID13430,0.5803,1,Claim,Medium,0
ID42564,0.5803,1,Claim,Medium,0
ID17525,0.5803,1,Claim,Medium,0
ID42385,0.5803,1,Claim,Medium,0
ID30680,0.5803,1,Claim,Medium,0
ID35415,0.5803,1,Claim,Medium,0
ID42419,0.5803,1,Claim,Medium,0
ID13842,0.5803,1,Claim,Medium,0
ID40956,0.5803,1,Claim,Medium,0
ID48678,0.5803,1,Claim,Medium,0
ID40546,0.5803,1,Claim,Medium,0
ID10833,0.5803,1,Claim,Medium,0
ID43305,0.5803,1,Claim,Medium,0
ID57109,0.5803,1,Claim,Medium,0
ID41035,0.5803,1,Claim,Medium,0
ID37605,0.5803,1,Claim,Medium,0
ID19983,0.5803,1,Claim,Medium,0
ID04804,0.5803,1,Claim,Medium,0
ID12833,0.5803,1,Claim,Medium,0
ID10500,0.5803,1,Claim,Medium,0
ID06882,0.5803,1,Claim,Medium,1
ID25787,0.5803,1,Claim,Medium,0
ID36428,0.5803,1,Claim,Medium,0
ID46509,0.5803,1,Claim,Medium,0
ID31255,0.5803,1,Claim,Medium,1
ID35865,0.5803,1,Claim,Medium,0
ID54936,0.5803,1,Claim,Medium,0
ID49980,0.5803,1,Claim,Medium,0
ID10536,0.5803,1,Claim,Medium,0
ID14407,0.5803,1,Claim,Medium,0
ID19995,0.5803,1,Claim,Medium,0
ID24396,0.5803,1,Claim,Medium,0
ID44781,0.5803,1,Claim,Medium,0
ID28023,0.5803,1,Claim,Medium,1
ID56396,0.5803,1,Claim,Medium,0
ID20600,0.5803,1,Claim,Medium,0
ID05403,0.5803,1,Claim,Medium,0
ID36094,0.5803,1,Claim,Medium,0
ID51598,0.5803,1,Claim,Medium,0
ID55740,0.5803,1,Claim,Medium,0
ID24333,0.5803,1,Claim,Medium,1
ID56548,0.5803,1,Claim,Medium,0
ID17005,0.5803,1,Claim,Medium,0
ID53543,0.5803,1,Claim,Medium,0
ID34331,0.5803,1,Claim,Medium,0
ID13339,0.5803,1,Claim,Medium,0
ID42691,0.5803,1,Claim,Medium,0
ID40323,0.5803,1,Claim,Medium,0
ID22227,0.5803,1,Claim,Medium,0
ID31768,0.5803,1,Claim,Medium,0
ID47930,0.5803,1,Claim,Medium,0
ID49725,0.5803,1,Claim,Medium,0
ID00345,0.5803,1,Claim,Medium,0
ID31142,0.5803,1,Claim,Medium,0
ID54105,0.5803,1,Claim,Medium,0
ID28904,0.5803,1,Claim,Medium,0
ID06798,0.5803,1,Claim,Medium,0
ID14751,0.5803,1,Claim,Medium,0
ID01247,0.5803,1,Claim,Medium,0
ID17750,0.5803,1,Claim,Medium,0
ID08248,0.5803,1,Claim,Medium,1
ID31933,0.5803,1,Claim,Medium,0
ID49093,0.5803,1,Claim,Medium,0
ID00317,0.5803,1,Claim,Medium,0
ID12528,0.5803,1,Claim,Medium,0
ID44491,0.5803,1,Claim,Medium,0
ID44516,0.5803,1,Claim,Medium,0
ID42218,0.5803,1,Claim,Medium,0
ID51725,0.5803,1,Claim,Medium,0
ID28483,0.5803,1,Claim,Medium,0
ID49713,0.5803,1,Claim,Medium,0
ID56444,0.5803,1,Claim,Medium,0
ID34672,0.5803,1,Claim,Medium,0
ID00156,0.5803,1,Claim,Medium,0
ID18931,0.5803,1,Claim,Medium,0
ID07082,0.5803,1,Claim,Medium,0
ID24889,0.5803,1,Claim,Medium,0
ID10583,0.5803,1,Claim,Medium,0
ID24920,0.5803,1,Claim,Medium,0
ID37222,0.5803,1,Claim,Medium,0
ID23937,0.5803,1,Claim,Medium,0
ID34606,0.5803,1,Claim,Medium,0
ID43677,0.5803,1,Claim,Medium,0
ID21710,0.5803,1,Claim,Medium,1
ID43564,0.5803,1,Claim,Medium,0
ID34273,0.5803,1,Claim,Medium,0
ID18053,0.5803,1,Claim,Medium,0
ID04700,0.5803,1,Claim,Medium,0
ID49610,0.5803,1,Claim,Medium,0
ID50448,0.5803,1,Claim,Medium,0
ID42751,0.5803,1,Claim,Medium,0
ID44377,0.5803,1,Claim,Medium,0
ID48121,0.5803,1,Claim,Medium,0
ID31328,0.5803,1,Claim,Medium,0
ID46738,0.5803,1,Claim,Medium,0
ID57491,0.5803,1,Claim,Medium,0
ID31443,0.5803,1,Claim,Medium,0
ID21996,0.5803,1,Claim,Medium,0
ID42279,0.5803,1,Claim,Medium,0
ID09786,0.5803,1,Claim,Medium,0
ID14218,0.5803,1,Claim,Medium,0
ID23471,0.5803,1,Claim,Medium,0
ID54976,0.5803,1,Claim,Medium,0
ID42772,0.5803,1,Claim,Medium,0
ID54462,0.5803,1,Claim,Medium,0
ID48363,0.5803,1,Claim,Medium,0
ID47548,0.5803,1,Claim,Medium,0
ID08166,0.5803,1,Claim,Medium,0
ID39199,0.5803,1,Claim,Medium,0
ID38767,0.5803,1,Claim,Medium,0
ID53116,0.5803,1,Claim,Medium,0
ID15401,0.5803,1,Claim,Medium,0
ID57627,0.5803,1,Claim,Medium,0
ID02276,0.5803,1,Claim,Medium,0
ID01501,0.5803,1,Claim,Medium,0
ID43387,0.5803,1,Claim,Medium,0
ID11658,0.5803,1,Claim,Medium,0
ID07450,0.5803,1,Claim,Medium,0
ID11007,0.5803,1,Claim,Medium,0
ID57166,0.5803,1,Claim,Medium,1
ID16141,0.5803,1,Claim,Medium,0
ID16454,0.5803,1,Claim,Medium,0
ID11425,0.5803,1,Claim,Medium,0
ID22832,0.5803,1,Claim,Medium,0
ID13929,0.5803,1,Claim,Medium,0
ID03407,0.5803,1,Claim,Medium,0
ID17790,0.5803,1,Claim,Medium,0
ID57707,0.5803,1,Claim,Medium,0
ID27806,0.5803,1,Claim,Medium,0
ID16308,0.5803,1,Claim,Medium,0
ID38026,0.5803,1,Claim,Medium,0
ID35135,0.5803,1,Claim,Medium,0
ID16139,0.5803,1,Claim,Medium,0
ID10848,0.5803,1,Claim,Medium,0
ID46571,0.5803,1,Claim,Medium,0
ID04871,0.5803,1,Claim,Medium,1
ID00353,0.5803,1,Claim,Medium,0
ID57685,0.5803,1,Claim,Medium,0
ID50924,0.5803,1,Claim,Medium,0
ID45485,0.5803,1,Claim,Medium,0
ID22653,0.5803,1,Claim,Medium,0
ID48997,0.5803,1,Claim,Medium,0
ID52125,0.5803,1,Claim,Medium,0
ID05132,0.5803,1,Claim,Medium,1
ID00526,0.5803,1,Claim,Medium,0
ID41376,0.5803,1,Claim,Medium,0
ID41265,0.5803,1,Claim,Medium,0
ID07906,0.5803,1,Claim,Medium,0
ID29476,0.5803,1,Claim,Medium,0
ID53003,0.5803,1,Claim,Medium,1
ID31543,0.5803,1,Claim,Medium,0
ID18120,0.5803,1,Claim,Medium,0
ID07717,0.5803,1,Claim,Medium,0
ID02170,0.5803,1,Claim,Medium,0
ID21245,0.5803,1,Claim,Medium,0
ID37227,0.5803,1,Claim,Medium,0
ID02339,0.5803,1,Claim,Medium,0
ID40362,0.5803,1,Claim,Medium,0
ID32675,0.5803,1,Claim,Medium,0
ID31341,0.5803,1,Claim,Medium,0
ID39209,0.5803,1,Claim,Medium,1
ID51367,0.5803,1,Claim,Medium,0
ID02979,0.5803,1,Claim,Medium,0
ID06117,0.5803,1,Claim,Medium,0
ID48589,0.5803,1,Claim,Medium,0
ID09792,0.5803,1,Claim,Medium,0
ID52036,0.5803,1,Claim,Medium,0
ID21270,0.5803,1,Claim,Medium,0
ID02845,0.5803,1,Claim,Medium,1
ID45832,0.5803,1,Claim,Medium,1
ID55516,0.5803,1,Claim,Medium,0
ID28768,0.5803,1,Claim,Medium,0
ID38399,0.5803,1,Claim,Medium,0
ID17230,0.5803,1,Claim,Medium,0
ID09804,0.5803,1,Claim,Medium,0
ID40188,0.5803,1,Claim,Medium,0
ID01690,0.5803,1,Claim,Medium,0
ID12670,0.5803,1,Claim,Medium,0
ID54203,0.5803,1,Claim,Medium,0
ID27537,0.5803,1,Claim,Medium,0
ID39118,0.5803,1,Claim,Medium,0
ID54235,0.5803,1,Claim,Medium,0
ID37880,0.5803,1,Claim,Medium,0
ID06253,0.5803,1,Claim,Medium,0
ID20981,0.5803,1,Claim,Medium,0
ID13080,0.5803,1,Claim,Medium,1
ID06903,0.5803,1,Claim,Medium,0
ID55205,0.5803,1,Claim,Medium,0
ID14772,0.5803,1,Claim,Medium,0
ID23223,0.5803,1,Claim,Medium,0
ID31448,0.5803,1,Claim,Medium,0
ID37400,0.5803,1,Claim,Medium,0
ID34870,0.5803,1,Claim,Medium,0
ID31346,0.5803,1,Claim,Medium,0
ID47395,0.5803,1,Claim,Medium,0
ID45012,0.5803,1,Claim,Medium,0
ID46791,0.5803,1,Claim,Medium,0
ID49524,0.5803,1,Claim,Medium,1
ID58437,0.5803,1,Claim,Medium,0
ID31003,0.5803,1,Claim,Medium,0
ID41360,0.5803,1,Claim,Medium,0
ID45906,0.5803,1,Claim,Medium,0
ID35187,0.5803,1,Claim,Medium,0
ID57823,0.5803,1,Claim,Medium,1
ID22506,0.5803,1,Claim,Medium,0
ID48541,0.5803,1,Claim,Medium,0
ID06988,0.5803,1,Claim,Medium,0
ID57624,0.5803,1,Claim,Medium,0
ID00337,0.5803,1,Claim,Medium,0
ID42539,0.5803,1,Claim,Medium,1
ID20419,0.5803,1,Claim,Medium,0
ID24085,0.5803,1,Claim,Medium,0
ID42240,0.5803,1,Claim,Medium,0
ID19716,0.5803,1,Claim,Medium,1
ID04405,0.5803,1,Claim,Medium,0
ID49366,0.5803,1,Claim,Medium,0
ID56526,0.5803,1,Claim,Medium,0
ID52879,0.5803,1,Claim,Medium,1
ID49358,0.5803,1,Claim,Medium,0
ID48992,0.5803,1,Claim,Medium,0
ID21393,0.5803,1,Claim,Medium,0
ID04292,0.5803,1,Claim,Medium,0
ID20593,0.5803,1,Claim,Medium,0
ID57108,0.5803,1,Claim,Medium,0
ID40612,0.5803,1,Claim,Medium,0
ID22415,0.5803,1,Claim,Medium,0
ID11309,0.5803,1,Claim,Medium,0
ID34006,0.5803,1,Claim,Medium,0
ID41308,0.5803,1,Claim,Medium,0
ID39087,0.5803,1,Claim,Medium,0
ID36084,0.5803,1,Claim,Medium,0
ID07309,0.5803,1,Claim,Medium,0
ID47258,0.5803,1,Claim,Medium,0
ID05060,0.5803,1,Claim,Medium,0
ID30165,0.5803,1,Claim,Medium,0
ID14304,0.5803,1,Claim,Medium,0
ID43248,0.5803,1,Claim,Medium,0
ID20304,0.5803,1,Claim,Medium,0
ID36392,0.5803,1,Claim,Medium,0
ID42657,0.5803,1,Claim,Medium,0
ID14062,0.5803,1,Claim,Medium,0
ID31563,0.5803,1,Claim,Medium,0
ID41881,0.5803,1,Claim,Medium,0
ID37567,0.5803,1,Claim,Medium,0
ID26702,0.5803,1,Claim,Medium,0
ID18834,0.5803,1,Claim,Medium,0
ID34286,0.5803,1,Claim,Medium,0
ID25217,0.5803,1,Claim,Medium,0
ID07826,0.5803,1,Claim,Medium,0
ID10287,0.5803,1,Claim,Medium,0
ID26038,0.5803,1,Claim,Medium,0
ID54670,0.5803,1,Claim,Medium,0
ID16087,0.5803,1,Claim,Medium,0
ID20078,0.5803,1,Claim,Medium,0
ID56225,0.5803,1,Claim,Medium,0
ID42313,0.5803,1,Claim,Medium,1
ID56094,0.5803,1,Claim,Medium,0
ID55849,0.5803,1,Claim,Medium,0
ID16316,0.5803,1,Claim,Medium,0
ID03534,0.5803,1,Claim,Medium,0
ID03837,0.5803,1,Claim,Medium,0
ID36507,0.5803,1,Claim,Medium,0
ID18275,0.5803,1,Claim,Medium,0
ID09258,0.5803,1,Claim,Medium,0
ID15895,0.5803,1,Claim,Medium,0
ID56680,0.5803,1,Claim,Medium,0
ID27315,0.5803,1,Claim,Medium,0
ID17691,0.5803,1,Claim,Medium,0
ID29528,0.5803,1,Claim,Medium,0
ID57386,0.5803,1,Claim,Medium,0
ID07265,0.5803,1,Claim,Medium,0
ID41205,0.5803,1,Claim,Medium,0
ID36877,0.5803,1,Claim,Medium,0
ID54070,0.5803,1,Claim,Medium,0
ID33059,0.5803,1,Claim,Medium,0
ID37814,0.5803,1,Claim,Medium,0
ID20541,0.5803,1,Claim,Medium,0
ID55770,0.5803,1,Claim,Medium,0
ID27540,0.5803,1,Claim,Medium,0
ID29286,0.5803,1,Claim,Medium,0
ID20212,0.5803,1,Claim,Medium,0
ID39059,0.5803,1,Claim,Medium,0
ID39772,0.5803,1,Claim,Medium,0
ID46135,0.5803,1,Claim,Medium,0
ID40230,0.5803,1,Claim,Medium,0
ID26783,0.5803,1,Claim,Medium,0
ID20420,0.5803,1,Claim,Medium,0
ID25336,0.5803,1,Claim,Medium,0
ID41521,0.5803,1,Claim,Medium,1
ID17527,0.5803,1,Claim,Medium,0
ID26403,0.5803,1,Claim,Medium,0
ID27250,0.5803,1,Claim,Medium,0
ID31184,0.5803,1,Claim,Medium,0
ID45594,0.5803,1,Claim,Medium,0
ID14390,0.5803,1,Claim,Medium,0
ID11438,0.5803,1,Claim,Medium,1
ID35671,0.5803,1,Claim,Medium,0
ID25882,0.5803,1,Claim,Medium,0
ID20984,0.5803,1,Claim,Medium,0
ID43774,0.5803,1,Claim,Medium,0
ID26530,0.5803,1,Claim,Medium,0
ID34441,0.5803,1,Claim,Medium,0
ID00310,0.5803,1,Claim,Medium,0
ID07861,0.5803,1,Claim,Medium,1
ID36130,0.5803,1,Claim,Medium,0
ID55925,0.5803,1,Claim,Medium,0
ID27281,0.5803,1,Claim,Medium,0
ID33241,0.5803,1,Claim,Medium,0
ID49828,0.5803,1,Claim,Medium,0
ID03360,0.5803,1,Claim,Medium,0
ID23336,0.5803,1,Claim,Medium,0
ID19701,0.5803,1,Claim,Medium,1
ID13456,0.5803,1,Claim,Medium,1
ID04219,0.5803,1,Claim,Medium,0
ID26925,0.5803,1,Claim,Medium,0
ID39478,0.5803,1,Claim,Medium,0
ID19376,0.5803,1,Claim,Medium,0
ID29784,0.5803,1,Claim,Medium,0
ID04694,0.5803,1,Claim,Medium,0
ID25080,0.5803,1,Claim,Medium,0
ID23991,0.5803,1,Claim,Medium,0
ID28756,0.5803,1,Claim,Medium,0
ID23735,0.5803,1,Claim,Medium,0
ID10996,0.5803,1,Claim,Medium,0
ID23708,0.5803,1,Claim,Medium,0
ID02427,0.5803,1,Claim,Medium,1
ID49805,0.5803,1,Claim,Medium,1
ID23084,0.5803,1,Claim,Medium,0
ID30635,0.5803,1,Claim,Medium,0
ID23720,0.5803,1,Claim,Medium,0
ID18763,0.5803,1,Claim,Medium,0
ID16046,0.5803,1,Claim,Medium,0
ID58108,0.5803,1,Claim,Medium,1
ID47104,0.5803,1,Claim,Medium,0
ID48867,0.5803,1,Claim,Medium,0
ID04248,0.5803,1,Claim,Medium,0
ID58352,0.5803,1,Claim,Medium,0
ID29539,0.5803,1,Claim,Medium,0
ID40937,0.5803,1,Claim,Medium,0
ID17425,0.5803,1,Claim,Medium,0
ID22397,0.5803,1,Claim,Medium,1
ID11180,0.5803,1,Claim,Medium,0
ID48739,0.5803,1,Claim,Medium,1
ID04423,0.5803,1,Claim,Medium,0
ID46278,0.5803,1,Claim,Medium,0
ID37845,0.5803,1,Claim,Medium,0
ID09235,0.5803,1,Claim,Medium,0
ID16258,0.5803,1,Claim,Medium,0
ID24554,0.5803,1,Claim,Medium,0
ID16446,0.5803,1,Claim,Medium,0
ID54290,0.5803,1,Claim,Medium,0
ID44789,0.5803,1,Claim,Medium,1
ID36113,0.5803,1,Claim,Medium,0
ID45421,0.5803,1,Claim,Medium,0
ID07664,0.5803,1,Claim,Medium,0
ID39559,0.5803,1,Claim,Medium,0
ID25728,0.5803,1,Claim,Medium,0
ID02516,0.5803,1,Claim,Medium,1
ID10240,0.5803,1,Claim,Medium,0
ID30081,0.5803,1,Claim,Medium,0
ID40682,0.5803,1,Claim,Medium,0
ID22534,0.5803,1,Claim,Medium,0
ID42912,0.5803,1,Claim,Medium,0
ID48530,0.5803,1,Claim,Medium,0
ID14983,0.5803,1,Claim,Medium,0
ID28587,0.5803,1,Claim,Medium,0
ID53758,0.5803,1,Claim,Medium,0
ID41324,0.5803,1,Claim,Medium,0
ID11671,0.5803,1,Claim,Medium,0
ID05119,0.5803,1,Claim,Medium,0
ID37919,0.5803,1,Claim,Medium,0
ID05285,0.5803,1,Claim,Medium,0
ID14490,0.5803,1,Claim,Medium,0
ID53932,0.5803,1,Claim,Medium,0
ID23276,0.5803,1,Claim,Medium,0
ID33642,0.5803,1,Claim,Medium,0
ID18965,0.5803,1,Claim,Medium,0
ID35381,0.5803,1,Claim,Medium,0
ID54944,0.5803,1,Claim,Medium,0
ID49995,0.5803,1,Claim,Medium,0
ID05962,0.5803,1,Claim,Medium,0
ID33003,0.5803,1,Claim,Medium,0
ID48673,0.5803,1,Claim,Medium,0
ID33434,0.5803,1,Claim,Medium,0
ID10875,0.5803,1,Claim,Medium,0
ID31597,0.5803,1,Claim,Medium,0
ID51215,0.5803,1,Claim,Medium,0
ID36959,0.5803,1,Claim,Medium,0
ID29414,0.5803,1,Claim,Medium,0
ID35936,0.5803,1,Claim,Medium,0
ID46276,0.5803,1,Claim,Medium,0
ID25608,0.5803,1,Claim,Medium,0
ID15517,0.5803,1,Claim,Medium,0
ID19712,0.5803,1,Claim,Medium,0
ID52268,0.5803,1,Claim,Medium,0
ID04301,0.5803,1,Claim,Medium,0
ID20940,0.5803,1,Claim,Medium,0
ID57270,0.5803,1,Claim,Medium,0
ID24329,0.5803,1,Claim,Medium,1
ID01000,0.5803,1,Claim,Medium,0
ID46657,0.5803,1,Claim,Medium,0
ID00579,0.5803,1,Claim,Medium,0
ID43160,0.5803,1,Claim,Medium,0
ID13023,0.5803,1,Claim,Medium,0
ID39518,0.5803,1,Claim,Medium,0
ID09867,0.5803,1,Claim,Medium,0
ID18477,0.5803,1,Claim,Medium,0
ID36088,0.5803,1,Claim,Medium,0
ID42878,0.5803,1,Claim,Medium,0
ID21763,0.5803,1,Claim,Medium,0
ID40273,0.5803,1,Claim,Medium,0
ID11770,0.5803,1,Claim,Medium,0
ID44944,0.5803,1,Claim,Medium,0
ID28486,0.5803,1,Claim,Medium,0
ID42373,0.5803,1,Claim,Medium,0
ID03857,0.5803,1,Claim,Medium,0
ID29176,0.5803,1,Claim,Medium,0
ID08062,0.5803,1,Claim,Medium,0
ID52493,0.5803,1,Claim,Medium,0
ID38404,0.5803,1,Claim,Medium,0
ID10654,0.5803,1,Claim,Medium,0
ID10557,0.5803,1,Claim,Medium,0
ID05095,0.5803,1,Claim,Medium,1
ID16340,0.5803,1,Claim,Medium,0
ID01210,0.5803,1,Claim,Medium,0
ID20924,0.5803,1,Claim,Medium,0
ID32087,0.5803,1,Claim,Medium,1
ID47925,0.5803,1,Claim,Medium,0
ID36946,0.5803,1,Claim,Medium,0
ID36989,0.5803,1,Claim,Medium,0
ID16295,0.5803,1,Claim,Medium,0
ID55401,0.5803,1,Claim,Medium,0
ID27663,0.5803,1,Claim,Medium,0
ID52887,0.5803,1,Claim,Medium,0
ID49340,0.5803,1,Claim,Medium,0
ID53771,0.5803,1,Claim,Medium,0
ID28928,0.5803,1,Claim,Medium,0
ID23535,0.5803,1,Claim,Medium,1
ID35250,0.5803,1,Claim,Medium,0
ID54237,0.5803,1,Claim,Medium,0
ID32980,0.5803,1,Claim,Medium,0
ID52614,0.5803,1,Claim,Medium,1
ID26985,0.5803,1,Claim,Medium,0
ID51838,0.5803,1,Claim,Medium,0
ID11355,0.5803,1,Claim,Medium,0
ID55027,0.5803,1,Claim,Medium,0
ID07866,0.5803,1,Claim,Medium,0
ID51218,0.5803,1,Claim,Medium,0
ID36629,0.5803,1,Claim,Medium,1
ID20488,0.5803,1,Claim,Medium,0
ID20927,0.5803,1,Claim,Medium,0
ID29104,0.5803,1,Claim,Medium,0
ID13957,0.5803,1,Claim,Medium,0
ID13260,0.5803,1,Claim,Medium,0
ID48956,0.5803,1,Claim,Medium,0
ID11502,0.5803,1,Claim,Medium,0
ID43602,0.5803,1,Claim,Medium,0
ID30937,0.5803,1,Claim,Medium,0
ID49530,0.5803,1,Claim,Medium,0
ID35363,0.5803,1,Claim,Medium,0
ID00548,0.5803,1,Claim,Medium,0
ID17004,0.5803,1,Claim,Medium,0
ID47867,0.5803,1,Claim,Medium,0
ID41151,0.5803,1,Claim,Medium,0
ID13766,0.5803,1,Claim,Medium,0
ID27485,0.5803,1,Claim,Medium,0
ID44091,0.5803,1,Claim,Medium,0
ID13840,0.5803,1,Claim,Medium,0
ID16003,0.5803,1,Claim,Medium,0
ID41633,0.5803,1,Claim,Medium,0
ID43329,0.5803,1,Claim,Medium,0
ID52307,0.5803,1,Claim,Medium,0
ID53881,0.5803,1,Claim,Medium,0
ID40711,0.5803,1,Claim,Medium,0
ID32621,0.5803,1,Claim,Medium,0
ID50148,0.5803,1,Claim,Medium,1
ID36642,0.5803,1,Claim,Medium,0
ID27149,0.5803,1,Claim,Medium,0
ID03652,0.5803,1,Claim,Medium,1
ID35314,0.5803,1,Claim,Medium,0
ID22002,0.5803,1,Claim,Medium,0
ID57646,0.5803,1,Claim,Medium,0
ID03156,0.5803,1,Claim,Medium,0
ID14909,0.5803,1,Claim,Medium,0
ID25849,0.5803,1,Claim,Medium,0
ID49080,0.5803,1,Claim,Medium,1
ID22183,0.5803,1,Claim,Medium,0
ID48680,0.5803,1,Claim,Medium,0
ID50085,0.5803,1,Claim,Medium,0
ID27987,0.5803,1,Claim,Medium,0
ID02847,0.5803,1,Claim,Medium,0
ID12106,0.5803,1,Claim,Medium,0
ID20676,0.5803,1,Claim,Medium,0
ID16830,0.5803,1,Claim,Medium,0
ID08756,0.5803,1,Claim,Medium,0
ID33722,0.5803,1,Claim,Medium,0
ID47623,0.5803,1,Claim,Medium,0
ID03219,0.5803,1,Claim,Medium,0
ID31959,0.5803,1,Claim,Medium,0
ID06508,0.5803,1,Claim,Medium,0
ID32961,0.5803,1,Claim,Medium,0
ID14959,0.5803,1,Claim,Medium,0
ID33061,0.5803,1,Claim,Medium,0
ID17383,0.5803,1,Claim,Medium,0
ID42488,0.5803,1,Claim,Medium,0
ID27644,0.5803,1,Claim,Medium,0
ID47786,0.5803,1,Claim,Medium,0
ID02016,0.5803,1,Claim,Medium,0
ID30495,0.5803,1,Claim,Medium,0
ID25996,0.5803,1,Claim,Medium,0
ID06636,0.5803,1,Claim,Medium,0
ID34569,0.5803,1,Claim,Medium,1
ID48059,0.5803,1,Claim,Medium,0
ID41595,0.5803,1,Claim,Medium,0
ID40249,0.5803,1,Claim,Medium,0
ID42100,0.5803,1,Claim,Medium,0
ID18717,0.5803,1,Claim,Medium,0
ID32048,0.5803,1,Claim,Medium,0
ID02161,0.5803,1,Claim,Medium,0
ID41900,0.5803,1,Claim,Medium,1
ID13741,0.5803,1,Claim,Medium,0
ID18472,0.5803,1,Claim,Medium,0
ID30810,0.5803,1,Claim,Medium,0
ID51431,0.5803,1,Claim,Medium,0
ID08759,0.5803,1,Claim,Medium,0
ID40833,0.5803,1,Claim,Medium,0
ID41854,0.5803,1,Claim,Medium,0
ID01388,0.5803,1,Claim,Medium,0
ID18511,0.5803,1,Claim,Medium,0
ID26986,0.5803,1,Claim,Medium,0
ID07655,0.5803,1,Claim,Medium,0
ID41958,0.5803,1,Claim,Medium,0
ID56160,0.5803,1,Claim,Medium,0
ID54458,0.5803,1,Claim,Medium,0
ID23320,0.5803,1,Claim,Medium,0
ID06737,0.5803,1,Claim,Medium,0
ID46817,0.5803,1,Claim,Medium,0
ID30424,0.5803,1,Claim,Medium,0
ID40454,0.5803,1,Claim,Medium,0
ID03628,0.5803,1,Claim,Medium,0
ID14108,0.5803,1,Claim,Medium,0
ID03676,0.5803,1,Claim,Medium,0
ID55283,0.5803,1,Claim,Medium,0
ID33576,0.5803,1,Claim,Medium,0
ID48482,0.5803,1,Claim,Medium,0
ID16955,0.5803,1,Claim,Medium,0
ID22036,0.5803,1,Claim,Medium,0
ID50917,0.5803,1,Claim,Medium,0
ID54411,0.5803,1,Claim,Medium,0
ID34087,0.5803,1,Claim,Medium,0
ID24632,0.5803,1,Claim,Medium,0
ID03368,0.5803,1,Claim,Medium,0
ID48380,0.5803,1,Claim,Medium,0
ID45498,0.5803,1,Claim,Medium,0
ID05916,0.5803,1,Claim,Medium,0
ID35629,0.5803,1,Claim,Medium,0
ID44910,0.5803,1,Claim,Medium,0
ID55899,0.5803,1,Claim,Medium,0
ID04575,0.5803,1,Claim,Medium,1
ID00085,0.5803,1,Claim,Medium,0
ID53373,0.5803,1,Claim,Medium,0
ID01897,0.5803,1,Claim,Medium,0
ID52434,0.5803,1,Claim,Medium,0
ID58530,0.5803,1,Claim,Medium,0
ID04266,0.5803,1,Claim,Medium,0
ID57107,0.5803,1,Claim,Medium,0
ID15072,0.5803,1,Claim,Medium,1
ID51467,0.5803,1,Claim,Medium,0
ID39443,0.5803,1,Claim,Medium,0
ID09247,0.5803,1,Claim,Medium,0
ID50516,0.5803,1,Claim,Medium,0
ID01191,0.5803,1,Claim,Medium,0
ID16441,0.5803,1,Claim,Medium,0
ID23411,0.5803,1,Claim,Medium,0
ID13323,0.5803,1,Claim,Medium,0
ID45664,0.5803,1,Claim,Medium,0
ID21462,0.5803,1,Claim,Medium,0
ID05222,0.5803,1,Claim,Medium,0
ID18312,0.5803,1,Claim,Medium,0
ID57599,0.5803,1,Claim,Medium,0
ID04772,0.5803,1,Claim,Medium,0
ID21613,0.5803,1,Claim,Medium,0
ID43429,0.5803,1,Claim,Medium,0
ID34478,0.5803,1,Claim,Medium,0
ID22234,0.5803,1,Claim,Medium,0
ID24169,0.5803,1,Claim,Medium,0
ID08793,0.5803,1,Claim,Medium,0
ID33268,0.5803,1,Claim,Medium,0
ID20137,0.5803,1,Claim,Medium,0
ID18975,0.5803,1,Claim,Medium,1
ID01345,0.5803,1,Claim,Medium,0
ID36920,0.5803,1,Claim,Medium,0
ID45426,0.5803,1,Claim,Medium,0
ID22035,0.5803,1,Claim,Medium,0
ID07454,0.5803,1,Claim,Medium,1
ID51427,0.5803,1,Claim,Medium,1
ID09843,0.5803,1,Claim,Medium,1
ID14689,0.5803,1,Claim,Medium,0
ID52200,0.5803,1,Claim,Medium,0
ID30587,0.5803,1,Claim,Medium,0
ID45871,0.5803,1,Claim,Medium,0
ID12657,0.5803,1,Claim,Medium,0
ID05715,0.5803,1,Claim,Medium,0
ID21071,0.5803,1,Claim,Medium,0
ID53036,0.5803,1,Claim,Medium,0
ID09898,0.5803,1,Claim,Medium,0
ID11499,0.5803,1,Claim,Medium,0
ID04035,0.5803,1,Claim,Medium,0
ID16156,0.5803,1,Claim,Medium,0
ID16426,0.5803,1,Claim,Medium,0
ID11944,0.5803,1,Claim,Medium,0
ID25484,0.5803,1,Claim,Medium,0
ID49992,0.5803,1,Claim,Medium,0
ID10379,0.5803,1,Claim,Medium,0
ID57296,0.5803,1,Claim,Medium,0
ID12303,0.5803,1,Claim,Medium,0
ID28218,0.5803,1,Claim,Medium,0
ID34943,0.5803,1,Claim,Medium,1
ID27726,0.5803,1,Claim,Medium,0
ID52744,0.5803,1,Claim,Medium,0
ID41357,0.5803,1,Claim,Medium,0
ID13770,0.5803,1,Claim,Medium,0
ID48031,0.5803,1,Claim,Medium,0
ID27180,0.5803,1,Claim,Medium,0
ID50491,0.5803,1,Claim,Medium,0
ID06316,0.5803,1,Claim,Medium,0
ID22845,0.5803,1,Claim,Medium,0
ID56404,0.5803,1,Claim,Medium,0
ID40861,0.5803,1,Claim,Medium,1
ID11318,0.5803,1,Claim,Medium,0
ID02931,0.5803,1,Claim,Medium,0
ID34572,0.5803,1,Claim,Medium,0
ID32080,0.5803,1,Claim,Medium,0
ID17232,0.5803,1,Claim,Medium,0
ID03069,0.5803,1,Claim,Medium,0
ID52680,0.5803,1,Claim,Medium,0
ID03032,0.5803,1,Claim,Medium,0
ID51173,0.5803,1,Claim,Medium,0
ID13586,0.5803,1,Claim,Medium,0
ID31417,0.5803,1,Claim,Medium,0
ID02534,0.5803,1,Claim,Medium,0
ID05134,0.5803,1,Claim,Medium,0
ID25498,0.5803,1,Claim,Medium,0
ID46615,0.5803,1,Claim,Medium,0
ID03873,0.5803,1,Claim,Medium,0
ID37767,0.5803,1,Claim,Medium,0
ID53255,0.5803,1,Claim,Medium,0
ID45128,0.5803,1,Claim,Medium,0
ID54316,0.5803,1,Claim,Medium,0
ID08681,0.5803,1,Claim,Medium,0
ID14300,0.5803,1,Claim,Medium,0
ID14483,0.5803,1,Claim,Medium,0
ID30501,0.5803,1,Claim,Medium,0
ID37167,0.5803,1,Claim,Medium,0
ID40794,0.5803,1,Claim,Medium,0
ID50016,0.5803,1,Claim,Medium,0
ID29709,0.5803,1,Claim,Medium,0
ID28816,0.5803,1,Claim,Medium,0
ID23019,0.5803,1,Claim,Medium,0
ID46016,0.5803,1,Claim,Medium,0
ID00134,0.5803,1,Claim,Medium,0
ID55588,0.5803,1,Claim,Medium,0
ID32033,0.5803,1,Claim,Medium,0
ID47680,0.5803,1,Claim,Medium,0
ID49523,0.5803,1,Claim,Medium,0
ID08099,0.5803,1,Claim,Medium,1
ID19644,0.5803,1,Claim,Medium,0
ID24367,0.5803,1,Claim,Medium,0
ID29262,0.5803,1,Claim,Medium,0
ID12585,0.5803,1,Claim,Medium,0
ID02159,0.5803,1,Claim,Medium,0
ID18175,0.5803,1,Claim,Medium,0
ID08636,0.5803,1,Claim,Medium,0
ID20312,0.5803,1,Claim,Medium,0
ID23184,0.5803,1,Claim,Medium,1
ID09295,0.5803,1,Claim,Medium,0
ID30620,0.5803,1,Claim,Medium,1
ID05882,0.5803,1,Claim,Medium,0
ID49381,0.5803,1,Claim,Medium,0
ID19350,0.5803,1,Claim,Medium,0
ID06199,0.5803,1,Claim,Medium,0
ID02192,0.5803,1,Claim,Medium,0
ID55648,0.5803,1,Claim,Medium,1
ID52846,0.5803,1,Claim,Medium,0
ID29385,0.5803,1,Claim,Medium,0
ID16757,0.5803,1,Claim,Medium,1
ID40776,0.5803,1,Claim,Medium,0
ID39972,0.5803,1,Claim,Medium,0
ID23573,0.5803,1,Claim,Medium,0
ID53520,0.5803,1,Claim,Medium,0
ID16719,0.5803,1,Claim,Medium,0
ID47969,0.5803,1,Claim,Medium,0
ID54300,0.5803,1,Claim,Medium,0
ID15332,0.5803,1,Claim,Medium,0
ID13720,0.5803,1,Claim,Medium,0
ID30875,0.5803,1,Claim,Medium,0
ID40374,0.5803,1,Claim,Medium,0
ID18952,0.5803,1,Claim,Medium,0
ID03249,0.5803,1,Claim,Medium,0
ID47831,0.5803,1,Claim,Medium,0
ID23593,0.5803,1,Claim,Medium,1
ID46551,0.5803,1,Claim,Medium,0
ID58540,0.5803,1,Claim,Medium,0
ID34475,0.5803,1,Claim,Medium,0
ID19920,0.5803,1,Claim,Medium,0
ID17166,0.5803,1,Claim,Medium,1
ID41772,0.5803,1,Claim,Medium,0
ID52477,0.5803,1,Claim,Medium,0
ID03938,0.5803,1,Claim,Medium,0
ID24473,0.5803,1,Claim,Medium,0
ID02663,0.5803,1,Claim,Medium,0
ID41551,0.5803,1,Claim,Medium,0
ID02568,0.5803,1,Claim,Medium,0
ID49354,0.5803,1,Claim,Medium,0
ID19715,0.5803,1,Claim,Medium,0
ID53195,0.5803,1,Claim,Medium,0
ID10402,0.5803,1,Claim,Medium,0
ID35893,0.5803,1,Claim,Medium,1
ID23788,0.5803,1,Claim,Medium,0
ID48642,0.5803,1,Claim,Medium,1
ID36065,0.5803,1,Claim,Medium,0
ID20119,0.5803,1,Claim,Medium,0
ID29974,0.5803,1,Claim,Medium,0
ID41139,0.5803,1,Claim,Medium,1
ID57130,0.5803,1,Claim,Medium,0
ID19491,0.5803,1,Claim,Medium,0
ID03971,0.5803,1,Claim,Medium,0
ID43946,0.5803,1,Claim,Medium,0
ID49206,0.5803,1,Claim,Medium,0
ID47563,0.5803,1,Claim,Medium,0
ID08279,0.5803,1,Claim,Medium,0
ID51246,0.5803,1,Claim,Medium,0
ID19259,0.5803,1,Claim,Medium,0
ID03003,0.5803,1,Claim,Medium,0
ID22612,0.5803,1,Claim,Medium,0
ID25827,0.5803,1,Claim,Medium,0
ID16571,0.5803,1,Claim,Medium,0
ID43148,0.5803,1,Claim,Medium,0
ID30614,0.5803,1,Claim,Medium,0
ID25995,0.5803,1,Claim,Medium,0
ID00716,0.5803,1,Claim,Medium,0
ID01177,0.5803,1,Claim,Medium,0
ID50415,0.5803,1,Claim,Medium,0
ID04208,0.5803,1,Claim,Medium,0
ID37062,0.5803,1,Claim,Medium,0
ID36497,0.5803,1,Claim,Medium,0
ID18992,0.5803,1,Claim,Medium,0
ID22191,0.5803,1,Claim,Medium,0
ID42529,0.5803,1,Claim,Medium,0
ID06064,0.5803,1,Claim,Medium,0
ID31116,0.5803,1,Claim,Medium,0
ID28834,0.5803,1,Claim,Medium,0
ID10020,0.5803,1,Claim,Medium,0
ID26107,0.5803,1,Claim,Medium,0
ID43976,0.5803,1,Claim,Medium,0
ID36220,0.5803,1,Claim,Medium,0
ID46081,0.5803,1,Claim,Medium,0
ID54821,0.5803,1,Claim,Medium,0
ID18647,0.5803,1,Claim,Medium,0
ID47794,0.5803,1,Claim,Medium,0
ID55466,0.5803,1,Claim,Medium,0
ID45605,0.5803,1,Claim,Medium,0
ID01205,0.5803,1,Claim,Medium,0
ID47289,0.5803,1,Claim,Medium,1
ID32183,0.5803,1,Claim,Medium,0
ID25001,0.5803,1,Claim,Medium,1
ID44417,0.5803,1,Claim,Medium,0
ID30918,0.5803,1,Claim,Medium,0
ID06195,0.5803,1,Claim,Medium,0
ID39512,0.5803,1,Claim,Medium,0
ID15584,0.5803,1,Claim,Medium,0
ID43913,0.5803,1,Claim,Medium,0
ID20251,0.5803,1,Claim,Medium,0
ID02782,0.5803,1,Claim,Medium,1
ID08848,0.5803,1,Claim,Medium,0
ID27815,0.5803,1,Claim,Medium,0
ID20869,0.5803,1,Claim,Medium,0
ID36588,0.5803,1,Claim,Medium,0
ID32951,0.5803,1,Claim,Medium,1
ID37936,0.5803,1,Claim,Medium,0
ID38987,0.5803,1,Claim,Medium,0
ID13373,0.5803,1,Claim,Medium,0
ID03953,0.5803,1,Claim,Medium,0
ID08763,0.5803,1,Claim,Medium,0
ID17833,0.5803,1,Claim,Medium,0
ID13194,0.5803,1,Claim,Medium,0
ID32835,0.5803,1,Claim,Medium,0
ID43404,0.5803,1,Claim,Medium,0
ID56308,0.5803,1,Claim,Medium,0
ID14755,0.5803,1,Claim,Medium,0
ID12215,0.5803,1,Claim,Medium,1
ID25088,0.5803,1,Claim,Medium,0
ID10893,0.5803,1,Claim,Medium,0
ID22985,0.5803,1,Claim,Medium,0
ID50341,0.5803,1,Claim,Medium,0
ID42115,0.5803,1,Claim,Medium,0
ID23835,0.5803,1,Claim,Medium,0
ID31176,0.5803,1,Claim,Medium,0
ID39102,0.5803,1,Claim,Medium,0
ID02163,0.5803,1,Claim,Medium,0
ID02953,0.5803,1,Claim,Medium,0
ID10789,0.5803,1,Claim,Medium,0
ID30956,0.5803,1,Claim,Medium,0
ID07420,0.5803,1,Claim,Medium,0
ID50663,0.5803,1,Claim,Medium,0
ID56591,0.5803,1,Claim,Medium,0
ID23076,0.5803,1,Claim,Medium,0
ID37016,0.5803,1,Claim,Medium,0
ID20663,0.5803,1,Claim,Medium,0
ID26246,0.5803,1,Claim,Medium,1
ID21601,0.5803,1,Claim,Medium,0
ID41436,0.5803,1,Claim,Medium,0
ID26236,0.5803,1,Claim,Medium,0
ID00718,0.5803,1,Claim,Medium,1
ID10386,0.5803,1,Claim,Medium,0
ID05858,0.5803,1,Claim,Medium,1
ID44267,0.5803,1,Claim,Medium,0
ID51687,0.5803,1,Claim,Medium,0
ID04264,0.5803,1,Claim,Medium,0
ID52916,0.5803,1,Claim,Medium,0
ID33999,0.5803,1,Claim,Medium,0
ID46885,0.5803,1,Claim,Medium,0
ID40832,0.5803,1,Claim,Medium,0
ID13546,0.5803,1,Claim,Medium,0
ID56788,0.5803,1,Claim,Medium,0
ID04064,0.5803,1,Claim,Medium,0
ID38427,0.5803,1,Claim,Medium,0
ID18155,0.5803,1,Claim,Medium,0
ID32207,0.5803,1,Claim,Medium,0
ID42094,0.5803,1,Claim,Medium,0
ID58508,0.5803,1,Claim,Medium,0
ID53567,0.5803,1,Claim,Medium,0
ID10703,0.5803,1,Claim,Medium,0
ID47200,0.5803,1,Claim,Medium,0
ID25729,0.5803,1,Claim,Medium,0
ID44785,0.5803,1,Claim,Medium,0
ID31393,0.5803,1,Claim,Medium,0
ID17316,0.5803,1,Claim,Medium,0
ID38176,0.5803,1,Claim,Medium,0
ID36678,0.5803,1,Claim,Medium,0
ID46511,0.5803,1,Claim,Medium,0
ID56768,0.5803,1,Claim,Medium,0
ID50276,0.5803,1,Claim,Medium,0
ID07748,0.5803,1,Claim,Medium,0
ID39286,0.5803,1,Claim,Medium,0
ID34251,0.5803,1,Claim,Medium,0
ID43211,0.5803,1,Claim,Medium,0
ID54925,0.5803,1,Claim,Medium,0
ID51698,0.5803,1,Claim,Medium,0
ID26268,0.5803,1,Claim,Medium,0
ID22657,0.5803,1,Claim,Medium,0
ID39746,0.5803,1,Claim,Medium,0
ID52821,0.5803,1,Claim,Medium,0
ID52060,0.5803,1,Claim,Medium,0
ID28323,0.5803,1,Claim,Medium,0
ID37362,0.5803,1,Claim,Medium,0
ID26147,0.5803,1,Claim,Medium,0
ID22510,0.5803,1,Claim,Medium,0
ID25446,0.5803,1,Claim,Medium,0
ID45446,0.5803,1,Claim,Medium,0
ID11353,0.5803,1,Claim,Medium,0
ID10094,0.5803,1,Claim,Medium,0
ID35905,0.5803,1,Claim,Medium,0
ID25501,0.5803,1,Claim,Medium,0
ID05810,0.5803,1,Claim,Medium,0
ID19903,0.5803,1,Claim,Medium,0
ID49757,0.5803,1,Claim,Medium,0
ID12041,0.5803,1,Claim,Medium,1
ID20548,0.5803,1,Claim,Medium,0
ID51616,0.5803,1,Claim,Medium,0
ID30925,0.5803,1,Claim,Medium,0
ID09034,0.5803,1,Claim,Medium,0
ID10799,0.5803,1,Claim,Medium,1
ID16290,0.5803,1,Claim,Medium,0
ID38387,0.5803,1,Claim,Medium,1
ID23102,0.5803,1,Claim,Medium,1
ID44743,0.5803,1,Claim,Medium,0
ID56189,0.5803,1,Claim,Medium,0
ID02822,0.5803,1,Claim,Medium,1
ID07330,0.5803,1,Claim,Medium,0
ID04974,0.5803,1,Claim,Medium,0
ID34085,0.5803,1,Claim,Medium,0
ID49161,0.5803,1,Claim,Medium,1
ID25885,0.5803,1,Claim,Medium,0
ID30349,0.5803,1,Claim,Medium,0
ID17779,0.5803,1,Claim,Medium,0
ID49926,0.5803,1,Claim,Medium,0
ID37961,0.5803,1,Claim,Medium,0
ID41676,0.5803,1,Claim,Medium,0
ID51382,0.5803,1,Claim,Medium,0
ID50870,0.5803,1,Claim,Medium,0
ID02305,0.5803,1,Claim,Medium,1
ID53608,0.5803,1,Claim,Medium,0
ID00272,0.5803,1,Claim,Medium,0
ID07523,0.5803,1,Claim,Medium,0
ID55012,0.5803,1,Claim,Medium,0
ID52764,0.5803,1,Claim,Medium,0
ID31940,0.5803,1,Claim,Medium,0
ID56264,0.5803,1,Claim,Medium,0
ID32576,0.5803,1,Claim,Medium,0
ID16460,0.5803,1,Claim,Medium,0
ID31862,0.5803,1,Claim,Medium,0
ID39944,0.5803,1,Claim,Medium,0
ID40106,0.5803,1,Claim,Medium,0
ID34244,0.5803,1,Claim,Medium,0
ID45198,0.5803,1,Claim,Medium,0
ID33453,0.5803,1,Claim,Medium,0
ID34638,0.5803,1,Claim,Medium,0
ID39147,0.5803,1,Claim,Medium,0
ID12373,0.5803,1,Claim,Medium,0
ID55315,0.5803,1,Claim,Medium,0
ID04626,0.5803,1,Claim,Medium,0
ID17914,0.5803,1,Claim,Medium,0
ID29562,0.5803,1,Claim,Medium,0
ID41546,0.5803,1,Claim,Medium,0
ID17011,0.5803,1,Claim,Medium,0
ID52419,0.5803,1,Claim,Medium,0
ID25542,0.5803,1,Claim,Medium,0
ID28353,0.5803,1,Claim,Medium,0
ID45127,0.5803,1,Claim,Medium,0
ID27658,0.5803,1,Claim,Medium,0
ID51299,0.5803,1,Claim,Medium,0
ID57073,0.5803,1,Claim,Medium,0
ID50681,0.5803,1,Claim,Medium,0
ID39995,0.5803,1,Claim,Medium,1
ID41784,0.5803,1,Claim,Medium,0
ID01749,0.5803,1,Claim,Medium,0
ID45964,0.5803,1,Claim,Medium,0
ID51740,0.5803,1,Claim,Medium,0
ID37557,0.5803,1,Claim,Medium,0
ID25189,0.5803,1,Claim,Medium,0
ID56078,0.5803,1,Claim,Medium,0
ID55128,0.5803,1,Claim,Medium,1
ID25875,0.5803,1,Claim,Medium,0
ID14914,0.5803,1,Claim,Medium,0
ID08399,0.5803,1,Claim,Medium,0
ID18220,0.5803,1,Claim,Medium,0
ID24799,0.5803,1,Claim,Medium,0
ID30610,0.5803,1,Claim,Medium,0
ID39473,0.5803,1,Claim,Medium,0
ID01949,0.5803,1,Claim,Medium,1
ID41793,0.5803,1,Claim,Medium,0
ID17500,0.5803,1,Claim,Medium,0
ID42923,0.556,1,Claim,Medium,0
ID52712,0.556,1,Claim,Medium,1
ID56715,0.556,1,Claim,Medium,0
ID34698,0.556,1,Claim,Medium,0
ID49481,0.556,1,Claim,Medium,0
ID33541,0.556,1,Claim,Medium,0
ID11586,0.556,1,Claim,Medium,0
ID08623,0.556,1,Claim,Medium,0
ID01168,0.556,1,Claim,Medium,0
ID30742,0.556,1,Claim,Medium,0
ID04367,0.556,1,Claim,Medium,0
ID52512,0.556,1,Claim,Medium,0
ID45374,0.556,1,Claim,Medium,0
ID39089,0.556,1,Claim,Medium,0
ID48152,0.556,1,Claim,Medium,0
ID08495,0.556,1,Claim,Medium,0
ID21284,0.556,1,Claim,Medium,0
ID06900,0.556,1,Claim,Medium,0
ID56292,0.556,1,Claim,Medium,0
ID28145,0.556,1,Claim,Medium,0
ID14243,0.556,1,Claim,Medium,0
ID36330,0.556,1,Claim,Medium,0
ID55184,0.556,1,Claim,Medium,0
ID48912,0.556,1,Claim,Medium,0
ID05455,0.556,1,Claim,Medium,0
ID31253,0.556,1,Claim,Medium,0
ID20519,0.556,1,Claim,Medium,0
ID12211,0.556,1,Claim,Medium,0
ID07714,0.556,1,Claim,Medium,0
ID06617,0.556,1,Claim,Medium,1
ID37500,0.556,1,Claim,Medium,0
ID35015,0.556,1,Claim,Medium,0
ID42397,0.556,1,Claim,Medium,1
ID18530,0.556,1,Claim,Medium,0
ID16622,0.556,1,Claim,Medium,0
ID46497,0.556,1,Claim,Medium,0
ID30145,0.556,1,Claim,Medium,0
ID32285,0.556,1,Claim,Medium,0
ID06157,0.556,1,Claim,Medium,0
ID57907,0.556,1,Claim,Medium,0
ID40958,0.556,1,Claim,Medium,1
ID37282,0.556,1,Claim,Medium,0
ID25292,0.556,1,Claim,Medium,0
ID21318,0.556,1,Claim,Medium,0
ID25167,0.556,1,Claim,Medium,0
ID11434,0.556,1,Claim,Medium,0
ID00559,0.556,1,Claim,Medium,0
ID41451,0.556,1,Claim,Medium,0
ID21438,0.556,1,Claim,Medium,0
ID07546,0.556,1,Claim,Medium,0
ID57444,0.556,1,Claim,Medium,0
ID04667,0.556,1,Claim,Medium,0
ID11476,0.556,1,Claim,Medium,0
ID20287,0.556,1,Claim,Medium,0
ID18266,0.556,1,Claim,Medium,0
ID28503,0.556,1,Claim,Medium,0
ID02110,0.556,1,Claim,Medium,0
ID30042,0.556,1,Claim,Medium,0
ID54223,0.556,1,Claim,Medium,0
ID47057,0.556,1,Claim,Medium,0
ID32818,0.556,1,Claim,Medium,0
ID24547,0.556,1,Claim,Medium,1
ID47851,0.556,1,Claim,Medium,0
ID56863,0.556,1,Claim,Medium,0
ID46814,0.556,1,Claim,Medium,0
ID50238,0.556,1,Claim,Medium,0
ID33323,0.556,1,Claim,Medium,0
ID36194,0.556,1,Claim,Medium,0
ID29447,0.556,1,Claim,Medium,0
ID58130,0.556,1,Claim,Medium,0
ID45766,0.556,1,Claim,Medium,0
ID04702,0.556,1,Claim,Medium,0
ID35716,0.556,1,Claim,Medium,1
ID25497,0.556,1,Claim,Medium,0
ID04233,0.556,1,Claim,Medium,0
ID51679,0.556,1,Claim,Medium,0
ID37257,0.556,1,Claim,Medium,0
ID09896,0.556,1,Claim,Medium,0
ID04260,0.556,1,Claim,Medium,0
ID11496,0.556,1,Claim,Medium,0
ID27841,0.556,1,Claim,Medium,0
ID03834,0.556,1,Claim,Medium,0
ID00234,0.556,1,Claim,Medium,0
ID37081,0.556,1,Claim,Medium,0
ID23795,0.556,1,Claim,Medium,0
ID54370,0.556,1,Claim,Medium,0
ID29804,0.556,1,Claim,Medium,0
ID17296,0.556,1,Claim,Medium,0
ID36002,0.556,1,Claim,Medium,0
ID54526,0.556,1,Claim,Medium,0
ID54099,0.556,1,Claim,Medium,0
ID14501,0.556,1,Claim,Medium,0
ID05367,0.556,1,Claim,Medium,0
ID56789,0.556,1,Claim,Medium,0
ID14453,0.556,1,Claim,Medium,0
ID40722,0.556,1,Claim,Medium,0
ID45782,0.556,1,Claim,Medium,0
ID55117,0.556,1,Claim,Medium,0
ID18079,0.556,1,Claim,Medium,0
ID51279,0.556,1,Claim,Medium,0
ID15129,0.556,1,Claim,Medium,0
ID55858,0.556,1,Claim,Medium,0
ID20931,0.556,1,Claim,Medium,0
ID44653,0.556,1,Claim,Medium,0
ID39983,0.556,1,Claim,Medium,1
ID50465,0.556,1,Claim,Medium,0
ID56252,0.556,1,Claim,Medium,1
ID16753,0.556,1,Claim,Medium,0
ID39817,0.556,1,Claim,Medium,0
ID42343,0.556,1,Claim,Medium,0
ID49211,0.556,1,Claim,Medium,0
ID29831,0.556,1,Claim,Medium,0
ID45382,0.556,1,Claim,Medium,0
ID15815,0.556,1,Claim,Medium,0
ID47747,0.556,1,Claim,Medium,0
ID19360,0.5446,1,Claim,Medium,0
ID19738,0.5446,1,Claim,Medium,0
ID25222,0.5446,1,Claim,Medium,0
ID05338,0.5446,1,Claim,Medium,0
ID29552,0.5446,1,Claim,Medium,0
ID07961,0.5446,1,Claim,Medium,0
ID26940,0.5446,1,Claim,Medium,0
ID21614,0.5446,1,Claim,Medium,0
ID33035,0.5446,1,Claim,Medium,1
ID24765,0.5446,1,Claim,Medium,0
ID15899,0.5446,1,Claim,Medium,0
ID55207,0.5446,1,Claim,Medium,0
ID45140,0.5446,1,Claim,Medium,0
ID15335,0.5446,1,Claim,Medium,0
ID23989,0.5446,1,Claim,Medium,0
ID07062,0.5446,1,Claim,Medium,0
ID46268,0.5446,1,Claim,Medium,0
ID16718,0.5446,1,Claim,Medium,0
ID08515,0.5446,1,Claim,Medium,0
ID23515,0.5446,1,Claim,Medium,0
ID25962,0.5446,1,Claim,Medium,0
ID30248,0.5446,1,Claim,Medium,0
ID40751,0.5446,1,Claim,Medium,1
ID31604,0.5446,1,Claim,Medium,0
ID44321,0.5446,1,Claim,Medium,0
ID49623,0.5446,1,Claim,Medium,0
ID48654,0.5446,1,Claim,Medium,0
ID20922,0.5446,1,Claim,Medium,0
ID05311,0.5446,1,Claim,Medium,0
ID09321,0.5446,1,Claim,Medium,0
ID54242,0.5446,1,Claim,Medium,1
ID42203,0.5446,1,Claim,Medium,0
ID57183,0.5446,1,Claim,Medium,0
ID29430,0.5446,1,Claim,Medium,0
ID42439,0.5446,1,Claim,Medium,0
ID41821,0.5446,1,Claim,Medium,0
ID14827,0.5446,1,Claim,Medium,0
ID03454,0.5446,1,Claim,Medium,0
ID00771,0.5446,1,Claim,Medium,0
ID18660,0.5446,1,Claim,Medium,0
ID01581,0.5446,1,Claim,Medium,0
ID02213,0.5446,1,Claim,Medium,0
ID06387,0.5446,1,Claim,Medium,0
ID20621,0.5446,1,Claim,Medium,0
ID46608,0.5446,1,Claim,Medium,0
ID09010,0.5446,1,Claim,Medium,0
ID40143,0.5446,1,Claim,Medium,0
ID52226,0.5446,1,Claim,Medium,0
ID38721,0.5446,1,Claim,Medium,0
ID57261,0.5446,1,Claim,Medium,0
ID42974,0.5446,1,Claim,Medium,0
ID09014,0.5446,1,Claim,Medium,0
ID20971,0.5446,1,Claim,Medium,0
ID15313,0.5446,1,Claim,Medium,0
ID25413,0.5446,1,Claim,Medium,0
ID19745,0.5446,1,Claim,Medium,0
ID52929,0.5446,1,Claim,Medium,0
ID49369,0.5446,1,Claim,Medium,0
ID40222,0.5446,1,Claim,Medium,0
ID25539,0.5446,1,Claim,Medium,1
ID18108,0.5446,1,Claim,Medium,0
ID10352,0.5446,1,Claim,Medium,0
ID37114,0.5446,1,Claim,Medium,0
ID22131,0.5446,1,Claim,Medium,0
ID36761,0.5446,1,Claim,Medium,0
ID58491,0.5446,1,Claim,Medium,0
ID29962,0.5446,1,Claim,Medium,0
ID11536,0.5446,1,Claim,Medium,0
ID39256,0.5446,1,Claim,Medium,0
ID12246,0.5446,1,Claim,Medium,0
ID00914,0.5446,1,Claim,Medium,0
ID46632,0.5446,1,Claim,Medium,0
ID09548,0.5446,1,Claim,Medium,0
ID01953,0.5446,1,Claim,Medium,0
ID16044,0.5446,1,Claim,Medium,0
ID41305,0.5446,1,Claim,Medium,0
ID09132,0.5446,1,Claim,Medium,0
ID27482,0.5446,1,Claim,Medium,0
ID39975,0.5446,1,Claim,Medium,0
ID15678,0.5446,1,Claim,Medium,0
ID03945,0.5446,1,Claim,Medium,0
ID05785,0.5446,1,Claim,Medium,0
ID51235,0.5446,1,Claim,Medium,0
ID51678,0.5446,1,Claim,Medium,1
ID56966,0.5446,1,Claim,Medium,0
ID04342,0.5446,1,Claim,Medium,0
ID03331,0.5446,1,Claim,Medium,0
ID15762,0.5446,1,Claim,Medium,0
ID45588,0.5446,1,Claim,Medium,0
ID51469,0.5446,1,Claim,Medium,0
ID15556,0.5446,1,Claim,Medium,0
ID18720,0.5446,1,Claim,Medium,0
ID03998,0.5446,1,Claim,Medium,0
ID50349,0.5446,1,Claim,Medium,0
ID40081,0.5446,1,Claim,Medium,0
ID53882,0.5446,1,Claim,Medium,0
ID03006,0.5446,1,Claim,Medium,0
ID28993,0.5446,1,Claim,Medium,0
ID52545,0.5446,1,Claim,Medium,0
ID36143,0.5446,1,Claim,Medium,0
ID44485,0.5446,1,Claim,Medium,0
ID29301,0.5446,1,Claim,Medium,0
ID30909,0.5446,1,Claim,Medium,0
ID48632,0.5446,1,Claim,Medium,0
ID07716,0.5446,1,Claim,Medium,0
ID22158,0.5446,1,Claim,Medium,0
ID40385,0.5446,1,Claim,Medium,0
ID04433,0.5446,1,Claim,Medium,0
ID06805,0.5446,1,Claim,Medium,0
ID28947,0.5446,1,Claim,Medium,0
ID34818,0.5446,1,Claim,Medium,0
ID01947,0.5446,1,Claim,Medium,0
ID43985,0.5446,1,Claim,Medium,0
ID28726,0.5446,1,Claim,Medium,0
ID46380,0.5446,1,Claim,Medium,0
ID45113,0.5446,1,Claim,Medium,0
ID25190,0.5446,1,Claim,Medium,0
ID13396,0.5446,1,Claim,Medium,0
ID12523,0.5446,1,Claim,Medium,0
ID06062,0.5446,1,Claim,Medium,0
ID01249,0.5446,1,Claim,Medium,0
ID51314,0.5446,1,Claim,Medium,0
ID53747,0.5446,1,Claim,Medium,0
ID11050,0.5446,1,Claim,Medium,0
ID17515,0.5446,1,Claim,Medium,0
ID12725,0.5446,1,Claim,Medium,0
ID47292,0.5446,1,Claim,Medium,0
ID16982,0.5446,1,Claim,Medium,0
ID12933,0.5446,1,Claim,Medium,0
ID40153,0.5446,1,Claim,Medium,0
ID36033,0.5446,1,Claim,Medium,0
ID54015,0.5446,1,Claim,Medium,0
ID47613,0.5446,1,Claim,Medium,0
ID20210,0.5446,1,Claim,Medium,0
ID08969,0.5446,1,Claim,Medium,0
ID49765,0.5446,1,Claim,Medium,0
ID15691,0.5446,1,Claim,Medium,0
ID29998,0.5446,1,Claim,Medium,0
ID43680,0.5446,1,Claim,Medium,1
ID22292,0.5446,1,Claim,Medium,1
ID55765,0.5446,1,Claim,Medium,0
ID06989,0.5446,1,Claim,Medium,0
ID54233,0.5446,1,Claim,Medium,0
ID31442,0.5446,1,Claim,Medium,0
ID52039,0.5446,1,Claim,Medium,0
ID18321,0.5446,1,Claim,Medium,0
ID07488,0.5446,1,Claim,Medium,0
ID17113,0.5446,1,Claim,Medium,0
ID39255,0.5446,1,Claim,Medium,0
ID42544,0.5446,1,Claim,Medium,0
ID26675,0.5446,1,Claim,Medium,0
ID37141,0.5446,1,Claim,Medium,0
ID43773,0.5446,1,Claim,Medium,0
ID36501,0.5446,1,Claim,Medium,0
ID49227,0.5446,1,Claim,Medium,0
ID53285,0.5446,1,Claim,Medium,0
ID26085,0.5446,1,Claim,Medium,0
ID27383,0.5446,1,Claim,Medium,0
ID40452,0.5446,1,Claim,Medium,0
ID44820,0.5446,1,Claim,Medium,0
ID15616,0.5446,1,Claim,Medium,0
ID34799,0.5446,1,Claim,Medium,0
ID36404,0.5446,1,Claim,Medium,0
ID44977,0.5446,1,Claim,Medium,0
ID09988,0.5446,1,Claim,Medium,0
ID13326,0.5446,1,Claim,Medium,0
ID13593,0.5446,1,Claim,Medium,0
ID18084,0.5446,1,Claim,Medium,0
ID33930,0.5446,1,Claim,Medium,1
ID36970,0.5446,1,Claim,Medium,0
ID18075,0.5446,1,Claim,Medium,0
ID11134,0.5446,1,Claim,Medium,0
ID47140,0.5446,1,Claim,Medium,0
ID28847,0.5446,1,Claim,Medium,0
ID18402,0.5446,1,Claim,Medium,0
ID02418,0.5446,1,Claim,Medium,0
ID07880,0.5446,1,Claim,Medium,1
ID45568,0.5446,1,Claim,Medium,0
ID42795,0.5446,1,Claim,Medium,0
ID48049,0.5446,1,Claim,Medium,1
ID37208,0.5446,1,Claim,Medium,0
ID45163,0.5446,1,Claim,Medium,0
ID12335,0.5446,1,Claim,Medium,0
ID50703,0.5446,1,Claim,Medium,1
ID37955,0.5446,1,Claim,Medium,0
ID20451,0.5446,1,Claim,Medium,0
ID23531,0.5446,1,Claim,Medium,0
ID21230,0.5446,1,Claim,Medium,0
ID07255,0.5446,1,Claim,Medium,0
ID06968,0.5446,1,Claim,Medium,0
ID41905,0.5446,1,Claim,Medium,0
ID30869,0.5446,1,Claim,Medium,0
ID36395,0.5446,1,Claim,Medium,0
ID20081,0.5446,1,Claim,Medium,0
ID19599,0.5446,1,Claim,Medium,0
ID01353,0.5446,1,Claim,Medium,0
ID50421,0.5446,1,Claim,Medium,0
ID50039,0.5446,1,Claim,Medium,0
ID10172,0.5446,1,Claim,Medium,0
ID46093,0.5446,1,Claim,Medium,1
ID15501,0.5446,1,Claim,Medium,0
ID52522,0.5446,1,Claim,Medium,0
ID41811,0.5446,1,Claim,Medium,0
ID05563,0.5446,1,Claim,Medium,0
ID08018,0.5446,1,Claim,Medium,0
ID16859,0.5446,1,Claim,Medium,0
ID20423,0.5446,1,Claim,Medium,0
ID56679,0.5446,1,Claim,Medium,0
ID54943,0.5446,1,Claim,Medium,0
ID29616,0.5446,1,Claim,Medium,0
ID57307,0.5446,1,Claim,Medium,0
ID31072,0.5446,1,Claim,Medium,0
ID47516,0.5446,1,Claim,Medium,0
ID51815,0.5446,1,Claim,Medium,0
ID07573,0.5446,1,Claim,Medium,0
ID18100,0.5446,1,Claim,Medium,1
ID28340,0.5446,1,Claim,Medium,1
ID30781,0.5446,1,Claim,Medium,0
ID25045,0.5446,1,Claim,Medium,0
ID05062,0.5446,1,Claim,Medium,0
ID40125,0.5446,1,Claim,Medium,0
ID24239,0.5446,1,Claim,Medium,0
ID57380,0.5446,1,Claim,Medium,0
ID29845,0.5446,1,Claim,Medium,0
ID05631,0.5446,1,Claim,Medium,0
ID03555,0.5446,1,Claim,Medium,0
ID49868,0.5446,1,Claim,Medium,0
ID15442,0.5446,1,Claim,Medium,0
ID53180,0.5446,1,Claim,Medium,0
ID02779,0.5446,1,Claim,Medium,0
ID38349,0.5446,1,Claim,Medium,0
ID40838,0.5446,1,Claim,Medium,0
ID01290,0.5446,1,Claim,Medium,0
ID20802,0.5446,1,Claim,Medium,0
ID24780,0.5446,1,Claim,Medium,0
ID32173,0.5446,1,Claim,Medium,0
ID35981,0.5446,1,Claim,Medium,0
ID39595,0.5446,1,Claim,Medium,0
ID21203,0.5446,1,Claim,Medium,0
ID13865,0.5446,1,Claim,Medium,0
ID47005,0.5446,1,Claim,Medium,0
ID34433,0.5446,1,Claim,Medium,0
ID52687,0.5446,1,Claim,Medium,1
ID00690,0.5446,1,Claim,Medium,0
ID30359,0.5446,1,Claim,Medium,0
ID08408,0.5446,1,Claim,Medium,0
ID09987,0.5446,1,Claim,Medium,0
ID55127,0.5446,1,Claim,Medium,0
ID02008,0.5446,1,Claim,Medium,1
ID47414,0.5446,1,Claim,Medium,0
ID29181,0.5446,1,Claim,Medium,0
ID21636,0.5446,1,Claim,Medium,0
ID32300,0.5446,1,Claim,Medium,0
ID06728,0.5446,1,Claim,Medium,0
ID00412,0.5446,1,Claim,Medium,0
ID45122,0.5446,1,Claim,Medium,0
ID03373,0.5446,1,Claim,Medium,0
ID47274,0.5446,1,Claim,Medium,0
ID43819,0.5446,1,Claim,Medium,0
ID47404,0.5446,1,Claim,Medium,0
ID13572,0.5446,1,Claim,Medium,0
ID37574,0.5446,1,Claim,Medium,0
ID40502,0.5446,1,Claim,Medium,0
ID35674,0.5446,1,Claim,Medium,0
ID40557,0.5446,1,Claim,Medium,0
ID42972,0.5446,1,Claim,Medium,0
ID20727,0.5446,1,Claim,Medium,0
ID36083,0.5446,1,Claim,Medium,1
ID13201,0.5446,1,Claim,Medium,0
ID33868,0.5446,1,Claim,Medium,0
ID14394,0.5446,1,Claim,Medium,0
ID30930,0.5446,1,Claim,Medium,0
ID26538,0.5446,1,Claim,Medium,1
ID26899,0.5446,1,Claim,Medium,0
ID35403,0.5446,1,Claim,Medium,0
ID48407,0.5446,1,Claim,Medium,0
ID34047,0.5446,1,Claim,Medium,0
ID43786,0.5446,1,Claim,Medium,0
ID02685,0.5446,1,Claim,Medium,0
ID35729,0.5446,1,Claim,Medium,0
ID05075,0.5446,1,Claim,Medium,0
ID55235,0.5446,1,Claim,Medium,0
ID10526,0.5446,1,Claim,Medium,0
ID42446,0.5446,1,Claim,Medium,1
ID05106,0.5446,1,Claim,Medium,0
ID39499,0.5446,1,Claim,Medium,0
ID30524,0.5446,1,Claim,Medium,0
ID24515,0.5446,1,Claim,Medium,0
ID16692,0.5446,1,Claim,Medium,0
ID53129,0.5446,1,Claim,Medium,0
ID38776,0.5446,1,Claim,Medium,0
ID39585,0.5446,1,Claim,Medium,0
ID49092,0.5446,1,Claim,Medium,0
ID01817,0.5446,1,Claim,Medium,0
ID09956,0.5446,1,Claim,Medium,0
ID23118,0.5446,1,Claim,Medium,0
ID11037,0.5446,1,Claim,Medium,0
ID10442,0.5446,1,Claim,Medium,0
ID23613,0.5446,1,Claim,Medium,0
ID42495,0.5446,1,Claim,Medium,0
ID46500,0.5446,1,Claim,Medium,0
ID00014,0.5446,1,Claim,Medium,0
ID14010,0.5446,1,Claim,Medium,0
ID53064,0.5446,1,Claim,Medium,0
ID21307,0.5446,1,Claim,Medium,0
ID06517,0.5446,1,Claim,Medium,0
ID35976,0.5446,1,Claim,Medium,0
ID37223,0.5446,1,Claim,Medium,0
ID02633,0.5446,1,Claim,Medium,1
ID20789,0.5446,1,Claim,Medium,0
ID19731,0.5446,1,Claim,Medium,0
ID36972,0.5446,1,Claim,Medium,0
ID21242,0.5446,1,Claim,Medium,0
ID06074,0.5446,1,Claim,Medium,0
ID42131,0.5446,1,Claim,Medium,0
ID13195,0.5446,1,Claim,Medium,0
ID44747,0.5446,1,Claim,Medium,0
ID01926,0.5446,1,Claim,Medium,0
ID04193,0.5446,1,Claim,Medium,0
ID43491,0.5446,1,Claim,Medium,0
ID48745,0.5446,1,Claim,Medium,0
ID10713,0.5446,1,Claim,Medium,0
ID38009,0.5446,1,Claim,Medium,1
ID31461,0.5446,1,Claim,Medium,0
ID00303,0.5446,1,Claim,Medium,0
ID34533,0.5446,1,Claim,Medium,0
ID09399,0.5446,1,Claim,Medium,0
ID22685,0.5446,1,Claim,Medium,0
ID52807,0.5446,1,Claim,Medium,0
ID17002,0.5446,1,Claim,Medium,0
ID52970,0.5446,1,Claim,Medium,0
ID07991,0.5446,1,Claim,Medium,0
ID32972,0.5446,1,Claim,Medium,0
ID41285,0.5446,1,Claim,Medium,0
ID35601,0.5446,1,Claim,Medium,0
ID51935,0.5446,1,Claim,Medium,0
ID15021,0.5446,1,Claim,Medium,0
ID53487,0.5446,1,Claim,Medium,1
ID27509,0.5446,1,Claim,Medium,0
ID35640,0.5446,1,Claim,Medium,0
ID57251,0.5446,1,Claim,Medium,0
ID33482,0.5446,1,Claim,Medium,0
ID13319,0.5446,1,Claim,Medium,0
ID12484,0.5446,1,Claim,Medium,0
ID09707,0.5446,1,Claim,Medium,0
ID25610,0.5446,1,Claim,Medium,0
ID25114,0.5446,1,Claim,Medium,0
ID39870,0.5446,1,Claim,Medium,0
ID13995,0.5446,1,Claim,Medium,0
ID28798,0.5446,1,Claim,Medium,1
ID42299,0.5446,1,Claim,Medium,0
ID14067,0.5446,1,Claim,Medium,0
ID28817,0.5446,1,Claim,Medium,0
ID10201,0.5446,1,Claim,Medium,0
ID19631,0.5446,1,Claim,Medium,1
ID09438,0.5446,1,Claim,Medium,0
ID51538,0.5446,1,Claim,Medium,0
ID49755,0.5446,1,Claim,Medium,0
ID44360,0.5446,1,Claim,Medium,1
ID50130,0.5446,1,Claim,Medium,0
ID53986,0.5446,1,Claim,Medium,0
ID54695,0.5446,1,Claim,Medium,0
ID41826,0.5446,1,Claim,Medium,0
ID34363,0.5446,1,Claim,Medium,0
ID06054,0.5446,1,Claim,Medium,0
ID21234,0.5446,1,Claim,Medium,0
ID06746,0.5446,1,Claim,Medium,0
ID37640,0.5446,1,Claim,Medium,0
ID00710,0.5446,1,Claim,Medium,0
ID06604,0.5446,1,Claim,Medium,0
ID13729,0.5446,1,Claim,Medium,0
ID54115,0.5446,1,Claim,Medium,0
ID31754,0.5446,1,Claim,Medium,0
ID35841,0.5446,1,Claim,Medium,0
ID54618,0.5446,1,Claim,Medium,0
ID17448,0.5446,1,Claim,Medium,0
ID45846,0.5446,1,Claim,Medium,0
ID31752,0.5446,1,Claim,Medium,0
ID41030,0.5446,1,Claim,Medium,0
ID58181,0.5446,1,Claim,Medium,0
ID07327,0.5446,1,Claim,Medium,0
ID42059,0.5446,1,Claim,Medium,0
ID16889,0.5446,1,Claim,Medium,0
ID54111,0.5446,1,Claim,Medium,0
ID19002,0.5446,1,Claim,Medium,0
ID03306,0.5446,1,Claim,Medium,0
ID33500,0.5446,1,Claim,Medium,0
ID26728,0.5446,1,Claim,Medium,0
ID56554,0.5446,1,Claim,Medium,0
ID18269,0.5446,1,Claim,Medium,0
ID52281,0.5446,1,Claim,Medium,1
ID38493,0.5446,1,Claim,Medium,0
ID28241,0.5446,1,Claim,Medium,0
ID53254,0.5446,1,Claim,Medium,0
ID13769,0.5446,1,Claim,Medium,0
ID38895,0.5446,1,Claim,Medium,0
ID09986,0.5446,1,Claim,Medium,0
ID28417,0.5446,1,Claim,Medium,0
ID37547,0.5446,1,Claim,Medium,0
ID53371,0.5446,1,Claim,Medium,0
ID44774,0.5446,1,Claim,Medium,0
ID26857,0.5446,1,Claim,Medium,0
ID28342,0.5446,1,Claim,Medium,0
ID09088,0.5446,1,Claim,Medium,0
ID20552,0.5446,1,Claim,Medium,0
ID47272,0.5446,1,Claim,Medium,0
ID11893,0.5446,1,Claim,Medium,0
ID24358,0.5446,1,Claim,Medium,0
ID00558,0.5446,1,Claim,Medium,0
ID46062,0.5446,1,Claim,Medium,0
ID52113,0.5446,1,Claim,Medium,0
ID18784,0.5446,1,Claim,Medium,0
ID28376,0.5446,1,Claim,Medium,1
ID40080,0.5446,1,Claim,Medium,0
ID01217,0.5446,1,Claim,Medium,0
ID23222,0.5446,1,Claim,Medium,0
ID53569,0.5446,1,Claim,Medium,0
ID54264,0.5446,1,Claim,Medium,0
ID52651,0.5446,1,Claim,Medium,1
ID43755,0.5446,1,Claim,Medium,0
ID12110,0.5446,1,Claim,Medium,0
ID39486,0.5446,1,Claim,Medium,0
ID45908,0.5446,1,Claim,Medium,0
ID13801,0.5446,1,Claim,Medium,0
ID35057,0.5446,1,Claim,Medium,0
ID03519,0.5446,1,Claim,Medium,0
ID50565,0.5446,1,Claim,Medium,0
ID28338,0.5446,1,Claim,Medium,0
ID29942,0.5446,1,Claim,Medium,0
ID51240,0.5446,1,Claim,Medium,0
ID36612,0.5446,1,Claim,Medium,0
ID54669,0.5446,1,Claim,Medium,0
ID29594,0.5446,1,Claim,Medium,0
ID27115,0.5446,1,Claim,Medium,0
ID53329,0.5446,1,Claim,Medium,0
ID46795,0.5446,1,Claim,Medium,1
ID21938,0.5446,1,Claim,Medium,0
ID21698,0.5446,1,Claim,Medium,0
ID19859,0.5446,1,Claim,Medium,0
ID38343,0.5446,1,Claim,Medium,0
ID11560,0.5446,1,Claim,Medium,0
ID25260,0.5446,1,Claim,Medium,1
ID46729,0.5446,1,Claim,Medium,0
ID37003,0.5446,1,Claim,Medium,0
ID11423,0.5446,1,Claim,Medium,0
ID29306,0.5446,1,Claim,Medium,0
ID33552,0.5446,1,Claim,Medium,0
ID29099,0.5446,1,Claim,Medium,0
ID25101,0.5446,1,Claim,Medium,0
ID07889,0.5446,1,Claim,Medium,0
ID45526,0.5446,1,Claim,Medium,0
ID51267,0.5446,1,Claim,Medium,0
ID07447,0.5446,1,Claim,Medium,0
ID11254,0.5446,1,Claim,Medium,0
ID02189,0.5446,1,Claim,Medium,0
ID52053,0.5446,1,Claim,Medium,0
ID02139,0.5446,1,Claim,Medium,0
ID00367,0.5446,1,Claim,Medium,0
ID53719,0.5446,1,Claim,Medium,1
ID19982,0.5446,1,Claim,Medium,0
ID32528,0.5446,1,Claim,Medium,0
ID51081,0.5446,1,Claim,Medium,0
ID07544,0.5446,1,Claim,Medium,0
ID54924,0.5446,1,Claim,Medium,0
ID20508,0.5446,1,Claim,Medium,0
ID43714,0.5446,1,Claim,Medium,0
ID04146,0.5446,1,Claim,Medium,0
ID38380,0.5446,1,Claim,Medium,1
ID52897,0.5446,1,Claim,Medium,0
ID18598,0.5446,1,Claim,Medium,0
ID17010,0.5446,1,Claim,Medium,0
ID49060,0.5446,1,Claim,Medium,0
ID51568,0.5446,1,Claim,Medium,0
ID16088,0.5446,1,Claim,Medium,0
ID28741,0.5446,1,Claim,Medium,0
ID05982,0.5446,1,Claim,Medium,0
ID57525,0.5446,1,Claim,Medium,0
ID02043,0.5446,1,Claim,Medium,0
ID35379,0.5446,1,Claim,Medium,0
ID31268,0.5446,1,Claim,Medium,0
ID03087,0.5446,1,Claim,Medium,0
ID49130,0.5446,1,Claim,Medium,0
ID06691,0.5446,1,Claim,Medium,0
ID11765,0.5446,1,Claim,Medium,0
ID17111,0.5446,1,Claim,Medium,0
ID48816,0.5446,1,Claim,Medium,0
ID54689,0.5446,1,Claim,Medium,0
ID39598,0.5446,1,Claim,Medium,0
ID00020,0.5446,1,Claim,Medium,1
ID21475,0.5446,1,Claim,Medium,0
ID37204,0.5446,1,Claim,Medium,0
ID56467,0.5446,1,Claim,Medium,0
ID34984,0.5446,1,Claim,Medium,0
ID15723,0.5446,1,Claim,Medium,0
ID49838,0.5446,1,Claim,Medium,0
ID37082,0.5446,1,Claim,Medium,0
ID44170,0.5446,1,Claim,Medium,1
ID34680,0.5446,1,Claim,Medium,0
ID25931,0.5446,1,Claim,Medium,0
ID50856,0.5446,1,Claim,Medium,0
ID34079,0.5446,1,Claim,Medium,0
ID30116,0.5446,1,Claim,Medium,0
ID05008,0.5446,1,Claim,Medium,0
ID25438,0.5446,1,Claim,Medium,0
ID27816,0.5446,1,Claim,Medium,0
ID15527,0.5446,1,Claim,Medium,0
ID40160,0.5446,1,Claim,Medium,0
ID51854,0.5446,1,Claim,Medium,0
ID21171,0.5446,1,Claim,Medium,0
ID10863,0.5446,1,Claim,Medium,0
ID09958,0.5446,1,Claim,Medium,0
ID46128,0.5446,1,Claim,Medium,0
ID57066,0.5446,1,Claim,Medium,0
ID00929,0.5446,1,Claim,Medium,0
ID43493,0.5446,1,Claim,Medium,0
ID35348,0.5446,1,Claim,Medium,0
ID36028,0.5446,1,Claim,Medium,0
ID09526,0.5446,1,Claim,Medium,0
ID36046,0.5446,1,Claim,Medium,0
ID00842,0.5446,1,Claim,Medium,0
ID42625,0.5446,1,Claim,Medium,0
ID53823,0.5446,1,Claim,Medium,0
ID49591,0.5446,1,Claim,Medium,0
ID39138,0.5446,1,Claim,Medium,0
ID03444,0.5446,1,Claim,Medium,0
ID02834,0.5446,1,Claim,Medium,0
ID27285,0.5446,1,Claim,Medium,0
ID03423,0.5446,1,Claim,Medium,1
ID50978,0.5446,1,Claim,Medium,1
ID51926,0.5446,1,Claim,Medium,0
ID40726,0.5446,1,Claim,Medium,0
ID12390,0.5446,1,Claim,Medium,0
ID46273,0.5446,1,Claim,Medium,0
ID49625,0.5446,1,Claim,Medium,1
ID21112,0.5446,1,Claim,Medium,0
ID57143,0.5446,1,Claim,Medium,0
ID04247,0.5446,1,Claim,Medium,0
ID19582,0.5446,1,Claim,Medium,0
ID29189,0.5446,1,Claim,Medium,0
ID31306,0.5446,1,Claim,Medium,0
ID38869,0.5446,1,Claim,Medium,0
ID49965,0.5446,1,Claim,Medium,0
ID19650,0.5446,1,Claim,Medium,0
ID17245,0.5446,1,Claim,Medium,0
ID22569,0.5446,1,Claim,Medium,0
ID15339,0.5446,1,Claim,Medium,0
ID36897,0.5446,1,Claim,Medium,0
ID02432,0.5446,1,Claim,Medium,0
ID57105,0.5446,1,Claim,Medium,0
ID51297,0.5446,1,Claim,Medium,0
ID00624,0.5446,1,Claim,Medium,0
ID29303,0.5446,1,Claim,Medium,1
ID23428,0.5446,1,Claim,Medium,0
ID55759,0.5446,1,Claim,Medium,0
ID11520,0.5446,1,Claim,Medium,0
ID21427,0.5446,1,Claim,Medium,0
ID21440,0.5446,1,Claim,Medium,0
ID14870,0.5446,1,Claim,Medium,0
ID45217,0.5446,1,Claim,Medium,0
ID45858,0.5446,1,Claim,Medium,0
ID54080,0.5446,1,Claim,Medium,0
ID42781,0.5446,1,Claim,Medium,0
ID46253,0.5446,1,Claim,Medium,0
ID29627,0.5446,1,Claim,Medium,0
ID24827,0.5446,1,Claim,Medium,0
ID45791,0.5446,1,Claim,Medium,0
ID35815,0.5446,1,Claim,Medium,0
ID18732,0.5446,1,Claim,Medium,0
ID52313,0.5446,1,Claim,Medium,0
ID49332,0.5446,1,Claim,Medium,0
ID27980,0.5446,1,Claim,Medium,0
ID16264,0.5446,1,Claim,Medium,1
ID45911,0.5446,1,Claim,Medium,0
ID27725,0.5446,1,Claim,Medium,0
ID25604,0.5446,1,Claim,Medium,0
ID31746,0.5446,1,Claim,Medium,0
ID37429,0.5446,1,Claim,Medium,0
ID17354,0.5446,1,Claim,Medium,0
ID35557,0.5446,1,Claim,Medium,0
ID49906,0.5446,1,Claim,Medium,0
ID53143,0.5446,1,Claim,Medium,0
ID49733,0.5446,1,Claim,Medium,0
ID16160,0.5446,1,Claim,Medium,0
ID29761,0.5446,1,Claim,Medium,0
ID33684,0.5446,1,Claim,Medium,1
ID45817,0.5446,1,Claim,Medium,0
ID15115,0.5446,1,Claim,Medium,0
ID03847,0.5446,1,Claim,Medium,0
ID20967,0.5446,1,Claim,Medium,0
ID30908,0.5446,1,Claim,Medium,0
ID43621,0.5446,1,Claim,Medium,0
ID44786,0.5446,1,Claim,Medium,0
ID26321,0.5446,1,Claim,Medium,0
ID50631,0.5446,1,Claim,Medium,0
ID28774,0.5446,1,Claim,Medium,0
ID32434,0.5446,1,Claim,Medium,0
ID43557,0.5446,1,Claim,Medium,0
ID35843,0.5446,1,Claim,Medium,0
ID18844,0.5446,1,Claim,Medium,0
ID16872,0.5446,1,Claim,Medium,0
ID46475,0.5446,1,Claim,Medium,0
ID49076,0.5446,1,Claim,Medium,1
ID28492,0.5446,1,Claim,Medium,0
ID41373,0.5446,1,Claim,Medium,0
ID33138,0.5446,1,Claim,Medium,0
ID33034,0.5446,1,Claim,Medium,0
ID49027,0.5446,1,Claim,Medium,0
ID08729,0.5446,1,Claim,Medium,0
ID22628,0.5446,1,Claim,Medium,0
ID30641,0.5446,1,Claim,Medium,0
ID57906,0.5446,1,Claim,Medium,0
ID03364,0.5446,1,Claim,Medium,0
ID45540,0.5446,1,Claim,Medium,0
ID57879,0.5446,1,Claim,Medium,0
ID53093,0.5446,1,Claim,Medium,0
ID40812,0.5446,1,Claim,Medium,0
ID14724,0.5446,1,Claim,Medium,0
ID48466,0.5446,1,Claim,Medium,0
ID01425,0.5446,1,Claim,Medium,1
ID58179,0.5446,1,Claim,Medium,0
ID24309,0.5446,1,Claim,Medium,1
ID17797,0.5446,1,Claim,Medium,0
ID10110,0.5446,1,Claim,Medium,0
ID10383,0.5446,1,Claim,Medium,0
ID22371,0.5446,1,Claim,Medium,0
ID46168,0.5446,1,Claim,Medium,0
ID50739,0.5446,1,Claim,Medium,0
ID41008,0.5446,1,Claim,Medium,0
ID04005,0.5446,1,Claim,Medium,0
ID12249,0.5446,1,Claim,Medium,0
ID33829,0.5446,1,Claim,Medium,0
ID04689,0.5446,1,Claim,Medium,0
ID36039,0.5446,1,Claim,Medium,0
ID53146,0.5446,1,Claim,Medium,0
ID34898,0.5446,1,Claim,Medium,0
ID56386,0.5446,1,Claim,Medium,0
ID38357,0.5446,1,Claim,Medium,0
ID54571,0.5446,1,Claim,Medium,0
ID11650,0.5446,1,Claim,Medium,0
ID30396,0.5446,1,Claim,Medium,0
ID56843,0.5446,1,Claim,Medium,0
ID56649,0.5446,1,Claim,Medium,0
ID48207,0.5446,1,Claim,Medium,0
ID26562,0.5446,1,Claim,Medium,0
ID02351,0.5446,1,Claim,Medium,0
ID36064,0.5446,1,Claim,Medium,0
ID11076,0.5446,1,Claim,Medium,0
ID09798,0.5446,1,Claim,Medium,0
ID53688,0.5446,1,Claim,Medium,1
ID57494,0.5446,1,Claim,Medium,0
ID02970,0.5446,1,Claim,Medium,0
ID51855,0.5446,1,Claim,Medium,0
ID23337,0.5446,1,Claim,Medium,0
ID02074,0.5446,1,Claim,Medium,0
ID03124,0.5446,1,Claim,Medium,1
ID09293,0.5446,1,Claim,Medium,1
ID12346,0.5446,1,Claim,Medium,0
ID22840,0.5446,1,Claim,Medium,0
ID22779,0.5446,1,Claim,Medium,0
ID34168,0.5446,1,Claim,Medium,0
ID24750,0.5446,1,Claim,Medium,0
ID53931,0.5446,1,Claim,Medium,0
ID13915,0.5446,1,Claim,Medium,0
ID34955,0.5446,1,Claim,Medium,1
ID27732,0.5446,1,Claim,Medium,0
ID13895,0.5446,1,Claim,Medium,0
ID05101,0.5446,1,Claim,Medium,0
ID57016,0.5446,1,Claim,Medium,0
ID52782,0.5446,1,Claim,Medium,0
ID34593,0.5446,1,Claim,Medium,0
ID33058,0.5446,1,Claim,Medium,0
ID08351,0.5446,1,Claim,Medium,0
ID12840,0.5446,1,Claim,Medium,0
ID17962,0.5446,1,Claim,Medium,0
ID06028,0.5446,1,Claim,Medium,0
ID14777,0.5446,1,Claim,Medium,0
ID03909,0.5446,1,Claim,Medium,0
ID04164,0.5446,1,Claim,Medium,0
ID03732,0.5446,1,Claim,Medium,0
ID14633,0.5446,1,Claim,Medium,0
ID06190,0.5446,1,Claim,Medium,0
ID31951,0.5446,1,Claim,Medium,0
ID41158,0.5446,1,Claim,Medium,0
ID50909,0.5446,1,Claim,Medium,0
ID45712,0.5446,1,Claim,Medium,0
ID31874,0.5446,1,Claim,Medium,0
ID50375,0.5446,1,Claim,Medium,1
ID19310,0.5446,1,Claim,Medium,0
ID22259,0.5446,1,Claim,Medium,0
ID15555,0.5446,1,Claim,Medium,1
ID09893,0.5446,1,Claim,Medium,0
ID21209,0.5446,1,Claim,Medium,0
ID35445,0.5446,1,Claim,Medium,0
ID23832,0.5446,1,Claim,Medium,0
ID05850,0.5446,1,Claim,Medium,0
ID02758,0.5446,1,Claim,Medium,0
ID20812,0.5446,1,Claim,Medium,1
ID21859,0.5446,1,Claim,Medium,0
ID58419,0.5446,1,Claim,Medium,0
ID44997,0.5446,1,Claim,Medium,0
ID43104,0.5446,1,Claim,Medium,0
ID30468,0.5446,1,Claim,Medium,0
ID55625,0.5446,1,Claim,Medium,0
ID24877,0.5446,1,Claim,Medium,1
ID06946,0.5446,1,Claim,Medium,1
ID53695,0.5446,1,Claim,Medium,0
ID55844,0.5446,1,Claim,Medium,0
ID00824,0.5446,1,Claim,Medium,0
ID48101,0.5446,1,Claim,Medium,0
ID41742,0.5446,1,Claim,Medium,0
ID37860,0.5446,1,Claim,Medium,0
ID45194,0.5446,1,Claim,Medium,0
ID17886,0.5446,1,Claim,Medium,1
ID05168,0.5446,1,Claim,Medium,0
ID11240,0.5446,1,Claim,Medium,0
ID43741,0.5446,1,Claim,Medium,0
ID48728,0.5446,1,Claim,Medium,0
ID20261,0.5446,1,Claim,Medium,0
ID35551,0.5446,1,Claim,Medium,0
ID55458,0.5446,1,Claim,Medium,0
ID02601,0.5446,1,Claim,Medium,0
ID33366,0.5446,1,Claim,Medium,0
ID56317,0.5446,1,Claim,Medium,1
ID40679,0.5446,1,Claim,Medium,0
ID29994,0.5446,1,Claim,Medium,0
ID23964,0.5446,1,Claim,Medium,0
ID53100,0.5446,1,Claim,Medium,0
ID30547,0.5446,1,Claim,Medium,0
ID21748,0.5446,1,Claim,Medium,0
ID02969,0.5446,1,Claim,Medium,0
ID05113,0.5446,1,Claim,Medium,0
ID43975,0.5446,1,Claim,Medium,0
ID51701,0.5446,1,Claim,Medium,0
ID11159,0.5446,1,Claim,Medium,0
ID07040,0.5446,1,Claim,Medium,0
ID29178,0.5446,1,Claim,Medium,0
ID24840,0.5446,1,Claim,Medium,0
ID09006,0.5446,1,Claim,Medium,0
ID52719,0.5446,1,Claim,Medium,0
ID24859,0.5446,1,Claim,Medium,0
ID23638,0.5446,1,Claim,Medium,0
ID09631,0.5446,1,Claim,Medium,0
ID15754,0.5446,1,Claim,Medium,1
ID52888,0.5446,1,Claim,Medium,0
ID07189,0.5446,1,Claim,Medium,0
ID21811,0.5446,1,Claim,Medium,0
ID28945,0.5446,1,Claim,Medium,0
ID51485,0.5446,1,Claim,Medium,0
ID35434,0.5446,1,Claim,Medium,0
ID27465,0.5446,1,Claim,Medium,0
ID05398,0.5446,1,Claim,Medium,0
ID54889,0.5446,1,Claim,Medium,0
ID04154,0.5446,1,Claim,Medium,1
ID00603,0.5446,1,Claim,Medium,0
ID52869,0.5446,1,Claim,Medium,0
ID46888,0.5446,1,Claim,Medium,0
ID06193,0.5446,1,Claim,Medium,0
ID04329,0.5446,1,Claim,Medium,0
ID19389,0.5446,1,Claim,Medium,0
ID54605,0.5446,1,Claim,Medium,0
ID10355,0.5446,1,Claim,Medium,0
ID43517,0.5446,1,Claim,Medium,0
ID18409,0.5446,1,Claim,Medium,0
ID26960,0.5446,1,Claim,Medium,1
ID41090,0.5446,1,Claim,Medium,0
ID29394,0.5446,1,Claim,Medium,1
ID02374,0.5446,1,Claim,Medium,0
ID24178,0.5446,1,Claim,Medium,0
ID19305,0.5446,1,Claim,Medium,0
ID57826,0.5446,1,Claim,Medium,0
ID25620,0.5446,1,Claim,Medium,0
ID21720,0.5446,1,Claim,Medium,0
ID16526,0.5446,1,Claim,Medium,0
ID01521,0.5446,1,Claim,Medium,0
ID41216,0.5446,1,Claim,Medium,1
ID45875,0.5446,1,Claim,Medium,0
ID06243,0.5446,1,Claim,Medium,0
ID50184,0.5446,1,Claim,Medium,0
ID46162,0.5446,1,Claim,Medium,0
ID17075,0.5446,1,Claim,Medium,0
ID17215,0.5446,1,Claim,Medium,1
ID17845,0.5446,1,Claim,Medium,0
ID27290,0.5446,1,Claim,Medium,0
ID42672,0.5446,1,Claim,Medium,0
ID30734,0.5446,1,Claim,Medium,0
ID23940,0.5446,1,Claim,Medium,0
ID53483,0.5446,1,Claim,Medium,0
ID17200,0.5446,1,Claim,Medium,0
ID10182,0.5446,1,Claim,Medium,0
ID37161,0.5446,1,Claim,Medium,0
ID20648,0.5446,1,Claim,Medium,0
ID37573,0.5446,1,Claim,Medium,0
ID23718,0.5446,1,Claim,Medium,0
ID42990,0.5446,1,Claim,Medium,0
ID36783,0.5446,1,Claim,Medium,0
ID49900,0.5446,1,Claim,Medium,0
ID04434,0.5446,1,Claim,Medium,0
ID55471,0.5446,1,Claim,Medium,0
ID39748,0.5446,1,Claim,Medium,0
ID27611,0.5446,1,Claim,Medium,0
ID11814,0.5446,1,Claim,Medium,0
ID17155,0.5446,1,Claim,Medium,0
ID31517,0.5446,1,Claim,Medium,0
ID26577,0.5446,1,Claim,Medium,0
ID09031,0.5446,1,Claim,Medium,0
ID54186,0.5446,1,Claim,Medium,1
ID09446,0.5446,1,Claim,Medium,1
ID42496,0.5446,1,Claim,Medium,0
ID19729,0.5446,1,Claim,Medium,0
ID01544,0.5446,1,Claim,Medium,0
ID26191,0.5446,1,Claim,Medium,0
ID22343,0.5446,1,Claim,Medium,0
ID01595,0.5446,1,Claim,Medium,0
ID04083,0.5446,1,Claim,Medium,0
ID48563,0.5446,1,Claim,Medium,0
ID30666,0.5446,1,Claim,Medium,0
ID32352,0.5446,1,Claim,Medium,0
ID25456,0.5446,1,Claim,Medium,1
ID28283,0.5446,1,Claim,Medium,0
ID42588,0.5446,1,Claim,Medium,0
ID41413,0.5446,1,Claim,Medium,0
ID19689,0.5446,1,Claim,Medium,1
ID55469,0.5446,1,Claim,Medium,0
ID43138,0.5446,1,Claim,Medium,1
ID06235,0.5446,1,Claim,Medium,0
ID40701,0.5446,1,Claim,Medium,0
ID38418,0.5446,1,Claim,Medium,0
ID14468,0.5446,1,Claim,Medium,0
ID13386,0.5446,1,Claim,Medium,1
ID19298,0.5446,1,Claim,Medium,0
ID42913,0.5446,1,Claim,Medium,0
ID54188,0.5446,1,Claim,Medium,0
ID41914,0.5446,1,Claim,Medium,0
ID39843,0.5446,1,Claim,Medium,0
ID44891,0.5446,1,Claim,Medium,1
ID51158,0.5446,1,Claim,Medium,0
ID20745,0.5446,1,Claim,Medium,0
ID14205,0.5446,1,Claim,Medium,0
ID42465,0.5446,1,Claim,Medium,0
ID36878,0.5446,1,Claim,Medium,0
ID53288,0.5446,1,Claim,Medium,0
ID13999,0.5446,1,Claim,Medium,0
ID16771,0.5446,1,Claim,Medium,1
ID00151,0.5446,1,Claim,Medium,0
ID18487,0.5446,1,Claim,Medium,0
ID42047,0.5446,1,Claim,Medium,0
ID45490,0.5446,1,Claim,Medium,0
ID10741,0.5446,1,Claim,Medium,1
ID41096,0.5446,1,Claim,Medium,0
ID34203,0.5446,1,Claim,Medium,0
ID23741,0.5446,1,Claim,Medium,1
ID51615,0.5446,1,Claim,Medium,0
ID36167,0.5446,1,Claim,Medium,0
ID44476,0.5446,1,Claim,Medium,0
ID36164,0.5446,1,Claim,Medium,0
ID09704,0.5446,1,Claim,Medium,0
ID56051,0.5446,1,Claim,Medium,0
ID39547,0.5446,1,Claim,Medium,0
ID50832,0.5446,1,Claim,Medium,0
ID38096,0.5446,1,Claim,Medium,0
ID12841,0.5446,1,Claim,Medium,0
ID33200,0.5446,1,Claim,Medium,0
ID55429,0.5446,1,Claim,Medium,0
ID15233,0.5446,1,Claim,Medium,0
ID57474,0.5446,1,Claim,Medium,0
ID16775,0.5446,1,Claim,Medium,0
ID19460,0.5446,1,Claim,Medium,0
ID45874,0.5446,1,Claim,Medium,0
ID49949,0.5446,1,Claim,Medium,0
ID15863,0.5446,1,Claim,Medium,0
ID38695,0.5446,1,Claim,Medium,0
ID32877,0.5446,1,Claim,Medium,0
ID08496,0.5446,1,Claim,Medium,0
ID02623,0.5446,1,Claim,Medium,0
ID46607,0.5446,1,Claim,Medium,0
ID43224,0.5446,1,Claim,Medium,0
ID33141,0.5446,1,Claim,Medium,0
ID10246,0.5446,1,Claim,Medium,0
ID41249,0.5446,1,Claim,Medium,0
ID21982,0.5446,1,Claim,Medium,0
ID20326,0.5446,1,Claim,Medium,0
ID05543,0.5446,1,Claim,Medium,0
ID50646,0.5446,1,Claim,Medium,0
ID49551,0.5446,1,Claim,Medium,0
ID04812,0.5446,1,Claim,Medium,0
ID45028,0.5446,1,Claim,Medium,0
ID10686,0.5446,1,Claim,Medium,0
ID13325,0.5446,1,Claim,Medium,0
ID47436,0.5446,1,Claim,Medium,0
ID36349,0.5446,1,Claim,Medium,0
ID27113,0.5446,1,Claim,Medium,0
ID42408,0.5446,1,Claim,Medium,0
ID40250,0.5446,1,Claim,Medium,0
ID05264,0.5446,1,Claim,Medium,0
ID45898,0.5446,1,Claim,Medium,0
ID03791,0.5446,1,Claim,Medium,1
ID37591,0.5446,1,Claim,Medium,0
ID49856,0.5446,1,Claim,Medium,0
ID02197,0.5446,1,Claim,Medium,0
ID51573,0.5446,1,Claim,Medium,0
ID05790,0.5446,1,Claim,Medium,0
ID43820,0.5446,1,Claim,Medium,0
ID33357,0.5446,1,Claim,Medium,1
ID27814,0.5446,1,Claim,Medium,0
ID36751,0.5446,1,Claim,Medium,1
ID39144,0.5446,1,Claim,Medium,0
ID34226,0.5446,1,Claim,Medium,1
ID45949,0.5446,1,Claim,Medium,0
ID21255,0.5446,1,Claim,Medium,0
ID35247,0.5446,1,Claim,Medium,0
ID04749,0.5446,1,Claim,Medium,0
ID27065,0.5446,1,Claim,Medium,0
ID16288,0.5446,1,Claim,Medium,0
ID49121,0.5446,1,Claim,Medium,0
ID29458,0.5446,1,Claim,Medium,0
ID19619,0.5446,1,Claim,Medium,0
ID29329,0.5446,1,Claim,Medium,0
ID30269,0.5446,1,Claim,Medium,1
ID10613,0.5446,1,Claim,Medium,0
ID14089,0.5446,1,Claim,Medium,0
ID00708,0.5446,1,Claim,Medium,0
ID12497,0.5446,1,Claim,Medium,1
ID16739,0.5446,1,Claim,Medium,0
ID19097,0.5446,1,Claim,Medium,0
ID40460,0.5446,1,Claim,Medium,0
ID35196,0.5446,1,Claim,Medium,0
ID54597,0.5446,1,Claim,Medium,0
ID39894,0.5446,1,Claim,Medium,0
ID01360,0.5446,1,Claim,Medium,1
ID34670,0.5446,1,Claim,Medium,0
ID29790,0.5446,1,Claim,Medium,0
ID11421,0.5446,1,Claim,Medium,1
ID02526,0.5446,1,Claim,Medium,1
ID25247,0.5446,1,Claim,Medium,0
ID38837,0.5446,1,Claim,Medium,0
ID54530,0.5446,1,Claim,Medium,0
ID05188,0.5446,1,Claim,Medium,0
ID53112,0.5446,1,Claim,Medium,0
ID53785,0.5446,1,Claim,Medium,0
ID22386,0.5446,1,Claim,Medium,0
ID23956,0.5446,1,Claim,Medium,0
ID55322,0.5446,1,Claim,Medium,0
ID03925,0.5446,1,Claim,Medium,0
ID43375,0.5446,1,Claim,Medium,0
ID35662,0.5446,1,Claim,Medium,0
ID25335,0.5446,1,Claim,Medium,0
ID51875,0.5446,1,Claim,Medium,0
ID05383,0.5446,1,Claim,Medium,0
ID05533,0.5446,1,Claim,Medium,0
ID35922,0.5446,1,Claim,Medium,0
ID54483,0.5446,1,Claim,Medium,0
ID38736,0.5446,1,Claim,Medium,0
ID53692,0.5446,1,Claim,Medium,0
ID06726,0.5446,1,Claim,Medium,0
ID15124,0.5446,1,Claim,Medium,0
ID01569,0.5446,1,Claim,Medium,0
ID50594,0.5446,1,Claim,Medium,1
ID09990,0.5446,1,Claim,Medium,0
ID47504,0.5446,1,Claim,Medium,0
ID20620,0.5446,1,Claim,Medium,0
ID52270,0.5446,1,Claim,Medium,0
ID53470,0.5446,1,Claim,Medium,0
ID17481,0.5446,1,Claim,Medium,0
ID33272,0.5446,1,Claim,Medium,0
ID39123,0.5446,1,Claim,Medium,0
ID30323,0.5446,1,Claim,Medium,0
ID29719,0.5446,1,Claim,Medium,0
ID54200,0.5446,1,Claim,Medium,0
ID03882,0.5446,1,Claim,Medium,0
ID17514,0.5446,1,Claim,Medium,1
ID10665,0.5446,1,Claim,Medium,0
ID47983,0.5446,1,Claim,Medium,0
ID21672,0.5446,1,Claim,Medium,0
ID41712,0.5446,1,Claim,Medium,0
ID43534,0.5446,1,Claim,Medium,0
ID48570,0.5446,1,Claim,Medium,0
ID57311,0.5446,1,Claim,Medium,0
ID17577,0.5446,1,Claim,Medium,0
ID28208,0.5446,1,Claim,Medium,0
ID58470,0.5446,1,Claim,Medium,0
ID11171,0.5446,1,Claim,Medium,0
ID33109,0.5446,1,Claim,Medium,0
ID42630,0.5446,1,Claim,Medium,0
ID43497,0.5446,1,Claim,Medium,0
ID37001,0.5446,1,Claim,Medium,0
ID06534,0.5446,1,Claim,Medium,0
ID31093,0.5446,1,Claim,Medium,1
ID56650,0.5446,1,Claim,Medium,0
ID43928,0.5446,1,Claim,Medium,0
ID26858,0.5446,1,Claim,Medium,0
ID54920,0.5446,1,Claim,Medium,0
ID11090,0.5446,1,Claim,Medium,0
ID16021,0.5446,1,Claim,Medium,0
ID31121,0.5446,1,Claim,Medium,0
ID17168,0.5446,1,Claim,Medium,0
ID33369,0.5446,1,Claim,Medium,0
ID09072,0.5446,1,Claim,Medium,0
ID38889,0.5446,1,Claim,Medium,0
ID38870,0.5446,1,Claim,Medium,0
ID37127,0.5446,1,Claim,Medium,1
ID27605,0.5446,1,Claim,Medium,0
ID44951,0.5446,1,Claim,Medium,0
ID33830,0.5446,1,Claim,Medium,0
ID25128,0.5446,1,Claim,Medium,0
ID13107,0.5446,1,Claim,Medium,0
ID00105,0.5446,1,Claim,Medium,0
ID55051,0.5446,1,Claim,Medium,0
ID28317,0.5446,1,Claim,Medium,1
ID21813,0.5446,1,Claim,Medium,0
ID06060,0.5446,1,Claim,Medium,0
ID03545,0.5446,1,Claim,Medium,0
ID48386,0.5446,1,Claim,Medium,0
ID54124,0.5446,1,Claim,Medium,1
ID25711,0.5446,1,Claim,Medium,0
ID17770,0.5446,1,Claim,Medium,0
ID30104,0.5446,1,Claim,Medium,0
ID56638,0.5446,1,Claim,Medium,0
ID13980,0.5446,1,Claim,Medium,0
ID54229,0.5446,1,Claim,Medium,0
ID53110,0.5446,1,Claim,Medium,0
ID19242,0.5446,1,Claim,Medium,0
ID55755,0.5446,1,Claim,Medium,0
ID47367,0.5446,1,Claim,Medium,1
ID40062,0.5446,1,Claim,Medium,0
ID33233,0.5446,1,Claim,Medium,0
ID30536,0.5446,1,Claim,Medium,0
ID01740,0.5446,1,Claim,Medium,0
ID15255,0.5446,1,Claim,Medium,0
ID08017,0.5446,1,Claim,Medium,0
ID47952,0.5446,1,Claim,Medium,0
ID25686,0.5446,1,Claim,Medium,1
ID08380,0.5446,1,Claim,Medium,0
ID56065,0.5446,1,Claim,Medium,0
ID28448,0.5446,1,Claim,Medium,0
ID10226,0.5446,1,Claim,Medium,0
ID08462,0.5446,1,Claim,Medium,0
ID42044,0.5446,1,Claim,Medium,0
ID07981,0.5446,1,Claim,Medium,0
ID49895,0.5446,1,Claim,Medium,0
ID28473,0.5446,1,Claim,Medium,0
ID52449,0.5446,1,Claim,Medium,0
ID45518,0.5446,1,Claim,Medium,0
ID58478,0.5446,1,Claim,Medium,0
ID04069,0.5446,1,Claim,Medium,1
ID03305,0.5446,1,Claim,Medium,0
ID40717,0.5446,1,Claim,Medium,0
ID25733,0.5446,1,Claim,Medium,0
ID27631,0.5446,1,Claim,Medium,0
ID10131,0.5446,1,Claim,Medium,0
ID21851,0.5446,1,Claim,Medium,0
ID02562,0.5446,1,Claim,Medium,0
ID43791,0.5446,1,Claim,Medium,0
ID57492,0.5446,1,Claim,Medium,0
ID05638,0.5446,1,Claim,Medium,0
ID17218,0.5446,1,Claim,Medium,0
ID01795,0.5446,1,Claim,Medium,0
ID05084,0.5446,1,Claim,Medium,0
ID52435,0.5446,1,Claim,Medium,0
ID28888,0.5446,1,Claim,Medium,0
ID48615,0.5446,1,Claim,Medium,0
ID30166,0.5446,1,Claim,Medium,0
ID34485,0.5446,1,Claim,Medium,0
ID04078,0.5446,1,Claim,Medium,0
ID20267,0.5446,1,Claim,Medium,0
ID03507,0.5446,1,Claim,Medium,1
ID06018,0.5446,1,Claim,Medium,0
ID28654,0.5446,1,Claim,Medium,0
ID51494,0.5446,1,Claim,Medium,0
ID57921,0.5446,1,Claim,Medium,0
ID41347,0.5446,1,Claim,Medium,0
ID12778,0.5446,1,Claim,Medium,0
ID12946,0.5446,1,Claim,Medium,0
ID12186,0.5446,1,Claim,Medium,0
ID35935,0.5446,1,Claim,Medium,1
ID04989,0.5446,1,Claim,Medium,0
ID20821,0.5446,1,Claim,Medium,0
ID02307,0.5446,1,Claim,Medium,0
ID57514,0.5446,1,Claim,Medium,0
ID48943,0.5446,1,Claim,Medium,0
ID51520,0.5446,1,Claim,Medium,0
ID56633,0.5446,1,Claim,Medium,1
ID08958,0.5446,1,Claim,Medium,0
ID25579,0.5446,1,Claim,Medium,0
ID09979,0.5446,1,Claim,Medium,0
ID31167,0.5446,1,Claim,Medium,0
ID28309,0.5446,1,Claim,Medium,0
ID30599,0.5446,1,Claim,Medium,0
ID51868,0.5446,1,Claim,Medium,0
ID12963,0.5446,1,Claim,Medium,0
ID05922,0.5446,1,Claim,Medium,0
ID39703,0.5446,1,Claim,Medium,0
ID58483,0.5446,1,Claim,Medium,0
ID22645,0.5446,1,Claim,Medium,0
ID37836,0.5446,1,Claim,Medium,0
ID51055,0.5446,1,Claim,Medium,0
ID56419,0.5446,1,Claim,Medium,0
ID58281,0.5446,1,Claim,Medium,0
ID55491,0.5446,1,Claim,Medium,1
ID33931,0.5446,1,Claim,Medium,0
ID08652,0.5446,1,Claim,Medium,0
ID47950,0.5446,1,Claim,Medium,0
ID29833,0.5446,1,Claim,Medium,0
ID38893,0.5446,1,Claim,Medium,0
ID22034,0.5446,1,Claim,Medium,0
ID37293,0.5446,1,Claim,Medium,0
ID05595,0.5446,1,Claim,Medium,0
ID27269,0.5446,1,Claim,Medium,0
ID23062,0.5446,1,Claim,Medium,0
ID34514,0.5446,1,Claim,Medium,0
ID38552,0.5446,1,Claim,Medium,0
ID32078,0.5446,1,Claim,Medium,0
ID10568,0.5446,1,Claim,Medium,0
ID42784,0.5446,1,Claim,Medium,0
ID21053,0.5446,1,Claim,Medium,0
ID09585,0.5446,1,Claim,Medium,0
ID41759,0.5446,1,Claim,Medium,0
ID33247,0.5446,1,Claim,Medium,0
ID00082,0.5446,1,Claim,Medium,0
ID17065,0.5446,1,Claim,Medium,0
ID13055,0.5446,1,Claim,Medium,0
ID00411,0.5446,1,Claim,Medium,0
ID28636,0.5446,1,Claim,Medium,0
ID40867,0.5446,1,Claim,Medium,0
ID18977,0.5446,1,Claim,Medium,0
ID04039,0.5446,1,Claim,Medium,0
ID11449,0.5446,1,Claim,Medium,0
ID40315,0.5446,1,Claim,Medium,1
ID37635,0.5446,1,Claim,Medium,0
ID42613,0.5446,1,Claim,Medium,0
ID11492,0.5446,1,Claim,Medium,0
ID47486,0.5446,1,Claim,Medium,0
ID21275,0.5446,1,Claim,Medium,0
ID29294,0.5446,1,Claim,Medium,0
ID33089,0.5446,1,Claim,Medium,0
ID50086,0.5446,1,Claim,Medium,0
ID19271,0.5446,1,Claim,Medium,0
ID28793,0.5446,1,Claim,Medium,0
ID52505,0.5446,1,Claim,Medium,0
ID05227,0.5446,1,Claim,Medium,0
ID33160,0.5446,1,Claim,Medium,0
ID02141,0.5446,1,Claim,Medium,0
ID11729,0.5446,1,Claim,Medium,0
ID45277,0.5446,1,Claim,Medium,0
ID20976,0.5446,1,Claim,Medium,0
ID33220,0.5446,1,Claim,Medium,0
ID18262,0.5446,1,Claim,Medium,0
ID48487,0.5446,1,Claim,Medium,0
ID35943,0.5446,1,Claim,Medium,0
ID57871,0.5446,1,Claim,Medium,1
ID43552,0.5446,1,Claim,Medium,0
ID27568,0.5446,1,Claim,Medium,0
ID31076,0.5446,1,Claim,Medium,0
ID02331,0.5446,1,Claim,Medium,0
ID31854,0.5446,1,Claim,Medium,0
ID51858,0.5446,1,Claim,Medium,0
ID34370,0.5446,1,Claim,Medium,0
ID20356,0.5446,1,Claim,Medium,1
ID04991,0.5446,1,Claim,Medium,0
ID51569,0.5446,1,Claim,Medium,0
ID23178,0.5446,1,Claim,Medium,0
ID09611,0.5446,1,Claim,Medium,0
ID03806,0.5446,1,Claim,Medium,0
ID06883,0.5446,1,Claim,Medium,0
ID37695,0.5446,1,Claim,Medium,0
ID04074,0.5446,1,Claim,Medium,0
ID30201,0.5446,1,Claim,Medium,0
ID38769,0.5446,1,Claim,Medium,0
ID37446,0.5446,1,Claim,Medium,0
ID26640,0.5446,1,Claim,Medium,0
ID42008,0.5446,1,Claim,Medium,0
ID30893,0.5446,1,Claim,Medium,0
ID29254,0.5446,1,Claim,Medium,0
ID01131,0.5446,1,Claim,Medium,0
ID09758,0.5446,1,Claim,Medium,0
ID48479,0.5446,1,Claim,Medium,1
ID26385,0.5446,1,Claim,Medium,0
ID19415,0.5446,1,Claim,Medium,0
ID43740,0.5446,1,Claim,Medium,0
ID02733,0.5446,1,Claim,Medium,0
ID07184,0.5446,1,Claim,Medium,0
ID30849,0.5446,1,Claim,Medium,0
ID00385,0.5446,1,Claim,Medium,0
ID12351,0.5446,1,Claim,Medium,0
ID44745,0.5446,1,Claim,Medium,0
ID58304,0.5446,1,Claim,Medium,0
ID16667,0.5446,1,Claim,Medium,0
ID40368,0.5446,1,Claim,Medium,0
ID05087,0.5446,1,Claim,Medium,0
ID21802,0.5446,1,Claim,Medium,0
ID33221,0.5446,1,Claim,Medium,0
ID00010,0.5446,1,Claim,Medium,0
ID54276,0.5446,1,Claim,Medium,1
ID07315,0.5446,1,Claim,Medium,0
ID33842,0.5446,1,Claim,Medium,0
ID28612,0.5446,1,Claim,Medium,1
ID00393,0.5446,1,Claim,Medium,0
ID45713,0.5446,1,Claim,Medium,0
ID40668,0.5446,1,Claim,Medium,0
ID28204,0.5446,1,Claim,Medium,0
ID24898,0.5446,1,Claim,Medium,0
ID26159,0.5446,1,Claim,Medium,0
ID14358,0.5446,1,Claim,Medium,1
ID46731,0.5446,1,Claim,Medium,0
ID38668,0.5446,1,Claim,Medium,0
ID21063,0.5446,1,Claim,Medium,0
ID11006,0.5446,1,Claim,Medium,0
ID42671,0.5446,1,Claim,Medium,1
ID46893,0.5446,1,Claim,Medium,0
ID14727,0.5446,1,Claim,Medium,0
ID52246,0.5446,1,Claim,Medium,0
ID36764,0.5446,1,Claim,Medium,0
ID44830,0.5446,1,Claim,Medium,0
ID54773,0.5446,1,Claim,Medium,0
ID35308,0.5446,1,Claim,Medium,0
ID15967,0.5446,1,Claim,Medium,0
ID18151,0.5446,1,Claim,Medium,0
ID36484,0.5446,1,Claim,Medium,1
ID14268,0.5446,1,Claim,Medium,0
ID22738,0.5446,1,Claim,Medium,0
ID05059,0.5446,1,Claim,Medium,0
ID16079,0.5446,1,Claim,Medium,0
ID44648,0.5446,1,Claim,Medium,0
ID57137,0.5446,1,Claim,Medium,0
ID02263,0.5446,1,Claim,Medium,0
ID05629,0.5446,1,Claim,Medium,1
ID52523,0.5248,1,Claim,Medium,0
ID08942,0.5248,1,Claim,Medium,0
ID50893,0.5248,1,Claim,Medium,0
ID40979,0.5248,1,Claim,Medium,0
ID52358,0.5248,1,Claim,Medium,0
ID41140,0.5248,1,Claim,Medium,1
ID56642,0.5248,1,Claim,Medium,0
ID46026,0.5248,1,Claim,Medium,0
ID57910,0.5248,1,Claim,Medium,0
ID11106,0.5248,1,Claim,Medium,0
ID41280,0.5248,1,Claim,Medium,0
ID57521,0.5248,1,Claim,Medium,0
ID17650,0.5248,1,Claim,Medium,0
ID34412,0.5248,1,Claim,Medium,0
ID12713,0.5248,1,Claim,Medium,1
ID39347,0.5248,1,Claim,Medium,0
ID42859,0.5248,1,Claim,Medium,1
ID20204,0.5248,1,Claim,Medium,0
ID03588,0.5248,1,Claim,Medium,0
ID50626,0.5248,1,Claim,Medium,0
ID09012,0.5248,1,Claim,Medium,0
ID16790,0.5248,1,Claim,Medium,0
ID37095,0.5248,1,Claim,Medium,1
ID28909,0.5248,1,Claim,Medium,0
ID39247,0.5248,1,Claim,Medium,0
ID37738,0.5248,1,Claim,Medium,0
ID19793,0.5248,1,Claim,Medium,0
ID08090,0.5248,1,Claim,Medium,0
ID16393,0.5248,1,Claim,Medium,0
ID34881,0.5248,1,Claim,Medium,0
ID32728,0.5248,1,Claim,Medium,0
ID49441,0.5248,1,Claim,Medium,0
ID16892,0.5248,1,Claim,Medium,0
ID56542,0.5248,1,Claim,Medium,0
ID37736,0.5248,1,Claim,Medium,0
ID30988,0.5248,1,Claim,Medium,0
ID19412,0.5248,1,Claim,Medium,0
ID55268,0.5248,1,Claim,Medium,0
ID05890,0.5248,1,Claim,Medium,0
ID52013,0.5248,1,Claim,Medium,0
ID42786,0.5248,1,Claim,Medium,0
ID34710,0.5248,1,Claim,Medium,0
ID04102,0.5248,1,Claim,Medium,0
ID38375,0.5248,1,Claim,Medium,0
ID40441,0.5248,1,Claim,Medium,0
ID49220,0.5248,1,Claim,Medium,0
ID49440,0.5248,1,Claim,Medium,0
ID12149,0.5248,1,Claim,Medium,0
ID23121,0.5248,1,Claim,Medium,0
ID35730,0.5248,1,Claim,Medium,0
ID22630,0.5248,1,Claim,Medium,0
ID15202,0.5248,1,Claim,Medium,0
ID19557,0.5248,1,Claim,Medium,0
ID42222,0.5248,1,Claim,Medium,0
ID45470,0.5248,1,Claim,Medium,0
ID15293,0.5248,1,Claim,Medium,0
ID56836,0.5248,1,Claim,Medium,0
ID58022,0.5248,1,Claim,Medium,0
ID05675,0.5248,1,Claim,Medium,0
ID07944,0.5248,1,Claim,Medium,0
ID31573,0.5248,1,Claim,Medium,0
ID16741,0.5248,1,Claim,Medium,0
ID55135,0.5248,1,Claim,Medium,0
ID42492,0.5248,1,Claim,Medium,0
ID56344,0.5248,1,Claim,Medium,0
ID32211,0.5248,1,Claim,Medium,0
ID23345,0.5248,1,Claim,Medium,0
ID54819,0.5248,1,Claim,Medium,0
ID47682,0.5248,1,Claim,Medium,0
ID37083,0.5248,1,Claim,Medium,0
ID11465,0.5248,1,Claim,Medium,1
ID06578,0.5248,1,Claim,Medium,0
ID29991,0.5248,1,Claim,Medium,0
ID19517,0.5248,1,Claim,Medium,0
ID13321,0.5248,1,Claim,Medium,0
ID58268,0.5248,1,Claim,Medium,0
ID25983,0.5248,1,Claim,Medium,0
ID54616,0.5248,1,Claim,Medium,0
ID14047,0.5248,1,Claim,Medium,0
ID29478,0.5248,1,Claim,Medium,1
ID03879,0.5248,1,Claim,Medium,0
ID44278,0.5248,1,Claim,Medium,0
ID32663,0.5248,1,Claim,Medium,0
ID27380,0.5248,1,Claim,Medium,0
ID35482,0.5248,1,Claim,Medium,0
ID40164,0.5248,1,Claim,Medium,0
ID37059,0.5248,1,Claim,Medium,0
ID00712,0.5248,1,Claim,Medium,0
ID00429,0.5248,1,Claim,Medium,0
ID16447,0.5248,1,Claim,Medium,0
ID22389,0.4806,0,No Claim,Medium,0
ID51693,0.4806,0,No Claim,Medium,1
ID09808,0.4806,0,No Claim,Medium,0
ID43341,0.4806,0,No Claim,Medium,0
ID27419,0.4806,0,No Claim,Medium,0
ID31468,0.4806,0,No Claim,Medium,0
ID22870,0.4806,0,No Claim,Medium,0
ID29461,0.4806,0,No Claim,Medium,0
ID55044,0.4806,0,No Claim,Medium,0
ID15011,0.4806,0,No Claim,Medium,0
ID09057,0.4806,0,No Claim,Medium,0
ID11413,0.4806,0,No Claim,Medium,0
ID42418,0.4806,0,No Claim,Medium,0
ID31204,0.4806,0,No Claim,Medium,0
ID17829,0.4806,0,No Claim,Medium,0
ID34962,0.4806,0,No Claim,Medium,0
ID03352,0.4806,0,No Claim,Medium,0
ID46936,0.4806,0,No Claim,Medium,0
ID31778,0.4806,0,No Claim,Medium,0
ID05969,0.4806,0,No Claim,Medium,0
ID53028,0.4806,0,No Claim,Medium,0
ID43191,0.4806,0,No Claim,Medium,0
ID46968,0.4806,0,No Claim,Medium,0
ID30018,0.4806,0,No Claim,Medium,0
ID52603,0.4806,0,No Claim,Medium,0
ID14042,0.4806,0,No Claim,Medium,0
ID23162,0.4806,0,No Claim,Medium,0
ID08546,0.4806,0,No Claim,Medium,0
ID07218,0.4806,0,No Claim,Medium,0
ID14222,0.4806,0,No Claim,Medium,0
ID11643,0.4806,0,No Claim,Medium,0
ID51270,0.4806,0,No Claim,Medium,0
ID40445,0.4806,0,No Claim,Medium,0
ID45718,0.4806,0,No Claim,Medium,0
ID06494,0.4806,0,No Claim,Medium,0
ID05156,0.4806,0,No Claim,Medium,0
ID11832,0.4806,0,No Claim,Medium,0
ID50644,0.4806,0,No Claim,Medium,0
ID04425,0.4806,0,No Claim,Medium,0
ID07038,0.4806,0,No Claim,Medium,0
ID06184,0.4806,0,No Claim,Medium,0
ID58255,0.4806,0,No Claim,Medium,0
ID53586,0.4806,0,No Claim,Medium,0
ID50387,0.4806,0,No Claim,Medium,0
ID46008,0.4806,0,No Claim,Medium,0
ID55090,0.4806,0,No Claim,Medium,0
ID39608,0.4806,0,No Claim,Medium,0
ID53993,0.4806,0,No Claim,Medium,0
ID53348,0.4806,0,No Claim,Medium,0
ID47227,0.4806,0,No Claim,Medium,0
ID06591,0.4806,0,No Claim,Medium,0
ID31266,0.4806,0,No Claim,Medium,0
ID44036,0.4806,0,No Claim,Medium,1
ID46024,0.4806,0,No Claim,Medium,0
ID02121,0.4806,0,No Claim,Medium,0
ID34604,0.4806,0,No Claim,Medium,1
ID28905,0.4806,0,No Claim,Medium,0
ID09878,0.4806,0,No Claim,Medium,0
ID50533,0.4806,0,No Claim,Medium,0
ID39943,0.4806,0,No Claim,Medium,0
ID49079,0.4806,0,No Claim,Medium,0
ID25646,0.4806,0,No Claim,Medium,0
ID01245,0.4806,0,No Claim,Medium,0
ID35988,0.4806,0,No Claim,Medium,0
ID18766,0.4806,0,No Claim,Medium,0
ID17819,0.4806,0,No Claim,Medium,0
ID40818,0.4806,0,No Claim,Medium,0
ID14247,0.4806,0,No Claim,Medium,1
ID04481,0.4806,0,No Claim,Medium,0
ID00425,0.4806,0,No Claim,Medium,0
ID11130,0.4806,0,No Claim,Medium,0
ID10653,0.4806,0,No Claim,Medium,0
ID47222,0.4806,0,No Claim,Medium,0
ID45853,0.4806,0,No Claim,Medium,0
ID26339,0.4806,0,No Claim,Medium,1
ID57585,0.4806,0,No Claim,Medium,0
ID45739,0.4806,0,No Claim,Medium,1
ID11884,0.4806,0,No Claim,Medium,0
ID19313,0.4806,0,No Claim,Medium,0
ID51181,0.4806,0,No Claim,Medium,0
ID34194,0.4806,0,No Claim,Medium,0
ID36409,0.4806,0,No Claim,Medium,0
ID41532,0.4806,0,No Claim,Medium,0
ID44009,0.4806,0,No Claim,Medium,0
ID29124,0.4806,0,No Claim,Medium,0
ID34771,0.4806,0,No Claim,Medium,0
ID23085,0.4806,0,No Claim,Medium,0
ID38411,0.4806,0,No Claim,Medium,0
ID05725,0.4806,0,No Claim,Medium,0
ID10749,0.4806,0,No Claim,Medium,0
ID58322,0.4806,0,No Claim,Medium,0
ID51273,0.4806,0,No Claim,Medium,0
ID16212,0.4806,0,No Claim,Medium,0
ID25006,0.4806,0,No Claim,Medium,0
ID36059,0.4806,0,No Claim,Medium,0
ID10513,0.4806,0,No Claim,Medium,0
ID45265,0.4806,0,No Claim,Medium,0
ID07388,0.4806,0,No Claim,Medium,0
ID07237,0.4806,0,No Claim,Medium,0
ID08746,0.4806,0,No Claim,Medium,0
ID35463,0.4806,0,No Claim,Medium,0
ID24787,0.4806,0,No Claim,Medium,0
ID18211,0.4806,0,No Claim,Medium,0
ID51608,0.4806,0,No Claim,Medium,0
ID27229,0.4806,0,No Claim,Medium,0
ID33250,0.4806,0,No Claim,Medium,0
ID16142,0.4806,0,No Claim,Medium,0
ID19521,0.4806,0,No Claim,Medium,0
ID24527,0.4806,0,No Claim,Medium,0
ID34679,0.4806,0,No Claim,Medium,0
ID10324,0.4806,0,No Claim,Medium,0
ID37358,0.4806,0,No Claim,Medium,0
ID03560,0.4806,0,No Claim,Medium,0
ID31166,0.4806,0,No Claim,Medium,1
ID09179,0.4806,0,No Claim,Medium,0
ID28537,0.4806,0,No Claim,Medium,0
ID18776,0.4806,0,No Claim,Medium,0
ID01694,0.4806,0,No Claim,Medium,0
ID29502,0.4806,0,No Claim,Medium,0
ID36108,0.4806,0,No Claim,Medium,0
ID45255,0.4806,0,No Claim,Medium,0
ID10693,0.4806,0,No Claim,Medium,0
ID02900,0.4806,0,No Claim,Medium,0
ID12766,0.4806,0,No Claim,Medium,0
ID51320,0.4806,0,No Claim,Medium,0
ID30775,0.4806,0,No Claim,Medium,0
ID39311,0.4806,0,No Claim,Medium,0
ID57365,0.4806,0,No Claim,Medium,0
ID17866,0.4806,0,No Claim,Medium,0
ID24455,0.4806,0,No Claim,Medium,1
ID27356,0.4806,0,No Claim,Medium,0
ID02908,0.4806,0,No Claim,Medium,0
ID46203,0.4806,0,No Claim,Medium,0
ID17272,0.4806,0,No Claim,Medium,0
ID12021,0.4806,0,No Claim,Medium,0
ID56408,0.4806,0,No Claim,Medium,0
ID29264,0.4806,0,No Claim,Medium,0
ID56221,0.4806,0,No Claim,Medium,1
ID30682,0.4806,0,No Claim,Medium,0
ID48696,0.4806,0,No Claim,Medium,0
ID31847,0.4806,0,No Claim,Medium,0
ID25958,0.4806,0,No Claim,Medium,0
ID47293,0.4806,0,No Claim,Medium,0
ID44778,0.4806,0,No Claim,Medium,0
ID00252,0.4806,0,No Claim,Medium,0
ID23070,0.4806,0,No Claim,Medium,0
ID34540,0.4806,0,No Claim,Medium,0
ID25429,0.4806,0,No Claim,Medium,0
ID10624,0.4806,0,No Claim,Medium,0
ID39297,0.4806,0,No Claim,Medium,0
ID12820,0.4806,0,No Claim,Medium,0
ID57527,0.4806,0,No Claim,Medium,0
ID25024,0.4806,0,No Claim,Medium,0
ID15748,0.4806,0,No Claim,Medium,0
ID26524,0.4806,0,No Claim,Medium,0
ID35573,0.4806,0,No Claim,Medium,0
ID44780,0.4806,0,No Claim,Medium,0
ID01790,0.4806,0,No Claim,Medium,0
ID42610,0.4806,0,No Claim,Medium,0
ID55828,0.4806,0,No Claim,Medium,0
ID13170,0.4806,0,No Claim,Medium,0
ID49924,0.4806,0,No Claim,Medium,0
ID03449,0.4806,0,No Claim,Medium,1
ID01699,0.4806,0,No Claim,Medium,0
ID00404,0.4806,0,No Claim,Medium,1
ID04466,0.4806,0,No Claim,Medium,0
ID27531,0.4806,0,No Claim,Medium,0
ID19588,0.4806,0,No Claim,Medium,0
ID09751,0.4806,0,No Claim,Medium,0
ID32847,0.4806,0,No Claim,Medium,0
ID13562,0.4806,0,No Claim,Medium,0
ID28802,0.4806,0,No Claim,Medium,0
ID01944,0.4806,0,No Claim,Medium,0
ID35271,0.4806,0,No Claim,Medium,0
ID05109,0.4806,0,No Claim,Medium,0
ID48555,0.4806,0,No Claim,Medium,0
ID37717,0.4806,0,No Claim,Medium,0
ID25196,0.4806,0,No Claim,Medium,0
ID41203,0.4806,0,No Claim,Medium,0
ID00383,0.4806,0,No Claim,Medium,0
ID25691,0.4806,0,No Claim,Medium,0
ID36924,0.4806,0,No Claim,Medium,0
ID55902,0.4806,0,No Claim,Medium,0
ID12662,0.4806,0,No Claim,Medium,0
ID51908,0.4806,0,No Claim,Medium,0
ID27612,0.4806,0,No Claim,Medium,0
ID44219,0.4806,0,No Claim,Medium,1
ID06856,0.4806,0,No Claim,Medium,1
ID56360,0.4806,0,No Claim,Medium,0
ID51225,0.4806,0,No Claim,Medium,0
ID06828,0.4806,0,No Claim,Medium,0
ID15940,0.4806,0,No Claim,Medium,0
ID13728,0.4806,0,No Claim,Medium,0
ID27750,0.4806,0,No Claim,Medium,0
ID31497,0.4806,0,No Claim,Medium,0
ID53577,0.4806,0,No Claim,Medium,0
ID18438,0.4806,0,No Claim,Medium,0
ID18185,0.4806,0,No Claim,Medium,0
ID56506,0.4806,0,No Claim,Medium,0
ID27944,0.4806,0,No Claim,Medium,0
ID22177,0.4806,0,No Claim,Medium,0
ID57426,0.4806,0,No Claim,Medium,0
ID51492,0.4806,0,No Claim,Medium,0
ID27377,0.4806,0,No Claim,Medium,0
ID29678,0.4806,0,No Claim,Medium,0
ID17694,0.4806,0,No Claim,Medium,0
ID06810,0.4806,0,No Claim,Medium,0
ID24756,0.4806,0,No Claim,Medium,0
ID57690,0.4806,0,No Claim,Medium,0
ID05799,0.4806,0,No Claim,Medium,0
ID24273,0.4806,0,No Claim,Medium,0
ID01975,0.4806,0,No Claim,Medium,0
ID28592,0.4806,0,No Claim,Medium,0
ID52269,0.4806,0,No Claim,Medium,0
ID35193,0.4806,0,No Claim,Medium,0
ID09091,0.4806,0,No Claim,Medium,0
ID24997,0.4806,0,No Claim,Medium,0
ID18257,0.4806,0,No Claim,Medium,0
ID25923,0.4806,0,No Claim,Medium,0
ID22693,0.4806,0,No Claim,Medium,0
ID29681,0.4806,0,No Claim,Medium,0
ID05500,0.4806,0,No Claim,Medium,0
ID42869,0.4806,0,No Claim,Medium,0
ID51894,0.4806,0,No Claim,Medium,0
ID58405,0.4806,0,No Claim,Medium,0
ID49471,0.4806,0,No Claim,Medium,0
ID29337,0.4806,0,No Claim,Medium,0
ID47338,0.4806,0,No Claim,Medium,0
ID31055,0.4806,0,No Claim,Medium,0
ID28659,0.4806,0,No Claim,Medium,0
ID16736,0.4806,0,No Claim,Medium,0
ID01169,0.4806,0,No Claim,Medium,0
ID33808,0.4806,0,No Claim,Medium,0
ID44142,0.4785,0,No Claim,Medium,0
ID15611,0.4785,0,No Claim,Medium,0
ID41575,0.4785,0,No Claim,Medium,0
ID27877,0.4785,0,No Claim,Medium,1
ID30216,0.4785,0,No Claim,Medium,0
ID06721,0.4785,0,No Claim,Medium,1
ID18618,0.4785,0,No Claim,Medium,0
ID07803,0.4785,0,No Claim,Medium,0
ID28006,0.4785,0,No Claim,Medium,0
ID03932,0.4785,0,No Claim,Medium,0
ID49025,0.4785,0,No Claim,Medium,0
ID40121,0.4785,0,No Claim,Medium,0
ID49361,0.4785,0,No Claim,Medium,0
ID17177,0.4785,0,No Claim,Medium,0
ID08008,0.4785,0,No Claim,Medium,0
ID41463,0.4785,0,No Claim,Medium,0
ID10652,0.4785,0,No Claim,Medium,0
ID38680,0.4785,0,No Claim,Medium,0
ID40550,0.4785,0,No Claim,Medium,0
ID28851,0.4785,0,No Claim,Medium,0
ID25699,0.4785,0,No Claim,Medium,0
ID21756,0.4785,0,No Claim,Medium,0
ID00164,0.4785,0,No Claim,Medium,0
ID52697,0.4785,0,No Claim,Medium,0
ID51323,0.4785,0,No Claim,Medium,1
ID09349,0.4785,0,No Claim,Medium,0
ID15693,0.4785,0,No Claim,Medium,0
ID20704,0.4785,0,No Claim,Medium,0
ID14149,0.4785,0,No Claim,Medium,0
ID21930,0.4785,0,No Claim,Medium,0
ID06700,0.4785,0,No Claim,Medium,0
ID44473,0.4785,0,No Claim,Medium,0
ID20308,0.4785,0,No Claim,Medium,0
ID55514,0.4785,0,No Claim,Medium,0
ID12960,0.4785,0,No Claim,Medium,0
ID31507,0.4785,0,No Claim,Medium,0
ID34811,0.4785,0,No Claim,Medium,0
ID43586,0.4785,0,No Claim,Medium,0
ID36759,0.4785,0,No Claim,Medium,1
ID36631,0.4785,0,No Claim,Medium,0
ID44166,0.4785,0,No Claim,Medium,0
ID25519,0.4785,0,No Claim,Medium,0
ID01474,0.4785,0,No Claim,Medium,0
ID38198,0.4785,0,No Claim,Medium,0
ID45223,0.4785,0,No Claim,Medium,0
ID50063,0.4785,0,No Claim,Medium,0
ID26441,0.4785,0,No Claim,Medium,0
ID42816,0.4785,0,No Claim,Medium,0
ID28763,0.4785,0,No Claim,Medium,0
ID09298,0.4785,0,No Claim,Medium,0
ID23069,0.4785,0,No Claim,Medium,0
ID04952,0.4785,0,No Claim,Medium,0
ID54664,0.4785,0,No Claim,Medium,0
ID44732,0.4785,0,No Claim,Medium,0
ID01610,0.4785,0,No Claim,Medium,0
ID00626,0.4785,0,No Claim,Medium,0
ID31365,0.4785,0,No Claim,Medium,0
ID51565,0.4785,0,No Claim,Medium,0
ID54774,0.4785,0,No Claim,Medium,0
ID54143,0.4785,0,No Claim,Medium,0
ID07367,0.4785,0,No Claim,Medium,0
ID30615,0.4785,0,No Claim,Medium,1
ID24357,0.4785,0,No Claim,Medium,0
ID57367,0.4785,0,No Claim,Medium,0
ID00844,0.4785,0,No Claim,Medium,0
ID16879,0.4785,0,No Claim,Medium,1
ID01293,0.4785,0,No Claim,Medium,0
ID55918,0.4785,0,No Claim,Medium,0
ID41043,0.4785,0,No Claim,Medium,0
ID36319,0.4785,0,No Claim,Medium,0
ID10398,0.4785,0,No Claim,Medium,1
ID05681,0.4785,0,No Claim,Medium,1
ID58298,0.4785,0,No Claim,Medium,0
ID39575,0.4785,0,No Claim,Medium,0
ID53769,0.4785,0,No Claim,Medium,0
ID57256,0.4785,0,No Claim,Medium,0
ID32707,0.4785,0,No Claim,Medium,1
ID17938,0.4785,0,No Claim,Medium,0
ID14456,0.4785,0,No Claim,Medium,0
ID13265,0.4785,0,No Claim,Medium,1
ID30798,0.4785,0,No Claim,Medium,0
ID08639,0.4785,0,No Claim,Medium,0
ID48936,0.4785,0,No Claim,Medium,0
ID23559,0.4785,0,No Claim,Medium,0
ID49740,0.4785,0,No Claim,Medium,0
ID02255,0.4785,0,No Claim,Medium,0
ID14903,0.4785,0,No Claim,Medium,0
ID09909,0.4785,0,No Claim,Medium,0
ID30418,0.4785,0,No Claim,Medium,0
ID19665,0.4785,0,No Claim,Medium,0
ID09618,0.4785,0,No Claim,Medium,0
ID04986,0.4785,0,No Claim,Medium,0
ID56770,0.4785,0,No Claim,Medium,1
ID44275,0.4785,0,No Claim,Medium,0
ID19844,0.4785,0,No Claim,Medium,0
ID52551,0.4785,0,No Claim,Medium,0
ID40869,0.4785,0,No Claim,Medium,1
ID20893,0.4785,0,No Claim,Medium,0
ID25104,0.4785,0,No Claim,Medium,0
ID23960,0.4785,0,No Claim,Medium,0
ID23640,0.4785,0,No Claim,Medium,0
ID39140,0.4785,0,No Claim,Medium,0
ID09208,0.4785,0,No Claim,Medium,0
ID35049,0.4785,0,No Claim,Medium,0
ID22578,0.4785,0,No Claim,Medium,0
ID46528,0.4785,0,No Claim,Medium,0
ID44282,0.4785,0,No Claim,Medium,0
ID07161,0.4785,0,No Claim,Medium,0
ID36323,0.4785,0,No Claim,Medium,0
ID07864,0.4785,0,No Claim,Medium,0
ID08745,0.4785,0,No Claim,Medium,0
ID58160,0.4785,0,No Claim,Medium,0
ID37092,0.4785,0,No Claim,Medium,0
ID00263,0.4785,0,No Claim,Medium,0
ID22417,0.4785,0,No Claim,Medium,0
ID35710,0.4785,0,No Claim,Medium,0
ID53369,0.4785,0,No Claim,Medium,0
ID43892,0.4785,0,No Claim,Medium,0
ID34214,0.4785,0,No Claim,Medium,0
ID33832,0.4785,0,No Claim,Medium,0
ID36944,0.4785,0,No Claim,Medium,0
ID05433,0.4785,0,No Claim,Medium,0
ID10649,0.4785,0,No Claim,Medium,0
ID24560,0.4785,0,No Claim,Medium,0
ID00724,0.4785,0,No Claim,Medium,0
ID10164,0.4785,0,No Claim,Medium,0
ID56114,0.4785,0,No Claim,Medium,0
ID28918,0.4785,0,No Claim,Medium,1
ID36408,0.4785,0,No Claim,Medium,0
ID33155,0.4785,0,No Claim,Medium,1
ID38178,0.4785,0,No Claim,Medium,0
ID16302,0.4785,0,No Claim,Medium,0
ID14924,0.4785,0,No Claim,Medium,0
ID01851,0.4785,0,No Claim,Medium,0
ID16268,0.4785,0,No Claim,Medium,0
ID50302,0.4785,0,No Claim,Medium,0
ID15983,0.4785,0,No Claim,Medium,0
ID50612,0.4785,0,No Claim,Medium,0
ID56364,0.4785,0,No Claim,Medium,0
ID43809,0.4785,0,No Claim,Medium,0
ID18089,0.4785,0,No Claim,Medium,0
ID16381,0.4785,0,No Claim,Medium,0
ID11209,0.4785,0,No Claim,Medium,0
ID19568,0.4785,0,No Claim,Medium,0
ID28464,0.4785,0,No Claim,Medium,0
ID42286,0.4785,0,No Claim,Medium,0
ID23177,0.4785,0,No Claim,Medium,0
ID25274,0.4785,0,No Claim,Medium,0
ID08170,0.4785,0,No Claim,Medium,0
ID53871,0.4785,0,No Claim,Medium,0
ID30690,0.4785,0,No Claim,Medium,0
ID38284,0.4785,0,No Claim,Medium,0
ID01643,0.4785,0,No Claim,Medium,0
ID48247,0.4785,0,No Claim,Medium,1
ID27480,0.4785,0,No Claim,Medium,0
ID30256,0.4785,0,No Claim,Medium,0
ID47706,0.4785,0,No Claim,Medium,0
ID45881,0.4785,0,No Claim,Medium,0
ID07378,0.4785,0,No Claim,Medium,0
ID38941,0.4785,0,No Claim,Medium,0
ID31081,0.4785,0,No Claim,Medium,0
ID39847,0.4573,0,No Claim,Medium,0
ID17186,0.4573,0,No Claim,Medium,0
ID39362,0.4573,0,No Claim,Medium,0
ID08761,0.4573,0,No Claim,Medium,0
ID30769,0.4573,0,No Claim,Medium,1
ID41977,0.4573,0,No Claim,Medium,0
ID15348,0.4573,0,No Claim,Medium,0
ID06411,0.4573,0,No Claim,Medium,0
ID07680,0.4573,0,No Claim,Medium,0
ID26455,0.4573,0,No Claim,Medium,0
ID36044,0.4573,0,No Claim,Medium,0
ID33795,0.4573,0,No Claim,Medium,0
ID45771,0.4573,0,No Claim,Medium,0
ID56809,0.4573,0,No Claim,Medium,0
ID02182,0.4573,0,No Claim,Medium,0
ID38363,0.4573,0,No Claim,Medium,0
ID22093,0.4573,0,No Claim,Medium,0
ID37850,0.4573,0,No Claim,Medium,0
ID31001,0.4573,0,No Claim,Medium,0
ID39865,0.4573,0,No Claim,Medium,0
ID07500,0.4573,0,No Claim,Medium,0
ID51256,0.4573,0,No Claim,Medium,0
ID48138,0.4573,0,No Claim,Medium,0
ID47727,0.4573,0,No Claim,Medium,0
ID05454,0.4573,0,No Claim,Medium,0
ID03549,0.4573,0,No Claim,Medium,0
ID04285,0.4573,0,No Claim,Medium,0
ID49773,0.4573,0,No Claim,Medium,0
ID36480,0.4573,0,No Claim,Medium,1
ID39404,0.4573,0,No Claim,Medium,0
ID13416,0.4573,0,No Claim,Medium,0
ID12071,0.4573,0,No Claim,Medium,0
ID48400,0.4573,0,No Claim,Medium,0
ID55372,0.4573,0,No Claim,Medium,0
ID01874,0.4573,0,No Claim,Medium,0
ID57590,0.4573,0,No Claim,Medium,0
ID21220,0.4573,0,No Claim,Medium,0
ID24144,0.4573,0,No Claim,Medium,1
ID15134,0.4573,0,No Claim,Medium,0
ID01711,0.4573,0,No Claim,Medium,0
ID28126,0.4573,0,No Claim,Medium,0
ID34366,0.4573,0,No Claim,Medium,0
ID48226,0.4573,0,No Claim,Medium,0
ID47583,0.4573,0,No Claim,Medium,0
ID50447,0.4573,0,No Claim,Medium,0
ID14110,0.4573,0,No Claim,Medium,0
ID32338,0.4573,0,No Claim,Medium,0
ID30649,0.4573,0,No Claim,Medium,0
ID15007,0.4573,0,No Claim,Medium,0
ID13420,0.4573,0,No Claim,Medium,1
ID35022,0.4573,0,No Claim,Medium,0
ID03815,0.4573,0,No Claim,Medium,0
ID53585,0.4573,0,No Claim,Medium,0
ID38635,0.4573,0,No Claim,Medium,0
ID29847,0.4573,0,No Claim,Medium,0
ID32021,0.4573,0,No Claim,Medium,1
ID57894,0.4573,0,No Claim,Medium,0
ID28499,0.4573,0,No Claim,Medium,1
ID42586,0.4573,0,No Claim,Medium,0
ID07095,0.4573,0,No Claim,Medium,0
ID06355,0.4573,0,No Claim,Medium,0
ID05127,0.4573,0,No Claim,Medium,0
ID34158,0.4573,0,No Claim,Medium,0
ID17453,0.4573,0,No Claim,Medium,0
ID22111,0.4573,0,No Claim,Medium,0
ID33435,0.4573,0,No Claim,Medium,0
ID23126,0.4573,0,No Claim,Medium,0
ID50335,0.4573,0,No Claim,Medium,0
ID15409,0.4573,0,No Claim,Medium,0
ID12517,0.4573,0,No Claim,Medium,0
ID03180,0.4573,0,No Claim,Medium,0
ID19618,0.4573,0,No Claim,Medium,0
ID20350,0.4573,0,No Claim,Medium,0
ID14190,0.4573,0,No Claim,Medium,0
ID21152,0.4573,0,No Claim,Medium,0
ID12780,0.4573,0,No Claim,Medium,0
ID14786,0.4573,0,No Claim,Medium,0
ID11105,0.4573,0,No Claim,Medium,0
ID26223,0.4573,0,No Claim,Medium,0
ID08558,0.4573,0,No Claim,Medium,0
ID13782,0.4573,0,No Claim,Medium,0
ID49178,0.4573,0,No Claim,Medium,0
ID48814,0.4573,0,No Claim,Medium,0
ID16994,0.4573,0,No Claim,Medium,0
ID40180,0.4573,0,No Claim,Medium,0
ID12558,0.4573,0,No Claim,Medium,0
ID18681,0.4573,0,No Claim,Medium,1
ID02940,0.4573,0,No Claim,Medium,0
ID09838,0.4573,0,No Claim,Medium,0
ID37156,0.4573,0,No Claim,Medium,0
ID08128,0.4573,0,No Claim,Medium,0
ID14335,0.4573,0,No Claim,Medium,0
ID41144,0.4573,0,No Claim,Medium,0
ID45310,0.4573,0,No Claim,Medium,1
ID20805,0.4573,0,No Claim,Medium,0
ID49741,0.4573,0,No Claim,Medium,0
ID01479,0.4573,0,No Claim,Medium,0
ID11648,0.4573,0,No Claim,Medium,0
ID11211,0.4573,0,No Claim,Medium,0
ID05288,0.4573,0,No Claim,Medium,0
ID31550,0.4573,0,No Claim,Medium,0
ID55564,0.4573,0,No Claim,Medium,0
ID01237,0.4573,0,No Claim,Medium,0
ID14155,0.4573,0,No Claim,Medium,0
ID00836,0.4573,0,No Claim,Medium,0
ID08982,0.4573,0,No Claim,Medium,0
ID27332,0.4573,0,No Claim,Medium,0
ID18515,0.4545,0,No Claim,Medium,0
ID04139,0.4545,0,No Claim,Medium,0
ID46948,0.4545,0,No Claim,Medium,0
ID25221,0.4545,0,No Claim,Medium,0
ID41737,0.4545,0,No Claim,Medium,0
ID55336,0.4545,0,No Claim,Medium,0
ID50486,0.4545,0,No Claim,Medium,0
ID39833,0.4545,0,No Claim,Medium,0
ID04901,0.4545,0,No Claim,Medium,0
ID06664,0.4545,0,No Claim,Medium,0
ID30888,0.4545,0,No Claim,Medium,0
ID54709,0.4545,0,No Claim,Medium,0
ID15195,0.4545,0,No Claim,Medium,0
ID40854,0.4545,0,No Claim,Medium,0
ID44788,0.4545,0,No Claim,Medium,0
ID58078,0.4545,0,No Claim,Medium,0
ID49700,0.4545,0,No Claim,Medium,0
ID48353,0.4545,0,No Claim,Medium,0
ID16353,0.4545,0,No Claim,Medium,0
ID05229,0.4545,0,No Claim,Medium,0
ID47426,0.4545,0,No Claim,Medium,0
ID10408,0.4545,0,No Claim,Medium,0
ID03520,0.4545,0,No Claim,Medium,0
ID13327,0.4545,0,No Claim,Medium,0
ID40544,0.4545,0,No Claim,Medium,0
ID53099,0.4545,0,No Claim,Medium,0
ID28638,0.4545,0,No Claim,Medium,0
ID40010,0.4545,0,No Claim,Medium,0
ID06245,0.4545,0,No Claim,Medium,0
ID29887,0.4545,0,No Claim,Medium,0
ID12051,0.4545,0,No Claim,Medium,0
ID05221,0.4545,0,No Claim,Medium,0
ID38183,0.4545,0,No Claim,Medium,0
ID09282,0.4545,0,No Claim,Medium,0
ID15986,0.4545,0,No Claim,Medium,1
ID25404,0.4545,0,No Claim,Medium,0
ID52211,0.4545,0,No Claim,Medium,0
ID49622,0.4545,0,No Claim,Medium,0
ID13012,0.4545,0,No Claim,Medium,0
ID06592,0.4545,0,No Claim,Medium,0
ID23358,0.4545,0,No Claim,Medium,0
ID16993,0.4545,0,No Claim,Medium,0
ID55752,0.4545,0,No Claim,Medium,0
ID12431,0.4545,0,No Claim,Medium,0
ID17390,0.4545,0,No Claim,Medium,0
ID01466,0.4545,0,No Claim,Medium,0
ID08225,0.4545,0,No Claim,Medium,0
ID53224,0.4545,0,No Claim,Medium,0
ID21516,0.4545,0,No Claim,Medium,0
ID15473,0.4545,0,No Claim,Medium,0
ID45478,0.4545,0,No Claim,Medium,1
ID22920,0.4545,0,No Claim,Medium,0
ID01310,0.4545,0,No Claim,Medium,0
ID38027,0.4545,0,No Claim,Medium,0
ID33153,0.4545,0,No Claim,Medium,0
ID53754,0.4545,0,No Claim,Medium,0
ID21016,0.4545,0,No Claim,Medium,0
ID43109,0.4545,0,No Claim,Medium,0
ID54983,0.4545,0,No Claim,Medium,0
ID22752,0.4545,0,No Claim,Medium,0
ID07978,0.4545,0,No Claim,Medium,0
ID31385,0.4545,0,No Claim,Medium,0
ID06920,0.4545,0,No Claim,Medium,0
ID22375,0.4545,0,No Claim,Medium,0
ID48397,0.4545,0,No Claim,Medium,0
ID43132,0.4545,0,No Claim,Medium,0
ID19282,0.4545,0,No Claim,Medium,0
ID48362,0.4545,0,No Claim,Medium,0
ID14133,0.4545,0,No Claim,Medium,0
ID27408,0.4545,0,No Claim,Medium,0
ID32019,0.4545,0,No Claim,Medium,0
ID55975,0.4545,0,No Claim,Medium,0
ID43021,0.4545,0,No Claim,Medium,0
ID11910,0.4545,0,No Claim,Medium,0
ID18471,0.4545,0,No Claim,Medium,1
ID34595,0.4545,0,No Claim,Medium,0
ID34553,0.4545,0,No Claim,Medium,0
ID47895,0.4545,0,No Claim,Medium,0
ID42620,0.4545,0,No Claim,Medium,0
ID46143,0.4545,0,No Claim,Medium,0
ID39954,0.4545,0,No Claim,Medium,0
ID15945,0.4545,0,No Claim,Medium,0
ID14738,0.4545,0,No Claim,Medium,0
ID18574,0.4545,0,No Claim,Medium,0
ID01018,0.4545,0,No Claim,Medium,0
ID15432,0.4545,0,No Claim,Medium,0
ID46305,0.4545,0,No Claim,Medium,0
ID26029,0.4545,0,No Claim,Medium,0
ID54929,0.4545,0,No Claim,Medium,0
ID09353,0.4545,0,No Claim,Medium,0
ID22213,0.4545,0,No Claim,Medium,0
ID36055,0.4545,0,No Claim,Medium,0
ID17069,0.4545,0,No Claim,Medium,0
ID09724,0.4545,0,No Claim,Medium,0
ID06579,0.4545,0,No Claim,Medium,0
ID01143,0.4545,0,No Claim,Medium,0
ID52751,0.4545,0,No Claim,Medium,0
ID09495,0.4545,0,No Claim,Medium,0
ID01503,0.4545,0,No Claim,Medium,0
ID30513,0.4545,0,No Claim,Medium,0
ID05140,0.4545,0,No Claim,Medium,0
ID39722,0.4545,0,No Claim,Medium,0
ID30207,0.4545,0,No Claim,Medium,0
ID02222,0.4545,0,No Claim,Medium,0
ID48104,0.4545,0,No Claim,Medium,0
ID37866,0.4545,0,No Claim,Medium,0
ID19066,0.4545,0,No Claim,Medium,0
ID27582,0.4545,0,No Claim,Medium,0
ID03141,0.4545,0,No Claim,Medium,0
ID35305,0.4545,0,No Claim,Medium,0
ID43349,0.4545,0,No Claim,Medium,0
ID29809,0.4545,0,No Claim,Medium,0
ID11853,0.4545,0,No Claim,Medium,0
ID06982,0.4545,0,No Claim,Medium,0
ID24798,0.4545,0,No Claim,Medium,0
ID32823,0.4545,0,No Claim,Medium,0
ID38604,0.4545,0,No Claim,Medium,0
ID24142,0.4545,0,No Claim,Medium,0
ID29686,0.4545,0,No Claim,Medium,0
ID39901,0.4545,0,No Claim,Medium,0
ID11790,0.4545,0,No Claim,Medium,0
ID18562,0.4545,0,No Claim,Medium,0
ID07039,0.4545,0,No Claim,Medium,0
ID56232,0.4545,0,No Claim,Medium,0
ID39647,0.4545,0,No Claim,Medium,0
ID42471,0.4545,0,No Claim,Medium,0
ID08791,0.4545,0,No Claim,Medium,0
ID16272,0.4545,0,No Claim,Medium,0
ID22096,0.4545,0,No Claim,Medium,0
ID29590,0.4545,0,No Claim,Medium,0
ID23893,0.4545,0,No Claim,Medium,0
ID26709,0.4545,0,No Claim,Medium,0
ID37890,0.4545,0,No Claim,Medium,0
ID52885,0.4545,0,No Claim,Medium,0
ID34591,0.4545,0,No Claim,Medium,0
ID38218,0.4545,0,No Claim,Medium,0
ID12493,0.4545,0,No Claim,Medium,0
ID49430,0.4545,0,No Claim,Medium,0
ID43223,0.4545,0,No Claim,Medium,0
ID20766,0.4545,0,No Claim,Medium,0
ID28917,0.4545,0,No Claim,Medium,0
ID30814,0.4545,0,No Claim,Medium,1
ID16001,0.4545,0,No Claim,Medium,0
ID38701,0.4545,0,No Claim,Medium,0
ID04805,0.4545,0,No Claim,Medium,0
ID58258,0.4545,0,No Claim,Medium,1
ID39639,0.4545,0,No Claim,Medium,0
ID39644,0.4545,0,No Claim,Medium,0
ID29417,0.4545,0,No Claim,Medium,0
ID32042,0.4545,0,No Claim,Medium,0
ID43682,0.4545,0,No Claim,Medium,0
ID58061,0.4545,0,No Claim,Medium,0
ID40478,0.4545,0,No Claim,Medium,0
ID52381,0.4545,0,No Claim,Medium,0
ID06792,0.4545,0,No Claim,Medium,0
ID14244,0.4545,0,No Claim,Medium,0
ID42831,0.4545,0,No Claim,Medium,0
ID23547,0.4545,0,No Claim,Medium,0
ID55400,0.4545,0,No Claim,Medium,0
ID53263,0.4545,0,No Claim,Medium,0
ID46438,0.4545,0,No Claim,Medium,0
ID55036,0.4545,0,No Claim,Medium,0
ID58003,0.4545,0,No Claim,Medium,0
ID50364,0.4545,0,No Claim,Medium,0
ID09642,0.4545,0,No Claim,Medium,0
ID58106,0.4545,0,No Claim,Medium,0
ID53444,0.4545,0,No Claim,Medium,0
ID24637,0.4545,0,No Claim,Medium,0
ID50329,0.4545,0,No Claim,Medium,0
ID08805,0.4545,0,No Claim,Medium,0
ID13974,0.4545,0,No Claim,Medium,0
ID47646,0.4545,0,No Claim,Medium,1
ID52745,0.4545,0,No Claim,Medium,0
ID58569,0.4545,0,No Claim,Medium,0
ID31414,0.4545,0,No Claim,Medium,0
ID40758,0.4545,0,No Claim,Medium,0
ID52118,0.4545,0,No Claim,Medium,0
ID12623,0.4545,0,No Claim,Medium,0
ID24712,0.4545,0,No Claim,Medium,0
ID54609,0.4545,0,No Claim,Medium,0
ID10840,0.4545,0,No Claim,Medium,0
ID05865,0.4545,0,No Claim,Medium,1
ID27145,0.4545,0,No Claim,Medium,0
ID49086,0.4545,0,No Claim,Medium,0
ID32547,0.4545,0,No Claim,Medium,0
ID24465,0.4545,0,No Claim,Medium,0
ID01989,0.4545,0,No Claim,Medium,1
ID31518,0.4545,0,No Claim,Medium,0
ID39579,0.4545,0,No Claim,Medium,0
ID55240,0.4545,0,No Claim,Medium,0
ID11663,0.4545,0,No Claim,Medium,0
ID47759,0.4545,0,No Claim,Medium,0
ID51846,0.4545,0,No Claim,Medium,0
ID08360,0.4545,0,No Claim,Medium,0
ID10794,0.4545,0,No Claim,Medium,0
ID42847,0.4545,0,No Claim,Medium,0
ID21878,0.4545,0,No Claim,Medium,0
ID16135,0.4545,0,No Claim,Medium,0
ID22586,0.4545,0,No Claim,Medium,0
ID02026,0.4545,0,No Claim,Medium,0
ID43937,0.4545,0,No Claim,Medium,0
ID00159,0.4545,0,No Claim,Medium,0
ID17421,0.4545,0,No Claim,Medium,0
ID05038,0.4545,0,No Claim,Medium,0
ID09297,0.4545,0,No Claim,Medium,0
ID31418,0.4545,0,No Claim,Medium,0
ID11862,0.4545,0,No Claim,Medium,0
ID42959,0.4545,0,No Claim,Medium,0
ID40056,0.4545,0,No Claim,Medium,0
ID37030,0.4545,0,No Claim,Medium,0
ID52703,0.4545,0,No Claim,Medium,0
ID02179,0.4545,0,No Claim,Medium,0
ID37780,0.4545,0,No Claim,Medium,0
ID58308,0.4545,0,No Claim,Medium,0
ID20067,0.4545,0,No Claim,Medium,0
ID35146,0.4545,0,No Claim,Medium,0
ID14852,0.4545,0,No Claim,Medium,0
ID18579,0.4545,0,No Claim,Medium,0
ID42706,0.4545,0,No Claim,Medium,0
ID30768,0.4545,0,No Claim,Medium,0
ID27921,0.4545,0,No Claim,Medium,0
ID56149,0.4545,0,No Claim,Medium,0
ID30438,0.4545,0,No Claim,Medium,0
ID00125,0.4545,0,No Claim,Medium,0
ID24388,0.4545,0,No Claim,Medium,0
ID15060,0.4545,0,No Claim,Medium,0
ID19873,0.4545,0,No Claim,Medium,0
ID00967,0.4545,0,No Claim,Medium,0
ID05480,0.4545,0,No Claim,Medium,0
ID57904,0.4545,0,No Claim,Medium,0
ID45536,0.4545,0,No Claim,Medium,0
ID37984,0.4545,0,No Claim,Medium,0
ID10150,0.4545,0,No Claim,Medium,0
ID11877,0.4545,0,No Claim,Medium,0
ID45481,0.4545,0,No Claim,Medium,1
ID27718,0.4545,0,No Claim,Medium,0
ID53478,0.4545,0,No Claim,Medium,0
ID16330,0.4545,0,No Claim,Medium,0
ID09527,0.4545,0,No Claim,Medium,0
ID06454,0.4545,0,No Claim,Medium,0
ID43993,0.4545,0,No Claim,Medium,0
ID28530,0.4545,0,No Claim,Medium,0
ID25154,0.4545,0,No Claim,Medium,0
ID48971,0.4545,0,No Claim,Medium,0
ID55022,0.4545,0,No Claim,Medium,0
ID44411,0.4545,0,No Claim,Medium,0
ID22860,0.4545,0,No Claim,Medium,0
ID10911,0.4545,0,No Claim,Medium,0
ID30358,0.4545,0,No Claim,Medium,0
ID22024,0.4545,0,No Claim,Medium,0
ID20389,0.4545,0,No Claim,Medium,0
ID31359,0.4545,0,No Claim,Medium,0
ID06960,0.4545,0,No Claim,Medium,0
ID52894,0.4545,0,No Claim,Medium,0
ID04514,0.4545,0,No Claim,Medium,0
ID10841,0.4545,0,No Claim,Medium,0
ID33175,0.4545,0,No Claim,Medium,0
ID18457,0.4545,0,No Claim,Medium,0
ID44792,0.4545,0,No Claim,Medium,0
ID04623,0.4545,0,No Claim,Medium,0
ID15006,0.4545,0,No Claim,Medium,0
ID29697,0.4545,0,No Claim,Medium,0
ID47494,0.4545,0,No Claim,Medium,0
ID32943,0.4545,0,No Claim,Medium,0
ID28547,0.4545,0,No Claim,Medium,0
ID38069,0.4545,0,No Claim,Medium,0
ID21869,0.4545,0,No Claim,Medium,0
ID15196,0.4545,0,No Claim,Medium,0
ID32666,0.4545,0,No Claim,Medium,0
ID46400,0.4545,0,No Claim,Medium,0
ID25170,0.4545,0,No Claim,Medium,0
ID24940,0.4545,0,No Claim,Medium,0
ID07732,0.4545,0,No Claim,Medium,0
ID17332,0.4545,0,No Claim,Medium,0
ID14116,0.4545,0,No Claim,Medium,0
ID45989,0.4545,0,No Claim,Medium,0
ID08500,0.4545,0,No Claim,Medium,0
ID35017,0.4545,0,No Claim,Medium,0
ID40252,0.4545,0,No Claim,Medium,0
ID34338,0.4545,0,No Claim,Medium,0
ID02990,0.4545,0,No Claim,Medium,0
ID03970,0.4545,0,No Claim,Medium,0
ID30255,0.4545,0,No Claim,Medium,0
ID39543,0.4545,0,No Claim,Medium,0
ID03468,0.4545,0,No Claim,Medium,1
ID46005,0.4545,0,No Claim,Medium,0
ID38798,0.4545,0,No Claim,Medium,0
ID52306,0.4545,0,No Claim,Medium,0
ID04770,0.4545,0,No Claim,Medium,0
ID54025,0.4545,0,No Claim,Medium,0
ID19542,0.4545,0,No Claim,Medium,0
ID40817,0.4545,0,No Claim,Medium,0
ID35506,0.4545,0,No Claim,Medium,0
ID34071,0.4545,0,No Claim,Medium,0
ID45459,0.4545,0,No Claim,Medium,0
ID10083,0.4545,0,No Claim,Medium,0
ID07556,0.4545,0,No Claim,Medium,0
ID05092,0.4545,0,No Claim,Medium,0
ID31098,0.4545,0,No Claim,Medium,0
ID28823,0.4545,0,No Claim,Medium,0
ID33210,0.4545,0,No Claim,Medium,0
ID50883,0.4545,0,No Claim,Medium,0
ID50363,0.4545,0,No Claim,Medium,0
ID29948,0.4545,0,No Claim,Medium,0
ID10523,0.4545,0,No Claim,Medium,0
ID23986,0.4545,0,No Claim,Medium,0
ID12812,0.4545,0,No Claim,Medium,0
ID27140,0.4315,0,No Claim,Medium,0
ID22333,0.4315,0,No Claim,Medium,0
ID40278,0.4315,0,No Claim,Medium,0
ID27394,0.4315,0,No Claim,Medium,0
ID33889,0.4315,0,No Claim,Medium,0
ID45522,0.4315,0,No Claim,Medium,0
ID21248,0.4315,0,No Claim,Medium,0
ID02580,0.4315,0,No Claim,Medium,0
ID37535,0.4315,0,No Claim,Medium,0
ID52838,0.4315,0,No Claim,Medium,0
ID24895,0.4315,0,No Claim,Medium,0
ID29754,0.4315,0,No Claim,Medium,0
ID40813,0.4315,0,No Claim,Medium,0
ID09501,0.4315,0,No Claim,Medium,0
ID18225,0.4315,0,No Claim,Medium,0
ID04010,0.4315,0,No Claim,Medium,0
ID48860,0.4315,0,No Claim,Medium,0
ID54686,0.4315,0,No Claim,Medium,0
ID18011,0.4315,0,No Claim,Medium,0
ID55950,0.4315,0,No Claim,Medium,0
ID39468,0.4315,0,No Claim,Medium,0
ID36521,0.4315,0,No Claim,Medium,0
ID31824,0.4315,0,No Claim,Medium,0
ID19531,0.4315,0,No Claim,Medium,0
ID22061,0.4315,0,No Claim,Medium,1
ID50065,0.4315,0,No Claim,Medium,0
ID57141,0.4315,0,No Claim,Medium,0
ID23699,0.4315,0,No Claim,Medium,0
ID04665,0.4315,0,No Claim,Medium,0
ID11418,0.4315,0,No Claim,Medium,0
ID08466,0.4315,0,No Claim,Medium,0
ID53684,0.4315,0,No Claim,Medium,0
ID19895,0.4315,0,No Claim,Medium,0
ID50570,0.4315,0,No Claim,Medium,0
ID34302,0.4315,0,No Claim,Medium,0
ID53380,0.4315,0,No Claim,Medium,0
ID08554,0.4315,0,No Claim,Medium,0
ID09009,0.4315,0,No Claim,Medium,1
ID17561,0.4315,0,No Claim,Medium,0
ID28393,0.4315,0,No Claim,Medium,0
ID42253,0.4315,0,No Claim,Medium,0
ID09335,0.4315,0,No Claim,Medium,0
ID32831,0.4315,0,No Claim,Medium,1
ID28200,0.4315,0,No Claim,Medium,0
ID10115,0.4315,0,No Claim,Medium,0
ID31084,0.4315,0,No Claim,Medium,0
ID17328,0.4315,0,No Claim,Medium,0
ID08421,0.4315,0,No Claim,Medium,0
ID35612,0.4315,0,No Claim,Medium,0
ID46899,0.4315,0,No Claim,Medium,0
ID20910,0.4315,0,No Claim,Medium,0
ID42749,0.4315,0,No Claim,Medium,1
ID44160,0.4315,0,No Claim,Medium,0
ID29598,0.4315,0,No Claim,Medium,1
ID49140,0.4315,0,No Claim,Medium,1
ID47739,0.4315,0,No Claim,Medium,1
ID30928,0.4315,0,No Claim,Medium,0
ID30919,0.4315,0,No Claim,Medium,0
ID02386,0.4315,0,No Claim,Medium,0
ID04169,0.4315,0,No Claim,Medium,0
ID29546,0.4315,0,No Claim,Medium,0
ID06204,0.4315,0,No Claim,Medium,0
ID45475,0.4315,0,No Claim,Medium,0
ID38822,0.4315,0,No Claim,Medium,0
ID46806,0.4315,0,No Claim,Medium,0
ID07470,0.4315,0,No Claim,Medium,0
ID11092,0.4315,0,No Claim,Medium,0
ID17049,0.4315,0,No Claim,Medium,0
ID52756,0.4315,0,No Claim,Medium,0
ID12511,0.4315,0,No Claim,Medium,0
ID17826,0.4315,0,No Claim,Medium,0
ID08249,0.4315,0,No Claim,Medium,0
ID40525,0.4315,0,No Claim,Medium,0
ID18942,0.4315,0,No Claim,Medium,0
ID16563,0.4315,0,No Claim,Medium,0
ID49473,0.4315,0,No Claim,Medium,0
ID41661,0.4315,0,No Claim,Medium,0
ID49405,0.4315,0,No Claim,Medium,0
ID08935,0.4315,0,No Claim,Medium,0
ID13560,0.4315,0,No Claim,Medium,0
ID57006,0.4315,0,No Claim,Medium,0
ID52570,0.4315,0,No Claim,Medium,0
ID34002,0.4315,0,No Claim,Medium,0
ID25171,0.4315,0,No Claim,Medium,1
ID19355,0.4315,0,No Claim,Medium,1
ID37665,0.4315,0,No Claim,Medium,0
ID39624,0.4315,0,No Claim,Medium,0
ID25828,0.4315,0,No Claim,Medium,0
ID22925,0.4315,0,No Claim,Medium,0
ID55774,0.4315,0,No Claim,Medium,0
ID40617,0.4315,0,No Claim,Medium,0
ID47624,0.4315,0,No Claim,Medium,0
ID54305,0.4315,0,No Claim,Medium,0
ID29670,0.4315,0,No Claim,Medium,0
ID50140,0.4315,0,No Claim,Medium,0
ID15032,0.4315,0,No Claim,Medium,0
ID17121,0.4315,0,No Claim,Medium,0
ID37785,0.4315,0,No Claim,Medium,0
ID11057,0.4315,0,No Claim,Medium,0
ID45453,0.4315,0,No Claim,Medium,0
ID11284,0.4315,0,No Claim,Medium,0
ID08055,0.4315,0,No Claim,Medium,0
ID46800,0.4315,0,No Claim,Medium,0
ID19391,0.4315,0,No Claim,Medium,0
ID56870,0.4315,0,No Claim,Medium,0
ID31057,0.4315,0,No Claim,Medium,0
ID32808,0.4315,0,No Claim,Medium,0
ID03420,0.4315,0,No Claim,Medium,0
ID48040,0.4315,0,No Claim,Medium,0
ID56871,0.4315,0,No Claim,Medium,0
ID09158,0.4315,0,No Claim,Medium,0
ID29247,0.4315,0,No Claim,Medium,0
ID38937,0.4315,0,No Claim,Medium,0
ID33467,0.4315,0,No Claim,Medium,0
ID31842,0.4315,0,No Claim,Medium,0
ID23985,0.4315,0,No Claim,Medium,0
ID49125,0.4315,0,No Claim,Medium,0
ID39305,0.4315,0,No Claim,Medium,0
ID56309,0.4315,0,No Claim,Medium,0
ID35401,0.4315,0,No Claim,Medium,0
ID08132,0.4315,0,No Claim,Medium,0
ID05645,0.4315,0,No Claim,Medium,0
ID32646,0.4315,0,No Claim,Medium,0
ID51814,0.4315,0,No Claim,Medium,0
ID54040,0.4315,0,No Claim,Medium,0
ID55908,0.4315,0,No Claim,Medium,0
ID54339,0.4315,0,No Claim,Medium,1
ID45372,0.4315,0,No Claim,Medium,0
ID04098,0.4315,0,No Claim,Medium,0
ID21867,0.4315,0,No Claim,Medium,0
ID52607,0.4315,0,No Claim,Medium,0
ID55316,0.4315,0,No Claim,Medium,0
ID34743,0.4315,0,No Claim,Medium,0
ID55659,0.4315,0,No Claim,Medium,0
ID01647,0.4315,0,No Claim,Medium,0
ID10560,0.4315,0,No Claim,Medium,0
ID12007,0.4315,0,No Claim,Medium,0
ID51993,0.4315,0,No Claim,Medium,0
ID36426,0.4315,0,No Claim,Medium,0
ID00875,0.4315,0,No Claim,Medium,0
ID54818,0.4315,0,No Claim,Medium,0
ID00907,0.4315,0,No Claim,Medium,0
ID35851,0.4315,0,No Claim,Medium,0
ID22828,0.4315,0,No Claim,Medium,0
ID08702,0.4315,0,No Claim,Medium,0
ID31130,0.4315,0,No Claim,Medium,0
ID06503,0.4315,0,No Claim,Medium,0
ID29084,0.4315,0,No Claim,Medium,0
ID12811,0.4315,0,No Claim,Medium,0
ID40494,0.4315,0,No Claim,Medium,0
ID52392,0.4315,0,No Claim,Medium,0
ID09405,0.4315,0,No Claim,Medium,0
ID04057,0.4315,0,No Claim,Medium,0
ID35655,0.4315,0,No Claim,Medium,0
ID23198,0.4315,0,No Claim,Medium,0
ID44538,0.4315,0,No Claim,Medium,0
ID02034,0.4315,0,No Claim,Medium,0
ID20165,0.4315,0,No Claim,Medium,0
ID24630,0.4315,0,No Claim,Medium,0
ID28402,0.4315,0,No Claim,Medium,0
ID15537,0.4315,0,No Claim,Medium,0
ID57740,0.4315,0,No Claim,Medium,0
ID45350,0.4315,0,No Claim,Medium,0
ID50305,0.4315,0,No Claim,Medium,0
ID36345,0.4315,0,No Claim,Medium,0
ID23453,0.4315,0,No Claim,Medium,1
ID49536,0.4315,0,No Claim,Medium,1
ID22088,0.4315,0,No Claim,Medium,0
ID44690,0.4315,0,No Claim,Medium,0
ID49683,0.4315,0,No Claim,Medium,0
ID46883,0.4315,0,No Claim,Medium,1
ID18506,0.4315,0,No Claim,Medium,0
ID20897,0.4315,0,No Claim,Medium,0
ID12076,0.4315,0,No Claim,Medium,0
ID32028,0.4315,0,No Claim,Medium,0
ID49528,0.4315,0,No Claim,Medium,0
ID22573,0.4315,0,No Claim,Medium,0
ID35494,0.4315,0,No Claim,Medium,0
ID01254,0.4315,0,No Claim,Medium,0
ID47907,0.4315,0,No Claim,Medium,0
ID23101,0.4315,0,No Claim,Medium,0
ID40146,0.4315,0,No Claim,Medium,0
ID16649,0.4315,0,No Claim,Medium,0
ID22997,0.4315,0,No Claim,Medium,0
ID22378,0.4315,0,No Claim,Medium,0
ID29431,0.4315,0,No Claim,Medium,0
ID09824,0.4315,0,No Claim,Medium,0
ID11374,0.4315,0,No Claim,Medium,0
ID31127,0.4315,0,No Claim,Medium,0
ID08570,0.4315,0,No Claim,Medium,0
ID24773,0.4315,0,No Claim,Medium,0
ID08532,0.4315,0,No Claim,Medium,0
ID28386,0.4315,0,No Claim,Medium,0
ID19519,0.4315,0,No Claim,Medium,0
ID38089,0.4315,0,No Claim,Medium,0
ID18693,0.4315,0,No Claim,Medium,0
ID24708,0.4315,0,No Claim,Medium,0
ID00632,0.4315,0,No Claim,Medium,0
ID45897,0.4315,0,No Claim,Medium,0
ID37854,0.4315,0,No Claim,Medium,1
ID43977,0.4315,0,No Claim,Medium,1
ID28608,0.4315,0,No Claim,Medium,1
ID39759,0.4315,0,No Claim,Medium,0
ID53466,0.4315,0,No Claim,Medium,0
ID48512,0.4315,0,No Claim,Medium,0
ID52232,0.4315,0,No Claim,Medium,0
ID29575,0.4315,0,No Claim,Medium,0
ID50634,0.4315,0,No Claim,Medium,0
ID23192,0.4315,0,No Claim,Medium,1
ID21096,0.4315,0,No Claim,Medium,0
ID36930,0.4315,0,No Claim,Medium,0
ID49387,0.4315,0,No Claim,Medium,1
ID52539,0.4315,0,No Claim,Medium,0
ID40645,0.4315,0,No Claim,Medium,1
ID00018,0.4315,0,No Claim,Medium,0
ID05686,0.4315,0,No Claim,Medium,0
ID03991,0.4315,0,No Claim,Medium,0
ID30271,0.4315,0,No Claim,Medium,0
ID21274,0.4315,0,No Claim,Medium,0
ID18026,0.4315,0,No Claim,Medium,0
ID16818,0.4315,0,No Claim,Medium,0
ID04183,0.4315,0,No Claim,Medium,0
ID25982,0.4315,0,No Claim,Medium,0
ID38129,0.4315,0,No Claim,Medium,0
ID28681,0.4315,0,No Claim,Medium,0
ID13622,0.4315,0,No Claim,Medium,0
ID29886,0.4315,0,No Claim,Medium,0
ID06916,0.4315,0,No Claim,Medium,0
ID33471,0.4315,0,No Claim,Medium,0
ID43372,0.4315,0,No Claim,Medium,0
ID28265,0.4315,0,No Claim,Medium,0
ID36221,0.4315,0,No Claim,Medium,0
ID30488,0.4315,0,No Claim,Medium,0
ID55045,0.4315,0,No Claim,Medium,0
ID53193,0.4315,0,No Claim,Medium,0
ID07460,0.4315,0,No Claim,Medium,0
ID40978,0.4315,0,No Claim,Medium,0
ID48621,0.4315,0,No Claim,Medium,0
ID23830,0.4315,0,No Claim,Medium,0
ID07267,0.4315,0,No Claim,Medium,0
ID47712,0.4315,0,No Claim,Medium,1
ID09202,0.4315,0,No Claim,Medium,0
ID56895,0.4315,0,No Claim,Medium,1
ID34835,0.4315,0,No Claim,Medium,0
ID06010,0.4315,0,No Claim,Medium,0
ID09129,0.4315,0,No Claim,Medium,0
ID22639,0.4315,0,No Claim,Medium,0
ID10759,0.4315,0,No Claim,Medium,0
ID56676,0.4315,0,No Claim,Medium,1
ID07575,0.4315,0,No Claim,Medium,0
ID39288,0.4315,0,No Claim,Medium,0
ID05423,0.4315,0,No Claim,Medium,0
ID41410,0.4315,0,No Claim,Medium,0
ID32450,0.4315,0,No Claim,Medium,0
ID12744,0.4315,0,No Claim,Medium,0
ID49910,0.4315,0,No Claim,Medium,0
ID12112,0.4315,0,No Claim,Medium,0
ID19721,0.4315,0,No Claim,Medium,1
ID49715,0.4315,0,No Claim,Medium,0
ID14879,0.4315,0,No Claim,Medium,0
ID55998,0.4315,0,No Claim,Medium,0
ID24929,0.4315,0,No Claim,Medium,0
ID27861,0.4315,0,No Claim,Medium,0
ID23054,0.4315,0,No Claim,Medium,0
ID33479,0.4315,0,No Claim,Medium,0
ID06248,0.4315,0,No Claim,Medium,0
ID38916,0.4315,0,No Claim,Medium,0
ID37643,0.4315,0,No Claim,Medium,0
ID12548,0.4315,0,No Claim,Medium,0
ID42639,0.4315,0,No Claim,Medium,0
ID21861,0.4315,0,No Claim,Medium,0
ID05281,0.4315,0,No Claim,Medium,0
ID28827,0.4315,0,No Claim,Medium,0
ID57317,0.4315,0,No Claim,Medium,0
ID49063,0.4315,0,No Claim,Medium,0
ID15648,0.4315,0,No Claim,Medium,0
ID24472,0.4315,0,No Claim,Medium,0
ID55560,0.4315,0,No Claim,Medium,0
ID00613,0.4315,0,No Claim,Medium,1
ID51558,0.4315,0,No Claim,Medium,0
ID56513,0.4315,0,No Claim,Medium,0
ID43605,0.4315,0,No Claim,Medium,1
ID25201,0.4315,0,No Claim,Medium,0
ID20838,0.4315,0,No Claim,Medium,0
ID30715,0.4315,0,No Claim,Medium,0
ID13340,0.4315,0,No Claim,Medium,0
ID04468,0.4315,0,No Claim,Medium,0
ID12483,0.4315,0,No Claim,Medium,0
ID08369,0.4315,0,No Claim,Medium,1
ID33685,0.4315,0,No Claim,Medium,0
ID30777,0.4315,0,No Claim,Medium,0
ID34551,0.4315,0,No Claim,Medium,1
ID07175,0.4315,0,No Claim,Medium,0
ID33407,0.4315,0,No Claim,Medium,0
ID46905,0.4315,0,No Claim,Medium,0
ID38229,0.4315,0,No Claim,Medium,1
ID44776,0.4315,0,No Claim,Medium,0
ID34361,0.4315,0,No Claim,Medium,0
ID40755,0.4315,0,No Claim,Medium,0
ID39475,0.4315,0,No Claim,Medium,0
ID34656,0.4315,0,No Claim,Medium,0
ID15259,0.4315,0,No Claim,Medium,0
ID14975,0.4315,0,No Claim,Medium,0
ID29160,0.4315,0,No Claim,Medium,0
ID48324,0.4315,0,No Claim,Medium,0
ID05946,0.4315,0,No Claim,Medium,0
ID22062,0.4315,0,No Claim,Medium,0
ID48511,0.4315,0,No Claim,Medium,0
ID21526,0.4315,0,No Claim,Medium,0
ID03040,0.4315,0,No Claim,Medium,0
ID13990,0.4315,0,No Claim,Medium,0
ID54759,0.4315,0,No Claim,Medium,0
ID13159,0.4315,0,No Claim,Medium,0
ID57853,0.4315,0,No Claim,Medium,0
ID23203,0.4315,0,No Claim,Medium,1
ID22077,0.4315,0,No Claim,Medium,0
ID31625,0.4315,0,No Claim,Medium,0
ID41558,0.4315,0,No Claim,Medium,0
ID46979,0.4315,0,No Claim,Medium,0
ID49732,0.4315,0,No Claim,Medium,1
ID38136,0.4315,0,No Claim,Medium,0
ID38389,0.4315,0,No Claim,Medium,0
ID00791,0.4315,0,No Claim,Medium,0
ID45501,0.4315,0,No Claim,Medium,1
ID08342,0.4315,0,No Claim,Medium,0
ID34996,0.4315,0,No Claim,Medium,0
ID35668,0.4315,0,No Claim,Medium,0
ID26103,0.4315,0,No Claim,Medium,0
ID26096,0.4315,0,No Claim,Medium,0
ID06223,0.4315,0,No Claim,Medium,0
ID23872,0.4315,0,No Claim,Medium,0
ID25927,0.4315,0,No Claim,Medium,0
ID05738,0.4315,0,No Claim,Medium,0
ID14496,0.4315,0,No Claim,Medium,1
ID24324,0.4315,0,No Claim,Medium,0
ID38273,0.4315,0,No Claim,Medium,0
ID03697,0.4315,0,No Claim,Medium,0
ID19118,0.4315,0,No Claim,Medium,0
ID32335,0.4315,0,No Claim,Medium,0
ID45179,0.4315,0,No Claim,Medium,0
ID03390,0.4315,0,No Claim,Medium,0
ID19957,0.4315,0,No Claim,Medium,0
ID04446,0.4315,0,No Claim,Medium,1
ID12163,0.4315,0,No Claim,Medium,0
ID36109,0.4315,0,No Claim,Medium,0
ID52886,0.4315,0,No Claim,Medium,0
ID10519,0.4315,0,No Claim,Medium,0
ID20105,0.4315,0,No Claim,Medium,0
ID36412,0.4315,0,No Claim,Medium,0
ID08451,0.4315,0,No Claim,Medium,0
ID36868,0.4315,0,No Claim,Medium,0
ID27346,0.4315,0,No Claim,Medium,0
ID20800,0.4315,0,No Claim,Medium,0
ID00090,0.4315,0,No Claim,Medium,0
ID54348,0.4315,0,No Claim,Medium,0
ID21000,0.4315,0,No Claim,Medium,0
ID06487,0.4315,0,No Claim,Medium,0
ID21503,0.4315,0,No Claim,Medium,0
ID24521,0.4315,0,No Claim,Medium,0
ID02648,0.4315,0,No Claim,Medium,0
ID18451,0.4315,0,No Claim,Medium,0
ID06069,0.4315,0,No Claim,Medium,0
ID43671,0.4315,0,No Claim,Medium,0
ID51623,0.4315,0,No Claim,Medium,0
ID29777,0.4315,0,No Claim,Medium,0
ID38799,0.4315,0,No Claim,Medium,0
ID21700,0.4315,0,No Claim,Medium,0
ID27928,0.4315,0,No Claim,Medium,0
ID19682,0.4315,0,No Claim,Medium,0
ID40943,0.4315,0,No Claim,Medium,0
ID12173,0.4315,0,No Claim,Medium,1
ID10746,0.4315,0,No Claim,Medium,0
ID30508,0.4315,0,No Claim,Medium,1
ID36034,0.4315,0,No Claim,Medium,0
ID56545,0.4315,0,No Claim,Medium,0
ID56133,0.4315,0,No Claim,Medium,1
ID47336,0.4315,0,No Claim,Medium,1
ID34057,0.4315,0,No Claim,Medium,0
ID18603,0.4315,0,No Claim,Medium,0
ID12438,0.4315,0,No Claim,Medium,0
ID32180,0.4315,0,No Claim,Medium,0
ID55510,0.4315,0,No Claim,Medium,0
ID30286,0.4315,0,No Claim,Medium,0
ID02790,0.4315,0,No Claim,Medium,0
ID33813,0.4315,0,No Claim,Medium,0
ID52238,0.4315,0,No Claim,Medium,0
ID09483,0.4315,0,No Claim,Medium,0
ID46467,0.4315,0,No Claim,Medium,0
ID29904,0.4315,0,No Claim,Medium,1
ID40503,0.4315,0,No Claim,Medium,0
ID06197,0.4315,0,No Claim,Medium,1
ID00826,0.4315,0,No Claim,Medium,0
ID17904,0.4315,0,No Claim,Medium,0
ID32090,0.4315,0,No Claim,Medium,0
ID35412,0.4315,0,No Claim,Medium,0
ID14669,0.4315,0,No Claim,Medium,0
ID53071,0.4315,0,No Claim,Medium,0
ID50838,0.4315,0,No Claim,Medium,0
ID39849,0.4315,0,No Claim,Medium,0
ID02941,0.4315,0,No Claim,Medium,1
ID04442,0.4315,0,No Claim,Medium,0
ID28105,0.4315,0,No Claim,Medium,0
ID26750,0.4315,0,No Claim,Medium,0
ID39290,0.4315,0,No Claim,Medium,0
ID42848,0.4315,0,No Claim,Medium,0
ID04568,0.4315,0,No Claim,Medium,0
ID33029,0.4315,0,No Claim,Medium,0
ID02744,0.4315,0,No Claim,Medium,0
ID21524,0.4315,0,No Claim,Medium,0
ID41238,0.4315,0,No Claim,Medium,1
ID35714,0.4315,0,No Claim,Medium,0
ID16593,0.4315,0,No Claim,Medium,0
ID33462,0.4315,0,No Claim,Medium,0
ID03808,0.4315,0,No Claim,Medium,0
ID02274,0.4315,0,No Claim,Medium,0
ID23250,0.4315,0,No Claim,Medium,0
ID13365,0.4315,0,No Claim,Medium,0
ID43169,0.4315,0,No Claim,Medium,0
ID52045,0.4315,0,No Claim,Medium,1
ID26531,0.4315,0,No Claim,Medium,0
ID06127,0.4315,0,No Claim,Medium,0
ID06613,0.4315,0,No Claim,Medium,0
ID40157,0.4315,0,No Claim,Medium,1
ID39714,0.4315,0,No Claim,Medium,0
ID16824,0.4315,0,No Claim,Medium,0
ID02211,0.4315,0,No Claim,Medium,0
ID28848,0.4315,0,No Claim,Medium,0
ID39996,0.4315,0,No Claim,Medium,0
ID43370,0.4315,0,No Claim,Medium,0
ID52301,0.4315,0,No Claim,Medium,0
ID47718,0.4315,0,No Claim,Medium,0
ID23220,0.4315,0,No Claim,Medium,0
ID16149,0.4315,0,No Claim,Medium,0
ID38582,0.4315,0,No Claim,Medium,0
ID37378,0.4315,0,No Claim,Medium,0
ID22790,0.4315,0,No Claim,Medium,0
ID53418,0.4315,0,No Claim,Medium,1
ID28708,0.4315,0,No Claim,Medium,0
ID01431,0.4315,0,No Claim,Medium,0
ID00856,0.4315,0,No Claim,Medium,0
ID19072,0.4315,0,No Claim,Medium,0
ID38366,0.4315,0,No Claim,Medium,0
ID33671,0.4315,0,No Claim,Medium,0
ID00423,0.4315,0,No Claim,Medium,0
ID47276,0.4315,0,No Claim,Medium,0
ID50163,0.4315,0,No Claim,Medium,0
ID43813,0.4315,0,No Claim,Medium,0
ID33880,0.4315,0,No Claim,Medium,0
ID51609,0.4315,0,No Claim,Medium,0
ID30324,0.4315,0,No Claim,Medium,0
ID42633,0.4315,0,No Claim,Medium,0
ID14565,0.4315,0,No Claim,Medium,0
ID54101,0.4315,0,No Claim,Medium,0
ID50368,0.4315,0,No Claim,Medium,0
ID43266,0.4315,0,No Claim,Medium,1
ID33900,0.4315,0,No Claim,Medium,0
ID28866,0.4315,0,No Claim,Medium,0
ID36155,0.4315,0,No Claim,Medium,0
ID18492,0.4315,0,No Claim,Medium,0
ID14143,0.4315,0,No Claim,Medium,0
ID19534,0.4315,0,No Claim,Medium,0
ID14033,0.4315,0,No Claim,Medium,0
ID47660,0.4315,0,No Claim,Medium,0
ID57475,0.4315,0,No Claim,Medium,0
ID32517,0.4315,0,No Claim,Medium,0
ID23759,0.4315,0,No Claim,Medium,0
ID58278,0.4315,0,No Claim,Medium,0
ID51776,0.4315,0,No Claim,Medium,0
ID47430,0.4315,0,No Claim,Medium,0
ID39462,0.4315,0,No Claim,Medium,0
ID17137,0.4315,0,No Claim,Medium,0
ID45798,0.4315,0,No Claim,Medium,0
ID05881,0.4315,0,No Claim,Medium,0
ID49826,0.4315,0,No Claim,Medium,0
ID21876,0.4315,0,No Claim,Medium,0
ID35447,0.4315,0,No Claim,Medium,0
ID37200,0.4315,0,No Claim,Medium,0
ID24512,0.4315,0,No Claim,Medium,0
ID41378,0.4315,0,No Claim,Medium,0
ID18008,0.4315,0,No Claim,Medium,0
ID00521,0.4315,0,No Claim,Medium,0
ID18173,0.4315,0,No Claim,Medium,0
ID33080,0.4315,0,No Claim,Medium,0
ID37233,0.4315,0,No Claim,Medium,0
ID21544,0.4315,0,No Claim,Medium,0
ID05783,0.4315,0,No Claim,Medium,0
ID10005,0.4315,0,No Claim,Medium,0
ID47703,0.4315,0,No Claim,Medium,0
ID52956,0.4315,0,No Claim,Medium,0
ID58063,0.4315,0,No Claim,Medium,0
ID12184,0.4315,0,No Claim,Medium,0
ID28253,0.4315,0,No Claim,Medium,0
ID44043,0.4315,0,No Claim,Medium,0
ID36042,0.4315,0,No Claim,Medium,0
ID55277,0.4315,0,No Claim,Medium,0
ID16221,0.4315,0,No Claim,Medium,0
ID42587,0.4315,0,No Claim,Medium,0
ID39573,0.4315,0,No Claim,Medium,0
ID21101,0.4315,0,No Claim,Medium,0
ID08300,0.4315,0,No Claim,Medium,0
ID53955,0.4315,0,No Claim,Medium,1
ID01771,0.4315,0,No Claim,Medium,0
ID07668,0.4315,0,No Claim,Medium,0
ID28156,0.4315,0,No Claim,Medium,1
ID57305,0.4315,0,No Claim,Medium,0
ID14259,0.4315,0,No Claim,Medium,0
ID17872,0.4315,0,No Claim,Medium,0
ID03805,0.4315,0,No Claim,Medium,0
ID19575,0.4315,0,No Claim,Medium,0
ID14716,0.4315,0,No Claim,Medium,0
ID25132,0.4315,0,No Claim,Medium,0
ID33098,0.4315,0,No Claim,Medium,0
ID04782,0.4315,0,No Claim,Medium,0
ID45948,0.4315,0,No Claim,Medium,0
ID53808,0.4315,0,No Claim,Medium,0
ID03281,0.4315,0,No Claim,Medium,0
ID09905,0.4315,0,No Claim,Medium,0
ID39431,0.4315,0,No Claim,Medium,0
ID30251,0.4315,0,No Claim,Medium,0
ID09232,0.4315,0,No Claim,Medium,0
ID04744,0.4315,0,No Claim,Medium,0
ID43425,0.4315,0,No Claim,Medium,0
ID25593,0.4315,0,No Claim,Medium,0
ID02463,0.4315,0,No Claim,Medium,0
ID54656,0.4315,0,No Claim,Medium,1
ID10986,0.4315,0,No Claim,Medium,0
ID17013,0.4315,0,No Claim,Medium,0
ID18294,0.4315,0,No Claim,Medium,0
ID25334,0.4315,0,No Claim,Medium,0
ID30816,0.4315,0,No Claim,Medium,0
ID24896,0.4315,0,No Claim,Medium,0
ID57185,0.4315,0,No Claim,Medium,0
ID39581,0.4315,0,No Claim,Medium,0
ID05863,0.4315,0,No Claim,Medium,0
ID28695,0.4315,0,No Claim,Medium,0
ID11595,0.4315,0,No Claim,Medium,0
ID10845,0.4315,0,No Claim,Medium,0
ID56352,0.4315,0,No Claim,Medium,0
ID25544,0.4315,0,No Claim,Medium,0
ID20258,0.4315,0,No Claim,Medium,0
ID55738,0.4315,0,No Claim,Medium,0
ID35563,0.4315,0,No Claim,Medium,0
ID09671,0.4315,0,No Claim,Medium,0
ID46370,0.4315,0,No Claim,Medium,0
ID24079,0.4315,0,No Claim,Medium,1
ID13382,0.4315,0,No Claim,Medium,0
ID02174,0.4315,0,No Claim,Medium,0
ID24060,0.4315,0,No Claim,Medium,1
ID20615,0.4315,0,No Claim,Medium,0
ID29079,0.4315,0,No Claim,Medium,0
ID57467,0.4315,0,No Claim,Medium,0
ID02695,0.4315,0,No Claim,Medium,0
ID16552,0.4315,0,No Claim,Medium,0
ID01648,0.4315,0,No Claim,Medium,0
ID10597,0.4315,0,No Claim,Medium,0
ID23953,0.4315,0,No Claim,Medium,0
ID37107,0.4315,0,No Claim,Medium,0
ID22285,0.4315,0,No Claim,Medium,0
ID30921,0.4315,0,No Claim,Medium,0
ID09193,0.4315,0,No Claim,Medium,0
ID50554,0.4315,0,No Claim,Medium,0
ID05899,0.4315,0,No Claim,Medium,0
ID50219,0.4315,0,No Claim,Medium,0
ID01325,0.4315,0,No Claim,Medium,0
ID47587,0.4315,0,No Claim,Medium,0
ID10968,0.4315,0,No Claim,Medium,0
ID11717,0.4315,0,No Claim,Medium,0
ID19099,0.4315,0,No Claim,Medium,0
ID40551,0.4315,0,No Claim,Medium,0
ID05012,0.4315,0,No Claim,Medium,0
ID26753,0.4315,0,No Claim,Medium,0
ID10509,0.4315,0,No Claim,Medium,0
ID16527,0.4315,0,No Claim,Medium,0
ID23064,0.4315,0,No Claim,Medium,0
ID45756,0.4315,0,No Claim,Medium,0
ID24331,0.4315,0,No Claim,Medium,0
ID15540,0.4315,0,No Claim,Medium,0
ID37149,0.4315,0,No Claim,Medium,0
ID51455,0.4315,0,No Claim,Medium,1
ID01528,0.4315,0,No Claim,Medium,0
ID18875,0.4315,0,No Claim,Medium,0
ID06913,0.4315,0,No Claim,Medium,0
ID44297,0.4315,0,No Claim,Medium,0
ID33701,0.4315,0,No Claim,Medium,1
ID16140,0.4315,0,No Claim,Medium,0
ID14378,0.4315,0,No Claim,Medium,0
ID31668,0.4315,0,No Claim,Medium,0
ID56510,0.4315,0,No Claim,Medium,0
ID06574,0.4315,0,No Claim,Medium,0
ID48219,0.4315,0,No Claim,Medium,0
ID42166,0.4315,0,No Claim,Medium,0
ID42243,0.4315,0,No Claim,Medium,1
ID29699,0.4315,0,No Claim,Medium,0
ID41334,0.4315,0,No Claim,Medium,0
ID34084,0.4315,0,No Claim,Medium,0
ID45883,0.4315,0,No Claim,Medium,0
ID55237,0.4315,0,No Claim,Medium,0
ID23274,0.4315,0,No Claim,Medium,0
ID10542,0.4315,0,No Claim,Medium,1
ID39752,0.4315,0,No Claim,Medium,0
ID56858,0.4315,0,No Claim,Medium,0
ID18193,0.4315,0,No Claim,Medium,0
ID50334,0.4315,0,No Claim,Medium,0
ID24609,0.4315,0,No Claim,Medium,0
ID48897,0.4315,0,No Claim,Medium,0
ID15399,0.4315,0,No Claim,Medium,0
ID01040,0.4315,0,No Claim,Medium,0
ID42928,0.4315,0,No Claim,Medium,0
ID45219,0.4315,0,No Claim,Medium,0
ID28301,0.4315,0,No Claim,Medium,0
ID42367,0.4315,0,No Claim,Medium,0
ID47730,0.4315,0,No Claim,Medium,0
ID17158,0.4315,0,No Claim,Medium,0
ID35608,0.4315,0,No Claim,Medium,0
ID41145,0.4315,0,No Claim,Medium,0
ID05037,0.4315,0,No Claim,Medium,0
ID26933,0.4315,0,No Claim,Medium,0
ID45157,0.4315,0,No Claim,Medium,0
ID50274,0.4315,0,No Claim,Medium,0
ID45682,0.4315,0,No Claim,Medium,0
ID13182,0.4315,0,No Claim,Medium,0
ID29857,0.4315,0,No Claim,Medium,0
ID37857,0.4315,0,No Claim,Medium,0
ID02903,0.4315,0,No Claim,Medium,0
ID04408,0.4315,0,No Claim,Medium,0
ID41134,0.4315,0,No Claim,Medium,0
ID35693,0.4315,0,No Claim,Medium,0
ID18852,0.4315,0,No Claim,Medium,0
ID27093,0.4315,0,No Claim,Medium,0
ID18850,0.4315,0,No Claim,Medium,0
ID12916,0.4315,0,No Claim,Medium,0
ID16958,0.4315,0,No Claim,Medium,0
ID43352,0.4315,0,No Claim,Medium,0
ID01467,0.4315,0,No Claim,Medium,0
ID28420,0.4315,0,No Claim,Medium,0
ID06751,0.4315,0,No Claim,Medium,0
ID56921,0.4315,0,No Claim,Medium,0
ID16557,0.4315,0,No Claim,Medium,0
ID30844,0.4315,0,No Claim,Medium,0
ID21941,0.4315,0,No Claim,Medium,0
ID42398,0.4315,0,No Claim,Medium,0
ID14535,0.4315,0,No Claim,Medium,0
ID53479,0.4315,0,No Claim,Medium,0
ID07334,0.4315,0,No Claim,Medium,0
ID08498,0.4315,0,No Claim,Medium,0
ID42078,0.4315,0,No Claim,Medium,1
ID05124,0.4315,0,No Claim,Medium,0
ID30249,0.4315,0,No Claim,Medium,0
ID29946,0.4315,0,No Claim,Medium,0
ID09742,0.4315,0,No Claim,Medium,0
ID12183,0.4315,0,No Claim,Medium,0
ID15341,0.4315,0,No Claim,Medium,0
ID03528,0.4315,0,No Claim,Medium,0
ID18726,0.4315,0,No Claim,Medium,0
ID52537,0.4315,0,No Claim,Medium,0
ID10076,0.4315,0,No Claim,Medium,0
ID18369,0.4315,0,No Claim,Medium,0
ID57086,0.4315,0,No Claim,Medium,0
ID53829,0.4315,0,No Claim,Medium,0
ID54999,0.4315,0,No Claim,Medium,0
ID56249,0.4315,0,No Claim,Medium,0
ID20012,0.4315,0,No Claim,Medium,0
ID23875,0.4315,0,No Claim,Medium,0
ID30868,0.4315,0,No Claim,Medium,0
ID06380,0.4315,0,No Claim,Medium,0
ID04337,0.4315,0,No Claim,Medium,0
ID51819,0.4315,0,No Claim,Medium,0
ID27676,0.4315,0,No Claim,Medium,0
ID31153,0.4315,0,No Claim,Medium,0
ID32054,0.4315,0,No Claim,Medium,0
ID47953,0.4315,0,No Claim,Medium,0
ID43815,0.4315,0,No Claim,Medium,0
ID46930,0.4315,0,No Claim,Medium,0
ID52957,0.4315,0,No Claim,Medium,0
ID03386,0.4315,0,No Claim,Medium,0
ID25957,0.4315,0,No Claim,Medium,0
ID27277,0.4315,0,No Claim,Medium,0
ID28081,0.4315,0,No Claim,Medium,0
ID26559,0.4315,0,No Claim,Medium,0
ID29457,0.4315,0,No Claim,Medium,0
ID34763,0.4315,0,No Claim,Medium,0
ID18696,0.4315,0,No Claim,Medium,0
ID14227,0.4315,0,No Claim,Medium,0
ID15323,0.4315,0,No Claim,Medium,0
ID10905,0.4315,0,No Claim,Medium,0
ID55016,0.4315,0,No Claim,Medium,0
ID49616,0.4315,0,No Claim,Medium,0
ID49483,0.4315,0,No Claim,Medium,0
ID51933,0.4315,0,No Claim,Medium,0
ID29987,0.4315,0,No Claim,Medium,0
ID28409,0.4315,0,No Claim,Medium,0
ID41098,0.4315,0,No Claim,Medium,0
ID51124,0.4315,0,No Claim,Medium,0
ID37457,0.4315,0,No Claim,Medium,0
ID37128,0.4315,0,No Claim,Medium,0
ID25901,0.4315,0,No Claim,Medium,0
ID28412,0.4315,0,No Claim,Medium,0
ID56792,0.4315,0,No Claim,Medium,0
ID54168,0.4315,0,No Claim,Medium,0
ID42986,0.4315,0,No Claim,Medium,0
ID07260,0.4315,0,No Claim,Medium,0
ID56433,0.4315,0,No Claim,Medium,0
ID44012,0.4315,0,No Claim,Medium,0
ID00922,0.4315,0,No Claim,Medium,0
ID27319,0.4315,0,No Claim,Medium,0
ID54652,0.4315,0,No Claim,Medium,0
ID49315,0.4315,0,No Claim,Medium,0
ID35616,0.4315,0,No Claim,Medium,0
ID06995,0.4315,0,No Claim,Medium,0
ID39143,0.4315,0,No Claim,Medium,0
ID50946,0.4315,0,No Claim,Medium,0
ID13775,0.4315,0,No Claim,Medium,0
ID53525,0.4315,0,No Claim,Medium,0
ID45672,0.4315,0,No Claim,Medium,0
ID49690,0.4315,0,No Claim,Medium,0
ID55161,0.4315,0,No Claim,Medium,0
ID40475,0.4315,0,No Claim,Medium,0
ID09308,0.4315,0,No Claim,Medium,0
ID53653,0.4315,0,No Claim,Medium,0
ID43331,0.4315,0,No Claim,Medium,0
ID40558,0.4315,0,No Claim,Medium,0
ID00646,0.4315,0,No Claim,Medium,1
ID50880,0.4315,0,No Claim,Medium,0
ID52586,0.4315,0,No Claim,Medium,0
ID21326,0.4315,0,No Claim,Medium,0
ID22454,0.4315,0,No Claim,Medium,0
ID31143,0.4315,0,No Claim,Medium,0
ID09217,0.4315,0,No Claim,Medium,0
ID14348,0.4315,0,No Claim,Medium,0
ID26168,0.4315,0,No Claim,Medium,0
ID53680,0.4315,0,No Claim,Medium,0
ID43216,0.4315,0,No Claim,Medium,0
ID38528,0.4315,0,No Claim,Medium,0
ID35353,0.4315,0,No Claim,Medium,0
ID19081,0.4315,0,No Claim,Medium,0
ID34004,0.4315,0,No Claim,Medium,0
ID42703,0.4315,0,No Claim,Medium,0
ID45227,0.4315,0,No Claim,Medium,0
ID58041,0.4315,0,No Claim,Medium,1
ID54002,0.4315,0,No Claim,Medium,0
ID35889,0.4315,0,No Claim,Medium,0
ID54732,0.4315,0,No Claim,Medium,0
ID49620,0.4315,0,No Claim,Medium,0
ID58467,0.4315,0,No Claim,Medium,0
ID40122,0.4315,0,No Claim,Medium,0
ID25129,0.4315,0,No Claim,Medium,0
ID56180,0.4315,0,No Claim,Medium,0
ID05590,0.4315,0,No Claim,Medium,0
ID37292,0.4315,0,No Claim,Medium,0
ID12568,0.4315,0,No Claim,Medium,0
ID01124,0.4315,0,No Claim,Medium,0
ID55838,0.4315,0,No Claim,Medium,0
ID47527,0.4315,0,No Claim,Medium,0
ID07630,0.4315,0,No Claim,Medium,0
ID49311,0.4315,0,No Claim,Medium,0
ID04869,0.4315,0,No Claim,Medium,0
ID28068,0.4315,0,No Claim,Medium,0
ID12795,0.4315,0,No Claim,Medium,0
ID29208,0.4315,0,No Claim,Medium,0
ID00714,0.4315,0,No Claim,Medium,0
ID41953,0.4315,0,No Claim,Medium,0
ID18332,0.4315,0,No Claim,Medium,0
ID25954,0.4315,0,No Claim,Medium,0
ID45914,0.4315,0,No Claim,Medium,1
ID41519,0.4315,0,No Claim,Medium,0
ID04017,0.4315,0,No Claim,Medium,0
ID58107,0.4315,0,No Claim,Medium,0
ID42295,0.4315,0,No Claim,Medium,0
ID24128,0.4315,0,No Claim,Medium,0
ID16500,0.4315,0,No Claim,Medium,0
ID32336,0.4315,0,No Claim,Medium,0
ID06573,0.4315,0,No Claim,Medium,0
ID13207,0.4315,0,No Claim,Medium,0
ID43546,0.4315,0,No Claim,Medium,0
ID55506,0.4315,0,No Claim,Medium,0
ID55897,0.4315,0,No Claim,Medium,0
ID20558,0.4315,0,No Claim,Medium,0
ID32846,0.4315,0,No Claim,Medium,0
ID02805,0.4315,0,No Claim,Medium,0
ID49414,0.4315,0,No Claim,Medium,0
ID55550,0.4315,0,No Claim,Medium,0
ID53376,0.4315,0,No Claim,Medium,0
ID08847,0.4315,0,No Claim,Medium,0
ID51493,0.4315,0,No Claim,Medium,0
ID28520,0.4315,0,No Claim,Medium,0
ID01629,0.4315,0,No Claim,Medium,0
ID21125,0.4315,0,No Claim,Medium,0
ID48258,0.4315,0,No Claim,Medium,0
ID21939,0.4315,0,No Claim,Medium,0
ID32978,0.4315,0,No Claim,Medium,0
ID17609,0.4315,0,No Claim,Medium,0
ID22756,0.4315,0,No Claim,Medium,0
ID32099,0.4315,0,No Claim,Medium,1
ID36580,0.4315,0,No Claim,Medium,0
ID27119,0.4315,0,No Claim,Medium,0
ID01495,0.4315,0,No Claim,Medium,0
ID34179,0.4315,0,No Claim,Medium,0
ID48781,0.4315,0,No Claim,Medium,0
ID31229,0.4315,0,No Claim,Medium,0
ID05615,0.4315,0,No Claim,Medium,0
ID33766,0.4315,0,No Claim,Medium,0
ID32523,0.4315,0,No Claim,Medium,0
ID36821,0.4315,0,No Claim,Medium,0
ID14823,0.4315,0,No Claim,Medium,0
ID01624,0.4315,0,No Claim,Medium,0
ID50755,0.4315,0,No Claim,Medium,0
ID18661,0.4315,0,No Claim,Medium,0
ID39610,0.4315,0,No Claim,Medium,0
ID26042,0.4315,0,No Claim,Medium,0
ID21863,0.4315,0,No Claim,Medium,0
ID56379,0.4315,0,No Claim,Medium,0
ID53292,0.4315,0,No Claim,Medium,0
ID05669,0.4315,0,No Claim,Medium,0
ID35432,0.4315,0,No Claim,Medium,0
ID23189,0.4315,0,No Claim,Medium,0
ID40799,0.4315,0,No Claim,Medium,0
ID06644,0.4315,0,No Claim,Medium,0
ID39313,0.4315,0,No Claim,Medium,0
ID50727,0.4315,0,No Claim,Medium,0
ID44189,0.4315,0,No Claim,Medium,0
ID21456,0.4315,0,No Claim,Medium,0
ID05097,0.4315,0,No Claim,Medium,0
ID40070,0.4315,0,No Claim,Medium,0
ID38147,0.4315,0,No Claim,Medium,0
ID28775,0.4315,0,No Claim,Medium,0
ID03679,0.4315,0,No Claim,Medium,0
ID46291,0.4315,0,No Claim,Medium,0
ID29721,0.4315,0,No Claim,Medium,0
ID43900,0.4315,0,No Claim,Medium,0
ID56321,0.4315,0,No Claim,Medium,0
ID45602,0.4315,0,No Claim,Medium,0
ID54139,0.4315,0,No Claim,Medium,0
ID29155,0.4315,0,No Claim,Medium,0
ID57749,0.4315,0,No Claim,Medium,0
ID51322,0.4315,0,No Claim,Medium,0
ID03712,0.4315,0,No Claim,Medium,0
ID19186,0.4315,0,No Claim,Medium,0
ID50925,0.4315,0,No Claim,Medium,0
ID08278,0.4315,0,No Claim,Medium,0
ID12455,0.4315,0,No Claim,Medium,0
ID26307,0.4315,0,No Claim,Medium,0
ID26805,0.4315,0,No Claim,Medium,1
ID07950,0.4315,0,No Claim,Medium,0
ID18938,0.4315,0,No Claim,Medium,0
ID40836,0.4315,0,No Claim,Medium,0
ID39906,0.4315,0,No Claim,Medium,0
ID16400,0.4315,0,No Claim,Medium,0
ID23728,0.4315,0,No Claim,Medium,0
ID09902,0.4315,0,No Claim,Medium,0
ID55152,0.4315,0,No Claim,Medium,0
ID24980,0.4315,0,No Claim,Medium,0
ID21853,0.4315,0,No Claim,Medium,0
ID50133,0.4315,0,No Claim,Medium,0
ID43624,0.4315,0,No Claim,Medium,0
ID53626,0.4315,0,No Claim,Medium,0
ID21680,0.4315,0,No Claim,Medium,0
ID21899,0.4315,0,No Claim,Medium,0
ID51852,0.4315,0,No Claim,Medium,0
ID52061,0.4315,0,No Claim,Medium,0
ID36712,0.4315,0,No Claim,Medium,0
ID01262,0.4315,0,No Claim,Medium,0
ID49634,0.4315,0,No Claim,Medium,0
ID47251,0.4315,0,No Claim,Medium,0
ID11956,0.4315,0,No Claim,Medium,0
ID20417,0.4315,0,No Claim,Medium,0
ID50589,0.4315,0,No Claim,Medium,0
ID39228,0.4315,0,No Claim,Medium,0
ID07904,0.4315,0,No Claim,Medium,1
ID34793,0.4315,0,No Claim,Medium,0
ID32954,0.4315,0,No Claim,Medium,0
ID10178,0.4315,0,No Claim,Medium,0
ID46792,0.4315,0,No Claim,Medium,0
ID11516,0.4315,0,No Claim,Medium,0
ID54536,0.4315,0,No Claim,Medium,0
ID45319,0.4315,0,No Claim,Medium,0
ID19835,0.4315,0,No Claim,Medium,0
ID55264,0.4315,0,No Claim,Medium,0
ID30601,0.4315,0,No Claim,Medium,0
ID51547,0.4315,0,No Claim,Medium,0
ID37587,0.4315,0,No Claim,Medium,0
ID20960,0.4315,0,No Claim,Medium,0
ID00270,0.4315,0,No Claim,Medium,0
ID35587,0.4315,0,No Claim,Medium,0
ID18203,0.4315,0,No Claim,Medium,0
ID01028,0.4315,0,No Claim,Medium,0
ID53121,0.4315,0,No Claim,Medium,0
ID22477,0.4315,0,No Claim,Medium,0
ID51343,0.4315,0,No Claim,Medium,1
ID34549,0.4315,0,No Claim,Medium,0
ID25092,0.4315,0,No Claim,Medium,0
ID57437,0.4315,0,No Claim,Medium,0
ID29964,0.4315,0,No Claim,Medium,0
ID43254,0.4315,0,No Claim,Medium,0
ID36965,0.4315,0,No Claim,Medium,0
ID31655,0.4315,0,No Claim,Medium,0
ID35268,0.4315,0,No Claim,Medium,0
ID56207,0.4315,0,No Claim,Medium,0
ID09514,0.4315,0,No Claim,Medium,0
ID21296,0.4315,0,No Claim,Medium,0
ID10797,0.4315,0,No Claim,Medium,0
ID04012,0.4315,0,No Claim,Medium,0
ID51289,0.4315,0,No Claim,Medium,0
ID23973,0.4315,0,No Claim,Medium,0
ID19889,0.4315,0,No Claim,Medium,0
ID23975,0.4315,0,No Claim,Medium,0
ID56931,0.4315,0,No Claim,Medium,0
ID36969,0.4315,0,No Claim,Medium,0
ID38458,0.4315,0,No Claim,Medium,0
ID25627,0.4315,0,No Claim,Medium,0
ID41320,0.4315,0,No Claim,Medium,0
ID24995,0.4315,0,No Claim,Medium,0
ID26206,0.4315,0,No Claim,Medium,0
ID47260,0.4315,0,No Claim,Medium,0
ID22332,0.4315,0,No Claim,Medium,0
ID53372,0.4315,0,No Claim,Medium,0
ID12512,0.4315,0,No Claim,Medium,0
ID12655,0.4315,0,No Claim,Medium,0
ID35866,0.4315,0,No Claim,Medium,0
ID23433,0.4315,0,No Claim,Medium,0
ID26098,0.4315,0,No Claim,Medium,1
ID05460,0.4315,0,No Claim,Medium,0
ID02973,0.4315,0,No Claim,Medium,0
ID40863,0.4315,0,No Claim,Medium,0
ID42237,0.4315,0,No Claim,Medium,0
ID25709,0.4315,0,No Claim,Medium,0
ID17422,0.4315,0,No Claim,Medium,0
ID37232,0.4315,0,No Claim,Medium,0
ID29315,0.4315,0,No Claim,Medium,0
ID32421,0.4315,0,No Claim,Medium,0
ID44361,0.4315,0,No Claim,Medium,0
ID55851,0.4315,0,No Claim,Medium,0
ID12650,0.4315,0,No Claim,Medium,0
ID33796,0.4315,0,No Claim,Medium,0
ID55877,0.4315,0,No Claim,Medium,0
ID24852,0.4315,0,No Claim,Medium,0
ID23723,0.4315,0,No Claim,Medium,0
ID07924,0.4315,0,No Claim,Medium,0
ID54103,0.4315,0,No Claim,Medium,0
ID52731,0.4315,0,No Claim,Medium,0
ID14575,0.4315,0,No Claim,Medium,0
ID20871,0.4315,0,No Claim,Medium,0
ID25396,0.4315,0,No Claim,Medium,0
ID01731,0.4315,0,No Claim,Medium,0
ID32617,0.4315,0,No Claim,Medium,0
ID29880,0.4315,0,No Claim,Medium,0
ID19719,0.4315,0,No Claim,Medium,0
ID09921,0.4315,0,No Claim,Medium,0
ID30423,0.4315,0,No Claim,Medium,0
ID08567,0.4315,0,No Claim,Medium,0
ID01230,0.4315,0,No Claim,Medium,0
ID06653,0.4315,0,No Claim,Medium,0
ID06854,0.4315,0,No Claim,Medium,0
ID24417,0.4315,0,No Claim,Medium,1
ID32348,0.4315,0,No Claim,Medium,0
ID16227,0.4315,0,No Claim,Medium,0
ID32915,0.4315,0,No Claim,Medium,0
ID14200,0.4315,0,No Claim,Medium,0
ID16700,0.4315,0,No Claim,Medium,0
ID27558,0.4315,0,No Claim,Medium,0
ID19457,0.4315,0,No Claim,Medium,0
ID22638,0.4315,0,No Claim,Medium,0
ID36262,0.4315,0,No Claim,Medium,0
ID25164,0.4315,0,No Claim,Medium,0
ID56627,0.4315,0,No Claim,Medium,0
ID55066,0.4315,0,No Claim,Medium,0
ID47464,0.4315,0,No Claim,Medium,0
ID44868,0.4315,0,No Claim,Medium,0
ID44987,0.4315,0,No Claim,Medium,0
ID42839,0.4315,0,No Claim,Medium,0
ID11396,0.4315,0,No Claim,Medium,0
ID31531,0.4315,0,No Claim,Medium,0
ID17250,0.4315,0,No Claim,Medium,0
ID51109,0.4315,0,No Claim,Medium,0
ID19827,0.4315,0,No Claim,Medium,0
ID23119,0.4315,0,No Claim,Medium,0
ID34848,0.4315,0,No Claim,Medium,0
ID14166,0.4315,0,No Claim,Medium,0
ID58060,0.4315,0,No Claim,Medium,0
ID30109,0.4315,0,No Claim,Medium,0
ID25096,0.4315,0,No Claim,Medium,0
ID39677,0.4315,0,No Claim,Medium,0
ID12769,0.4315,0,No Claim,Medium,0
ID04917,0.4315,0,No Claim,Medium,0
ID00135,0.4315,0,No Claim,Medium,0
ID24072,0.4315,0,No Claim,Medium,0
ID22485,0.4315,0,No Claim,Medium,0
ID14631,0.4315,0,No Claim,Medium,0
ID13349,0.4315,0,No Claim,Medium,0
ID46582,0.4315,0,No Claim,Medium,0
ID29883,0.4315,0,No Claim,Medium,0
ID38884,0.4315,0,No Claim,Medium,0
ID49943,0.4315,0,No Claim,Medium,0
ID18532,0.4315,0,No Claim,Medium,0
ID42789,0.4315,0,No Claim,Medium,0
ID54449,0.4315,0,No Claim,Medium,0
ID45632,0.4315,0,No Claim,Medium,0
ID18468,0.4315,0,No Claim,Medium,0
ID39487,0.4315,0,No Claim,Medium,1
ID25653,0.4315,0,No Claim,Medium,0
ID39076,0.4315,0,No Claim,Medium,0
ID00120,0.4315,0,No Claim,Medium,0
ID23293,0.4315,0,No Claim,Medium,0
ID44933,0.4315,0,No Claim,Medium,0
ID07186,0.4315,0,No Claim,Medium,0
ID48870,0.4315,0,No Claim,Medium,0
ID18704,0.4315,0,No Claim,Medium,0
ID37611,0.4315,0,No Claim,Medium,0
ID08395,0.4315,0,No Claim,Medium,0
ID17818,0.4315,0,No Claim,Medium,0
ID06568,0.4315,0,No Claim,Medium,0
ID35336,0.4315,0,No Claim,Medium,0
ID54824,0.4315,0,No Claim,Medium,0
ID12603,0.4315,0,No Claim,Medium,0
ID48145,0.4315,0,No Claim,Medium,0
ID32379,0.4315,0,No Claim,Medium,0
ID38234,0.4315,0,No Claim,Medium,0
ID14745,0.4315,0,No Claim,Medium,0
ID11322,0.4315,0,No Claim,Medium,0
ID38588,0.4315,0,No Claim,Medium,0
ID53481,0.4315,0,No Claim,Medium,1
ID55111,0.4315,0,No Claim,Medium,0
ID16712,0.4315,0,No Claim,Medium,0
ID18159,0.4315,0,No Claim,Medium,0
ID36599,0.4315,0,No Claim,Medium,0
ID55679,0.4315,0,No Claim,Medium,0
ID08922,0.4315,0,No Claim,Medium,0
ID14220,0.4315,0,No Claim,Medium,0
ID24970,0.4315,0,No Claim,Medium,0
ID51227,0.4315,0,No Claim,Medium,0
ID43573,0.4315,0,No Claim,Medium,0
ID16435,0.4315,0,No Claim,Medium,0
ID24468,0.4315,0,No Claim,Medium,0
ID33769,0.4315,0,No Claim,Medium,0
ID03888,0.4315,0,No Claim,Medium,0
ID55204,0.4315,0,No Claim,Medium,0
ID34174,0.4315,0,No Claim,Medium,0
ID52469,0.4315,0,No Claim,Medium,0
ID43516,0.4315,0,No Claim,Medium,0
ID31478,0.4315,0,No Claim,Medium,1
ID43240,0.4315,0,No Claim,Medium,0
ID06713,0.4315,0,No Claim,Medium,0
ID24949,0.4315,0,No Claim,Medium,0
ID47364,0.4315,0,No Claim,Medium,1
ID16829,0.4315,0,No Claim,Medium,0
ID39379,0.4315,0,No Claim,Medium,0
ID19403,0.4315,0,No Claim,Medium,0
ID42101,0.4315,0,No Claim,Medium,0
ID35035,0.4315,0,No Claim,Medium,0
ID17895,0.4315,0,No Claim,Medium,0
ID44132,0.4315,0,No Claim,Medium,0
ID49350,0.4315,0,No Claim,Medium,0
ID45628,0.4315,0,No Claim,Medium,0
ID36035,0.4315,0,No Claim,Medium,1
ID56891,0.4315,0,No Claim,Medium,0
ID05647,0.4315,0,No Claim,Medium,0
ID08350,0.4315,0,No Claim,Medium,0
ID36567,0.4315,0,No Claim,Medium,0
ID30312,0.4315,0,No Claim,Medium,0
ID30832,0.4315,0,No Claim,Medium,0
ID44907,0.4315,0,No Claim,Medium,0
ID41783,0.4315,0,No Claim,Medium,0
ID47580,0.4315,0,No Claim,Medium,0
ID20013,0.4315,0,No Claim,Medium,0
ID57487,0.4315,0,No Claim,Medium,1
ID56278,0.4315,0,No Claim,Medium,0
ID10811,0.4315,0,No Claim,Medium,0
ID10556,0.4315,0,No Claim,Medium,0
ID21358,0.4315,0,No Claim,Medium,0
ID09884,0.4315,0,No Claim,Medium,0
ID48969,0.4315,0,No Claim,Medium,0
ID00436,0.4315,0,No Claim,Medium,0
ID29248,0.4315,0,No Claim,Medium,0
ID18507,0.4315,0,No Claim,Medium,0
ID04304,0.4315,0,No Claim,Medium,0
ID20489,0.4315,0,No Claim,Medium,0
ID42832,0.4315,0,No Claim,Medium,0
ID40298,0.4315,0,No Claim,Medium,0
ID55511,0.4315,0,No Claim,Medium,0
ID03080,0.4315,0,No Claim,Medium,0
ID09246,0.4315,0,No Claim,Medium,0
ID06818,0.4315,0,No Claim,Medium,0
ID57809,0.4315,0,No Claim,Medium,0
ID27629,0.4315,0,No Claim,Medium,0
ID10143,0.4315,0,No Claim,Medium,0
ID12145,0.4315,0,No Claim,Medium,0
ID38539,0.4315,0,No Claim,Medium,0
ID35181,0.4315,0,No Claim,Medium,0
ID51743,0.4315,0,No Claim,Medium,0
ID50912,0.4315,0,No Claim,Medium,0
ID29592,0.4315,0,No Claim,Medium,0
ID45678,0.4315,0,No Claim,Medium,0
ID45969,0.4315,0,No Claim,Medium,0
ID45557,0.4315,0,No Claim,Medium,0
ID00843,0.4315,0,No Claim,Medium,0
ID12394,0.4315,0,No Claim,Medium,0
ID15451,0.4315,0,No Claim,Medium,0
ID18536,0.4315,0,No Claim,Medium,0
ID26668,0.4315,0,No Claim,Medium,0
ID54539,0.4315,0,No Claim,Medium,0
ID26429,0.4315,0,No Claim,Medium,0
ID34979,0.4315,0,No Claim,Medium,0
ID55699,0.4315,0,No Claim,Medium,0
ID09382,0.4315,0,No Claim,Medium,0
ID52276,0.4315,0,No Claim,Medium,0
ID08361,0.4315,0,No Claim,Medium,0
ID12088,0.4315,0,No Claim,Medium,0
ID04561,0.4315,0,No Claim,Medium,0
ID40422,0.4315,0,No Claim,Medium,0
ID00203,0.4315,0,No Claim,Medium,0
ID56614,0.4315,0,No Claim,Medium,0
ID03030,0.4315,0,No Claim,Medium,0
ID29585,0.4315,0,No Claim,Medium,0
ID29428,0.4315,0,No Claim,Medium,0
ID03790,0.4315,0,No Claim,Medium,0
ID34544,0.4315,0,No Claim,Medium,0
ID41387,0.4315,0,No Claim,Medium,0
ID49968,0.4315,0,No Claim,Medium,0
ID17860,0.4315,0,No Claim,Medium,0
ID08021,0.4315,0,No Claim,Medium,0
ID38782,0.4315,0,No Claim,Medium,0
ID32769,0.4315,0,No Claim,Medium,0
ID47742,0.4315,0,No Claim,Medium,0
ID17567,0.4315,0,No Claim,Medium,0
ID50325,0.4315,0,No Claim,Medium,0
ID12393,0.4315,0,No Claim,Medium,1
ID24410,0.4315,0,No Claim,Medium,0
ID03391,0.4315,0,No Claim,Medium,0
ID45316,0.4315,0,No Claim,Medium,0
ID06922,0.4315,0,No Claim,Medium,0
ID19722,0.4315,0,No Claim,Medium,0
ID36388,0.4315,0,No Claim,Medium,0
ID44010,0.4315,0,No Claim,Medium,0
ID35272,0.4315,0,No Claim,Medium,0
ID06843,0.4315,0,No Claim,Medium,0
ID16376,0.4315,0,No Claim,Medium,0
ID37203,0.4315,0,No Claim,Medium,0
ID47593,0.4315,0,No Claim,Medium,0
ID22730,0.4315,0,No Claim,Medium,0
ID53251,0.4315,0,No Claim,Medium,0
ID15396,0.4315,0,No Claim,Medium,0
ID16166,0.4315,0,No Claim,Medium,0
ID20129,0.4315,0,No Claim,Medium,0
ID49054,0.4315,0,No Claim,Medium,0
ID33163,0.4315,0,No Claim,Medium,0
ID23418,0.4315,0,No Claim,Medium,0
ID26315,0.4315,0,No Claim,Medium,0
ID04790,0.4315,0,No Claim,Medium,0
ID01634,0.4315,0,No Claim,Medium,0
ID15365,0.4315,0,No Claim,Medium,0
ID56096,0.4315,0,No Claim,Medium,0
ID12913,0.4315,0,No Claim,Medium,0
ID22368,0.4315,0,No Claim,Medium,0
ID42729,0.4315,0,No Claim,Medium,0
ID23834,0.4315,0,No Claim,Medium,0
ID57578,0.4315,0,No Claim,Medium,0
ID27231,0.4315,0,No Claim,Medium,0
ID52195,0.4315,0,No Claim,Medium,0
ID28467,0.4315,0,No Claim,Medium,0
ID01685,0.4315,0,No Claim,Medium,0
ID44200,0.4315,0,No Claim,Medium,1
ID56138,0.4315,0,No Claim,Medium,0
ID05616,0.4315,0,No Claim,Medium,0
ID38269,0.4315,0,No Claim,Medium,0
ID35231,0.4314,0,No Claim,Medium,0
ID04122,0.4314,0,No Claim,Medium,0
ID26561,0.4314,0,No Claim,Medium,0
ID56932,0.4314,0,No Claim,Medium,0
ID36817,0.4314,0,No Claim,Medium,0
ID20294,0.4314,0,No Claim,Medium,0
ID57071,0.4314,0,No Claim,Medium,0
ID23156,0.4314,0,No Claim,Medium,0
ID10384,0.4314,0,No Claim,Medium,0
ID16422,0.4314,0,No Claim,Medium,0
ID39465,0.4314,0,No Claim,Medium,0
ID06743,0.4314,0,No Claim,Medium,0
ID26156,0.4314,0,No Claim,Medium,0
ID16276,0.4314,0,No Claim,Medium,0
ID38746,0.4314,0,No Claim,Medium,0
ID11179,0.4314,0,No Claim,Medium,1
ID33108,0.4314,0,No Claim,Medium,0
ID30716,0.4314,0,No Claim,Medium,0
ID55862,0.4314,0,No Claim,Medium,0
ID39195,0.4314,0,No Claim,Medium,0
ID06680,0.4314,0,No Claim,Medium,0
ID03593,0.4314,0,No Claim,Medium,0
ID29404,0.4314,0,No Claim,Medium,0
ID28057,0.4314,0,No Claim,Medium,0
ID24550,0.4314,0,No Claim,Medium,0
ID01380,0.4314,0,No Claim,Medium,0
ID41716,0.4314,0,No Claim,Medium,0
ID32900,0.4314,0,No Claim,Medium,0
ID44919,0.4314,0,No Claim,Medium,0
ID47282,0.4314,0,No Claim,Medium,0
ID26924,0.4314,0,No Claim,Medium,0
ID15957,0.4314,0,No Claim,Medium,0
ID06833,0.4314,0,No Claim,Medium,0
ID45947,0.4314,0,No Claim,Medium,0
ID14168,0.4314,0,No Claim,Medium,0
ID30712,0.4314,0,No Claim,Medium,0
ID06570,0.4314,0,No Claim,Medium,0
ID27962,0.4314,0,No Claim,Medium,0
ID23185,0.4314,0,No Claim,Medium,0
ID36842,0.4314,0,No Claim,Medium,0
ID12799,0.4314,0,No Claim,Medium,0
ID12831,0.4314,0,No Claim,Medium,0
ID49983,0.4314,0,No Claim,Medium,0
ID45886,0.4314,0,No Claim,Medium,0
ID11690,0.4314,0,No Claim,Medium,0
ID22230,0.4314,0,No Claim,Medium,0
ID39991,0.4314,0,No Claim,Medium,0
ID16913,0.4314,0,No Claim,Medium,0
ID40882,0.4314,0,No Claim,Medium,0
ID32933,0.4314,0,No Claim,Medium,0
ID42718,0.4314,0,No Claim,Medium,0
ID45636,0.4314,0,No Claim,Medium,1
ID49944,0.4314,0,No Claim,Medium,0
ID47335,0.4314,0,No Claim,Medium,0
ID25478,0.4314,0,No Claim,Medium,0
ID38529,0.4314,0,No Claim,Medium,0
ID57127,0.4314,0,No Claim,Medium,0
ID05617,0.4314,0,No Claim,Medium,0
ID19339,0.4314,0,No Claim,Medium,0
ID34005,0.4314,0,No Claim,Medium,0
ID00659,0.4314,0,No Claim,Medium,0
ID44552,0.4314,0,No Claim,Medium,0
ID51361,0.4314,0,No Claim,Medium,0
ID42885,0.4314,0,No Claim,Medium,0
ID45548,0.4314,0,No Claim,Medium,0
ID11627,0.4314,0,No Claim,Medium,0
ID58209,0.4314,0,No Claim,Medium,0
ID05932,0.4314,0,No Claim,Medium,0
ID31712,0.4314,0,No Claim,Medium,0
ID31101,0.4314,0,No Claim,Medium,0
ID43929,0.4314,0,No Claim,Medium,0
ID03967,0.4314,0,No Claim,Medium,0
ID44702,0.4314,0,No Claim,Medium,0
ID21441,0.4314,0,No Claim,Medium,0
ID03004,0.4314,0,No Claim,Medium,0
ID25836,0.4314,0,No Claim,Medium,0
ID07558,0.4314,0,No Claim,Medium,0
ID16296,0.4314,0,No Claim,Medium,0
ID14276,0.4314,0,No Claim,Medium,0
ID07688,0.4314,0,No Claim,Medium,0
ID09691,0.4314,0,No Claim,Medium,0
ID21077,0.4314,0,No Claim,Medium,0
ID23961,0.4314,0,No Claim,Medium,0
ID40226,0.4314,0,No Claim,Medium,0
ID15652,0.4314,0,No Claim,Medium,0
ID36004,0.4314,0,No Claim,Medium,0
ID28022,0.4314,0,No Claim,Medium,0
ID17139,0.4314,0,No Claim,Medium,0
ID24184,0.4314,0,No Claim,Medium,0
ID09408,0.4314,0,No Claim,Medium,0
ID00697,0.4314,0,No Claim,Medium,0
ID45932,0.4314,0,No Claim,Medium,0
ID17698,0.4314,0,No Claim,Medium,0
ID38480,0.4314,0,No Claim,Medium,0
ID21431,0.4314,0,No Claim,Medium,0
ID48395,0.4314,0,No Claim,Medium,0
ID31459,0.4314,0,No Claim,Medium,0
ID49651,0.4314,0,No Claim,Medium,0
ID09992,0.4314,0,No Claim,Medium,0
ID36918,0.4314,0,No Claim,Medium,0
ID56062,0.4314,0,No Claim,Medium,0
ID12341,0.4314,0,No Claim,Medium,0
ID39802,0.4314,0,No Claim,Medium,0
ID00567,0.4314,0,No Claim,Medium,0
ID03218,0.4314,0,No Claim,Medium,0
ID03487,0.4314,0,No Claim,Medium,0
ID23436,0.4314,0,No Claim,Medium,0
ID10380,0.4314,0,No Claim,Medium,0
ID35628,0.4314,0,No Claim,Medium,0
ID33211,0.4314,0,No Claim,Medium,0
ID17683,0.4314,0,No Claim,Medium,0
ID30771,0.4314,0,No Claim,Medium,0
ID06331,0.4314,0,No Claim,Medium,0
ID20413,0.4314,0,No Claim,Medium,0
ID35084,0.4314,0,No Claim,Medium,0
ID24304,0.4314,0,No Claim,Medium,0
ID50463,0.4314,0,No Claim,Medium,0
ID18663,0.4314,0,No Claim,Medium,0
ID16259,0.4314,0,No Claim,Medium,0
ID53527,0.4314,0,No Claim,Medium,0
ID15722,0.4314,0,No Claim,Medium,0
ID44646,0.4314,0,No Claim,Medium,0
ID21135,0.4314,0,No Claim,Medium,0
ID46329,0.4314,0,No Claim,Medium,0
ID17952,0.4314,0,No Claim,Medium,0
ID08306,0.4314,0,No Claim,Medium,0
ID02599,0.4314,0,No Claim,Medium,0
ID08645,0.4314,0,No Claim,Medium,0
ID52556,0.4314,0,No Claim,Medium,0
ID12774,0.4314,0,No Claim,Medium,0
ID03005,0.4314,0,No Claim,Medium,0
ID26957,0.4314,0,No Claim,Medium,0
ID32396,0.4314,0,No Claim,Medium,0
ID14180,0.4314,0,No Claim,Medium,0
ID12509,0.4314,0,No Claim,Medium,1
ID55565,0.4314,0,No Claim,Medium,0
ID01666,0.4314,0,No Claim,Medium,0
ID11886,0.4314,0,No Claim,Medium,0
ID56582,0.4314,0,No Claim,Medium,0
ID20412,0.4314,0,No Claim,Medium,0
ID47102,0.4314,0,No Claim,Medium,0
ID14202,0.4314,0,No Claim,Medium,0
ID18958,0.4314,0,No Claim,Medium,0
ID31511,0.4314,0,No Claim,Medium,0
ID23397,0.4314,0,No Claim,Medium,0
ID45156,0.4314,0,No Claim,Medium,0
ID38513,0.4314,0,No Claim,Medium,0
ID14325,0.4314,0,No Claim,Medium,0
ID39218,0.4314,0,No Claim,Medium,0
ID35691,0.4314,0,No Claim,Medium,0
ID25181,0.4314,0,No Claim,Medium,0
ID33909,0.4314,0,No Claim,Medium,0
ID36811,0.4314,0,No Claim,Medium,0
ID10448,0.4314,0,No Claim,Medium,0
ID22073,0.4314,0,No Claim,Medium,0
ID05822,0.4314,0,No Claim,Medium,0
ID20700,0.4314,0,No Claim,Medium,0
ID52489,0.4314,0,No Claim,Medium,0
ID30944,0.4314,0,No Claim,Medium,0
ID07987,0.4314,0,No Claim,Medium,0
ID54752,0.4314,0,No Claim,Medium,0
ID23625,0.4314,0,No Claim,Medium,0
ID06979,0.4314,0,No Claim,Medium,0
ID13689,0.4314,0,No Claim,Medium,0
ID20894,0.4314,0,No Claim,Medium,0
ID43712,0.4314,0,No Claim,Medium,0
ID29522,0.4314,0,No Claim,Medium,1
ID44873,0.4314,0,No Claim,Medium,0
ID13222,0.4314,0,No Claim,Medium,0
ID43753,0.4314,0,No Claim,Medium,0
ID00699,0.4314,0,No Claim,Medium,0
ID04735,0.4314,0,No Claim,Medium,0
ID21870,0.4314,0,No Claim,Medium,0
ID24338,0.4314,0,No Claim,Medium,0
ID50384,0.4314,0,No Claim,Medium,0
ID10717,0.4314,0,No Claim,Medium,0
ID45701,0.4314,0,No Claim,Medium,0
ID29771,0.4314,0,No Claim,Medium,0
ID01811,0.4314,0,No Claim,Medium,0
ID56819,0.4314,0,No Claim,Medium,0
ID31321,0.4314,0,No Claim,Medium,0
ID19364,0.4314,0,No Claim,Medium,0
ID46000,0.4314,0,No Claim,Medium,0
ID20906,0.4314,0,No Claim,Medium,0
ID02044,0.4314,0,No Claim,Medium,0
ID18928,0.4314,0,No Claim,Medium,0
ID13832,0.4314,0,No Claim,Medium,0
ID01173,0.4175,0,No Claim,Medium,0
ID55263,0.4175,0,No Claim,Medium,0
ID11391,0.4175,0,No Claim,Medium,0
ID10369,0.4175,0,No Claim,Medium,1
ID48554,0.4175,0,No Claim,Medium,0
ID25949,0.4175,0,No Claim,Medium,0
ID38321,0.4175,0,No Claim,Medium,0
ID54566,0.4175,0,No Claim,Medium,0
ID35258,0.4175,0,No Claim,Medium,0
ID33333,0.4175,0,No Claim,Medium,0
ID37044,0.4175,0,No Claim,Medium,0
ID50202,0.4175,0,No Claim,Medium,0
ID22310,0.4175,0,No Claim,Medium,0
ID27721,0.4175,0,No Claim,Medium,0
ID30014,0.4175,0,No Claim,Medium,0
ID55390,0.4175,0,No Claim,Medium,0
ID57867,0.4175,0,No Claim,Medium,0
ID53656,0.4175,0,No Claim,Medium,0
ID06816,0.4175,0,No Claim,Medium,0
ID34820,0.4175,0,No Claim,Medium,0
ID28456,0.4175,0,No Claim,Medium,0
ID58294,0.4175,0,No Claim,Medium,0
ID08788,0.4175,0,No Claim,Medium,0
ID34547,0.4175,0,No Claim,Medium,0
ID14031,0.4175,0,No Claim,Medium,0
ID37626,0.4175,0,No Claim,Medium,0
ID20848,0.4175,0,No Claim,Medium,0
ID07211,0.4175,0,No Claim,Medium,0
ID57112,0.4175,0,No Claim,Medium,0
ID03168,0.4175,0,No Claim,Medium,0
ID18024,0.4175,0,No Claim,Medium,0
ID06148,0.4175,0,No Claim,Medium,0
ID35197,0.4175,0,No Claim,Medium,0
ID07238,0.4175,0,No Claim,Medium,0
ID39077,0.4175,0,No Claim,Medium,0
ID12270,0.4175,0,No Claim,Medium,0
ID11772,0.4175,0,No Claim,Medium,0
ID01135,0.4175,0,No Claim,Medium,0
ID49166,0.4175,0,No Claim,Medium,0
ID36997,0.4175,0,No Claim,Medium,0
ID57940,0.4175,0,No Claim,Medium,0
ID12367,0.4175,0,No Claim,Medium,0
ID30369,0.4175,0,No Claim,Medium,0
ID20847,0.4175,0,No Claim,Medium,0
ID32538,0.4175,0,No Claim,Medium,0
ID55690,0.4175,0,No Claim,Medium,0
ID02357,0.4175,0,No Claim,Medium,0
ID33785,0.4175,0,No Claim,Medium,0
ID40610,0.4175,0,No Claim,Medium,0
ID32332,0.4175,0,No Claim,Medium,0
ID18052,0.4175,0,No Claim,Medium,0
ID03047,0.4175,0,No Claim,Medium,0
ID35839,0.4175,0,No Claim,Medium,0
ID02911,0.4175,0,No Claim,Medium,0
ID43394,0.4175,0,No Claim,Medium,0
ID22548,0.4175,0,No Claim,Medium,0
ID10145,0.4175,0,No Claim,Medium,0
ID02959,0.4175,0,No Claim,Medium,0
ID56216,0.4175,0,No Claim,Medium,0
ID22767,0.4175,0,No Claim,Medium,0
ID03092,0.4175,0,No Claim,Medium,0
ID48266,0.4175,0,No Claim,Medium,0
ID32118,0.4175,0,No Claim,Medium,0
ID51738,0.4175,0,No Claim,Medium,0
ID35631,0.4175,0,No Claim,Medium,0
ID07042,0.4175,0,No Claim,Medium,0
ID39056,0.4175,0,No Claim,Medium,0
ID02851,0.4175,0,No Claim,Medium,0
ID46059,0.4175,0,No Claim,Medium,0
ID53530,0.4175,0,No Claim,Medium,0
ID08853,0.4175,0,No Claim,Medium,0
ID33050,0.4175,0,No Claim,Medium,0
ID35033,0.4175,0,No Claim,Medium,0
ID30027,0.4175,0,No Claim,Medium,0
ID05363,0.4175,0,No Claim,Medium,0
ID18392,0.4175,0,No Claim,Medium,0
ID08136,0.4175,0,No Claim,Medium,1
ID30625,0.4175,0,No Claim,Medium,0
ID36456,0.4175,0,No Claim,Medium,0
ID32092,0.4175,0,No Claim,Medium,0
ID26190,0.4175,0,No Claim,Medium,0
ID16604,0.4175,0,No Claim,Medium,0
ID13247,0.4175,0,No Claim,Medium,0
ID11115,0.4175,0,No Claim,Medium,0
ID03380,0.4175,0,No Claim,Medium,0
ID52882,0.4175,0,No Claim,Medium,0
ID41103,0.4175,0,No Claim,Medium,0
ID39789,0.4175,0,No Claim,Medium,0
ID39958,0.4175,0,No Claim,Medium,0
ID16708,0.4175,0,No Claim,Medium,0
ID08051,0.4175,0,No Claim,Medium,0
ID50362,0.4175,0,No Claim,Medium,0
ID37170,0.4175,0,No Claim,Medium,0
ID32597,0.4175,0,No Claim,Medium,0
ID18918,0.4175,0,No Claim,Medium,0
ID12700,0.4175,0,No Claim,Medium,0
ID47267,0.4175,0,No Claim,Medium,0
ID52658,0.4175,0,No Claim,Medium,0
ID42132,0.4175,0,No Claim,Medium,0
ID04953,0.4175,0,No Claim,Medium,0
ID55440,0.4175,0,No Claim,Medium,0
ID07524,0.4175,0,No Claim,Medium,0
ID26878,0.4175,0,No Claim,Medium,0
ID28113,0.4175,0,No Claim,Medium,1
ID56310,0.4175,0,No Claim,Medium,0
ID47250,0.4175,0,No Claim,Medium,0
ID14714,0.4175,0,No Claim,Medium,0
ID18669,0.4175,0,No Claim,Medium,0
ID40002,0.4175,0,No Claim,Medium,0
ID07886,0.4175,0,No Claim,Medium,0
ID51089,0.4175,0,No Claim,Medium,0
ID20382,0.4175,0,No Claim,Medium,1
ID22590,0.4175,0,No Claim,Medium,0
ID00516,0.4175,0,No Claim,Medium,0
ID35779,0.4175,0,No Claim,Medium,0
ID31532,0.4175,0,No Claim,Medium,0
ID11748,0.4175,0,No Claim,Medium,0
ID11372,0.4175,0,No Claim,Medium,0
ID34948,0.4175,0,No Claim,Medium,0
ID05198,0.4175,0,No Claim,Medium,0
ID46980,0.4175,0,No Claim,Medium,0
ID58248,0.4175,0,No Claim,Medium,0
ID20731,0.4175,0,No Claim,Medium,0
ID46671,0.4175,0,No Claim,Medium,0
ID54505,0.4175,0,No Claim,Medium,0
ID08026,0.4175,0,No Claim,Medium,0
ID34534,0.4175,0,No Claim,Medium,0
ID25558,0.4175,0,No Claim,Medium,0
ID11847,0.4175,0,No Claim,Medium,1
ID43673,0.4175,0,No Claim,Medium,0
ID47266,0.4175,0,No Claim,Medium,0
ID13059,0.4175,0,No Claim,Medium,0
ID45807,0.4175,0,No Claim,Medium,0
ID17445,0.4175,0,No Claim,Medium,0
ID43744,0.4175,0,No Claim,Medium,0
ID17495,0.4175,0,No Claim,Medium,1
ID48500,0.4175,0,No Claim,Medium,0
ID49464,0.4175,0,No Claim,Medium,0
ID18978,0.4175,0,No Claim,Medium,0
ID39659,0.4175,0,No Claim,Medium,0
ID36022,0.4175,0,No Claim,Medium,0
ID11943,0.4175,0,No Claim,Medium,0
ID58570,0.4175,0,No Claim,Medium,0
ID29748,0.4175,0,No Claim,Medium,1
ID01854,0.4175,0,No Claim,Medium,0
ID36007,0.4175,0,No Claim,Medium,0
ID35236,0.4175,0,No Claim,Medium,0
ID17142,0.4175,0,No Claim,Medium,0
ID25375,0.4175,0,No Claim,Medium,0
ID40889,0.4175,0,No Claim,Medium,0
ID42026,0.4175,0,No Claim,Medium,0
ID01412,0.4175,0,No Claim,Medium,0
ID31302,0.4175,0,No Claim,Medium,0
ID30756,0.4175,0,No Claim,Medium,0
ID03349,0.4175,0,No Claim,Medium,0
ID21252,0.4175,0,No Claim,Medium,0
ID39705,0.4175,0,No Claim,Medium,0
ID53765,0.4175,0,No Claim,Medium,0
ID02957,0.4175,0,No Claim,Medium,0
ID29793,0.4061,0,No Claim,Low,0
ID40772,0.4061,0,No Claim,Low,1
ID17135,0.4061,0,No Claim,Low,0
ID19783,0.4061,0,No Claim,Low,1
ID58488,0.4061,0,No Claim,Low,0
ID10907,0.4061,0,No Claim,Low,0
ID03603,0.4061,0,No Claim,Low,0
ID45859,0.4061,0,No Claim,Low,0
ID14522,0.4061,0,No Claim,Low,0
ID53696,0.4061,0,No Claim,Low,0
ID56454,0.4061,0,No Claim,Low,0
ID15033,0.4061,0,No Claim,Low,0
ID50785,0.4061,0,No Claim,Low,0
ID07018,0.4061,0,No Claim,Low,0
ID11446,0.4061,0,No Claim,Low,0
ID37345,0.4061,0,No Claim,Low,0
ID08260,0.4061,0,No Claim,Low,1
ID14516,0.4061,0,No Claim,Low,0
ID52368,0.4061,0,No Claim,Low,0
ID47562,0.4061,0,No Claim,Low,0
ID39986,0.4061,0,No Claim,Low,0
ID01842,0.4061,0,No Claim,Low,0
ID33505,0.4061,0,No Claim,Low,1
ID38342,0.4061,0,No Claim,Low,0
ID49215,0.4061,0,No Claim,Low,0
ID00073,0.4061,0,No Claim,Low,0
ID42678,0.4061,0,No Claim,Low,0
ID17690,0.4061,0,No Claim,Low,0
ID07096,0.4061,0,No Claim,Low,0
ID11212,0.4061,0,No Claim,Low,0
ID43427,0.4061,0,No Claim,Low,0
ID22187,0.4061,0,No Claim,Low,0
ID19653,0.4061,0,No Claim,Low,0
ID05259,0.4061,0,No Claim,Low,0
ID13300,0.4061,0,No Claim,Low,0
ID21145,0.4061,0,No Claim,Low,0
ID10598,0.4061,0,No Claim,Low,0
ID54423,0.4061,0,No Claim,Low,0
ID31051,0.4061,0,No Claim,Low,0
ID54278,0.4061,0,No Claim,Low,0
ID27536,0.4061,0,No Claim,Low,0
ID44807,0.4061,0,No Claim,Low,0
ID01269,0.4061,0,No Claim,Low,0
ID47248,0.4061,0,No Claim,Low,0
ID44967,0.4061,0,No Claim,Low,0
ID44956,0.4061,0,No Claim,Low,0
ID11769,0.4061,0,No Claim,Low,0
ID22226,0.4061,0,No Claim,Low,0
ID31922,0.4061,0,No Claim,Low,0
ID17110,0.4061,0,No Claim,Low,0
ID46466,0.4061,0,No Claim,Low,0
ID42181,0.4061,0,No Claim,Low,0
ID52504,0.4061,0,No Claim,Low,0
ID29106,0.4061,0,No Claim,Low,1
ID37783,0.4061,0,No Claim,Low,0
ID28991,0.4061,0,No Claim,Low,0
ID10335,0.4061,0,No Claim,Low,0
ID09435,0.4061,0,No Claim,Low,0
ID28497,0.4061,0,No Claim,Low,0
ID27753,0.4061,0,No Claim,Low,0
ID26723,0.4061,0,No Claim,Low,0
ID52717,0.4061,0,No Claim,Low,0
ID40039,0.4061,0,No Claim,Low,0
ID07823,0.4061,0,No Claim,Low,0
ID50792,0.4061,0,No Claim,Low,0
ID23140,0.4061,0,No Claim,Low,0
ID55081,0.4061,0,No Claim,Low,0
ID25464,0.4061,0,No Claim,Low,0
ID17073,0.4061,0,No Claim,Low,0
ID36093,0.4061,0,No Claim,Low,0
ID54648,0.4061,0,No Claim,Low,0
ID19578,0.4061,0,No Claim,Low,0
ID30703,0.4061,0,No Claim,Low,0
ID54703,0.4061,0,No Claim,Low,0
ID56420,0.4061,0,No Claim,Low,0
ID10136,0.4061,0,No Claim,Low,0
ID40462,0.4061,0,No Claim,Low,0
ID33382,0.4061,0,No Claim,Low,0
ID16179,0.4061,0,No Claim,Low,0
ID57951,0.4061,0,No Claim,Low,0
ID38605,0.4061,0,No Claim,Low,0
ID00318,0.4061,0,No Claim,Low,0
ID01442,0.4061,0,No Claim,Low,0
ID28330,0.4061,0,No Claim,Low,0
ID36671,0.4061,0,No Claim,Low,0
ID09928,0.4061,0,No Claim,Low,0
ID15234,0.4061,0,No Claim,Low,0
ID38977,0.4061,0,No Claim,Low,0
ID51509,0.4061,0,No Claim,Low,0
ID49869,0.4061,0,No Claim,Low,0
ID52938,0.4061,0,No Claim,Low,0
ID39931,0.4061,0,No Claim,Low,0
ID49882,0.4061,0,No Claim,Low,0
ID17443,0.4061,0,No Claim,Low,0
ID20988,0.4061,0,No Claim,Low,0
ID07206,0.4061,0,No Claim,Low,0
ID45221,0.4061,0,No Claim,Low,0
ID20562,0.4061,0,No Claim,Low,0
ID57393,0.4061,0,No Claim,Low,0
ID34150,0.4061,0,No Claim,Low,0
ID05340,0.4061,0,No Claim,Low,0
ID45251,0.4061,0,No Claim,Low,0
ID20763,0.4061,0,No Claim,Low,0
ID36466,0.4061,0,No Claim,Low,0
ID22028,0.4061,0,No Claim,Low,0
ID21041,0.4061,0,No Claim,Low,0
ID06912,0.4061,0,No Claim,Low,0
ID58234,0.4061,0,No Claim,Low,0
ID10779,0.4061,0,No Claim,Low,0
ID34905,0.4061,0,No Claim,Low,0
ID24656,0.4061,0,No Claim,Low,0
ID24101,0.4061,0,No Claim,Low,0
ID13799,0.4061,0,No Claim,Low,0
ID40565,0.4061,0,No Claim,Low,0
ID51407,0.4061,0,No Claim,Low,0
ID38063,0.4061,0,No Claim,Low,0
ID56628,0.4061,0,No Claim,Low,0
ID07608,0.4061,0,No Claim,Low,0
ID03683,0.4061,0,No Claim,Low,0
ID21397,0.4061,0,No Claim,Low,0
ID21388,0.4061,0,No Claim,Low,0
ID34376,0.4061,0,No Claim,Low,0
ID25808,0.4061,0,No Claim,Low,0
ID11084,0.4061,0,No Claim,Low,0
ID40147,0.4061,0,No Claim,Low,1
ID24881,0.4061,0,No Claim,Low,0
ID22359,0.4061,0,No Claim,Low,0
ID12187,0.4061,0,No Claim,Low,0
ID46697,0.4061,0,No Claim,Low,0
ID37654,0.4061,0,No Claim,Low,0
ID12588,0.4061,0,No Claim,Low,0
ID20892,0.4061,0,No Claim,Low,0
ID49198,0.4061,0,No Claim,Low,0
ID51002,0.4061,0,No Claim,Low,0
ID03341,0.4061,0,No Claim,Low,0
ID54675,0.4061,0,No Claim,Low,0
ID32994,0.4061,0,No Claim,Low,0
ID48836,0.4061,0,No Claim,Low,0
ID23427,0.4061,0,No Claim,Low,0
ID46431,0.4061,0,No Claim,Low,0
ID47410,0.4061,0,No Claim,Low,0
ID30187,0.4061,0,No Claim,Low,0
ID29658,0.4061,0,No Claim,Low,0
ID04868,0.4061,0,No Claim,Low,0
ID32027,0.4061,0,No Claim,Low,0
ID34652,0.4061,0,No Claim,Low,0
ID28150,0.4061,0,No Claim,Low,0
ID49200,0.4061,0,No Claim,Low,0
ID15458,0.4061,0,No Claim,Low,0
ID24686,0.4061,0,No Claim,Low,0
ID00427,0.4061,0,No Claim,Low,0
ID47941,0.4061,0,No Claim,Low,0
ID25395,0.4061,0,No Claim,Low,0
ID02860,0.4061,0,No Claim,Low,0
ID10138,0.4061,0,No Claim,Low,0
ID18597,0.4061,0,No Claim,Low,0
ID57903,0.4061,0,No Claim,Low,0
ID28292,0.4061,0,No Claim,Low,0
ID07013,0.4061,0,No Claim,Low,0
ID49657,0.4061,0,No Claim,Low,1
ID05893,0.4061,0,No Claim,Low,0
ID52198,0.4061,0,No Claim,Low,0
ID19762,0.4061,0,No Claim,Low,0
ID26831,0.4061,0,No Claim,Low,0
ID51901,0.4061,0,No Claim,Low,0
ID44654,0.4061,0,No Claim,Low,0
ID37056,0.4061,0,No Claim,Low,0
ID42071,0.4061,0,No Claim,Low,0
ID28968,0.4061,0,No Claim,Low,1
ID16171,0.4061,0,No Claim,Low,0
ID48983,0.4061,0,No Claim,Low,0
ID54518,0.4061,0,No Claim,Low,0
ID55099,0.4061,0,No Claim,Low,0
ID04051,0.4061,0,No Claim,Low,0
ID09864,0.4061,0,No Claim,Low,0
ID12220,0.4061,0,No Claim,Low,0
ID02740,0.4061,0,No Claim,Low,0
ID31225,0.4061,0,No Claim,Low,0
ID42164,0.4061,0,No Claim,Low,0
ID27818,0.4061,0,No Claim,Low,0
ID50987,0.4061,0,No Claim,Low,0
ID37859,0.4061,0,No Claim,Low,0
ID07962,0.4061,0,No Claim,Low,0
ID31506,0.4061,0,No Claim,Low,0
ID10391,0.4061,0,No Claim,Low,0
ID44129,0.4061,0,No Claim,Low,0
ID49107,0.4061,0,No Claim,Low,0
ID22312,0.4061,0,No Claim,Low,0
ID58334,0.4061,0,No Claim,Low,0
ID57355,0.4061,0,No Claim,Low,0
ID04341,0.4061,0,No Claim,Low,0
ID56432,0.4061,0,No Claim,Low,0
ID49094,0.4061,0,No Claim,Low,0
ID42609,0.4061,0,No Claim,Low,0
ID43688,0.4061,0,No Claim,Low,0
ID37841,0.4061,0,No Claim,Low,0
ID11508,0.4061,0,No Claim,Low,0
ID04282,0.4061,0,No Claim,Low,1
ID22722,0.4061,0,No Claim,Low,0
ID15295,0.4061,0,No Claim,Low,0
ID48982,0.4061,0,No Claim,Low,0
ID41026,0.4061,0,No Claim,Low,0
ID53665,0.4061,0,No Claim,Low,0
ID05914,0.4061,0,No Claim,Low,0
ID33084,0.4061,0,No Claim,Low,0
ID44670,0.4061,0,No Claim,Low,0
ID39172,0.4061,0,No Claim,Low,0
ID31666,0.4061,0,No Claim,Low,0
ID18573,0.4061,0,No Claim,Low,0
ID48130,0.4061,0,No Claim,Low,0
ID21706,0.4061,0,No Claim,Low,0
ID29500,0.4061,0,No Claim,Low,0
ID42134,0.4061,0,No Claim,Low,0
ID23148,0.4061,0,No Claim,Low,0
ID28769,0.4061,0,No Claim,Low,0
ID51471,0.4061,0,No Claim,Low,0
ID35749,0.4061,0,No Claim,Low,0
ID01244,0.4061,0,No Claim,Low,0
ID24755,0.4061,0,No Claim,Low,0
ID36213,0.4061,0,No Claim,Low,0
ID53600,0.4061,0,No Claim,Low,0
ID26226,0.4061,0,No Claim,Low,0
ID37196,0.4061,0,No Claim,Low,0
ID20635,0.4061,0,No Claim,Low,0
ID50590,0.4061,0,No Claim,Low,0
ID49959,0.4061,0,No Claim,Low,0
ID18585,0.4061,0,No Claim,Low,0
ID23694,0.4061,0,No Claim,Low,0
ID09334,0.4061,0,No Claim,Low,0
ID39940,0.4061,0,No Claim,Low,0
ID32025,0.4061,0,No Claim,Low,0
ID26245,0.4061,0,No Claim,Low,0
ID47028,0.4061,0,No Claim,Low,0
ID45884,0.4061,0,No Claim,Low,0
ID48368,0.4061,0,No Claim,Low,0
ID16605,0.4061,0,No Claim,Low,0
ID44556,0.4061,0,No Claim,Low,0
ID24718,0.4061,0,No Claim,Low,0
ID28188,0.4061,0,No Claim,Low,0
ID16086,0.4061,0,No Claim,Low,0
ID10149,0.4061,0,No Claim,Low,0
ID28939,0.4061,0,No Claim,Low,0
ID40351,0.4061,0,No Claim,Low,0
ID50669,0.4061,0,No Claim,Low,0
ID40068,0.4061,0,No Claim,Low,0
ID13696,0.4061,0,No Claim,Low,0
ID27234,0.4061,0,No Claim,Low,0
ID01859,0.4061,0,No Claim,Low,0
ID30234,0.4061,0,No Claim,Low,0
ID43864,0.4061,0,No Claim,Low,0
ID23106,0.4061,0,No Claim,Low,0
ID17157,0.4061,0,No Claim,Low,0
ID30182,0.4061,0,No Claim,Low,0
ID14862,0.4061,0,No Claim,Low,0
ID15582,0.4061,0,No Claim,Low,0
ID18896,0.4061,0,No Claim,Low,0
ID11989,0.4061,0,No Claim,Low,0
ID47344,0.4061,0,No Claim,Low,0
ID48051,0.4061,0,No Claim,Low,0
ID51432,0.4061,0,No Claim,Low,0
ID10271,0.4061,0,No Claim,Low,1
ID15029,0.4061,0,No Claim,Low,0
ID15808,0.4061,0,No Claim,Low,0
ID33663,0.4061,0,No Claim,Low,0
ID29395,0.4061,0,No Claim,Low,0
ID15227,0.4061,0,No Claim,Low,0
ID38664,0.4061,0,No Claim,Low,0
ID13936,0.4061,0,No Claim,Low,0
ID48333,0.4061,0,No Claim,Low,0
ID17927,0.4061,0,No Claim,Low,0
ID02198,0.4061,0,No Claim,Low,0
ID41295,0.4061,0,No Claim,Low,0
ID29703,0.4061,0,No Claim,Low,0
ID49508,0.4061,0,No Claim,Low,0
ID04602,0.4061,0,No Claim,Low,0
ID43492,0.4061,0,No Claim,Low,0
ID30992,0.4061,0,No Claim,Low,0
ID43536,0.4061,0,No Claim,Low,0
ID35465,0.4061,0,No Claim,Low,0
ID53784,0.4061,0,No Claim,Low,0
ID29521,0.4061,0,No Claim,Low,0
ID10434,0.4061,0,No Claim,Low,0
ID55456,0.4061,0,No Claim,Low,0
ID45380,0.4061,0,No Claim,Low,0
ID10574,0.4061,0,No Claim,Low,0
ID48297,0.4061,0,No Claim,Low,0
ID09364,0.4061,0,No Claim,Low,0
ID22408,0.4061,0,No Claim,Low,0
ID51503,0.4061,0,No Claim,Low,0
ID22899,0.4061,0,No Claim,Low,0
ID10859,0.4061,0,No Claim,Low,0
ID29383,0.4061,0,No Claim,Low,0
ID18337,0.4061,0,No Claim,Low,0
ID16388,0.4061,0,No Claim,Low,0
ID25118,0.4061,0,No Claim,Low,0
ID02298,0.4061,0,No Claim,Low,0
ID18861,0.4061,0,No Claim,Low,0
ID08509,0.4061,0,No Claim,Low,0
ID42512,0.4061,0,No Claim,Low,0
ID47999,0.4061,0,No Claim,Low,0
ID16905,0.4061,0,No Claim,Low,0
ID45168,0.4061,0,No Claim,Low,0
ID30982,0.4061,0,No Claim,Low,0
ID39968,0.4061,0,No Claim,Low,0
ID01734,0.4061,0,No Claim,Low,0
ID25790,0.4061,0,No Claim,Low,0
ID05257,0.4061,0,No Claim,Low,0
ID28164,0.4061,0,No Claim,Low,0
ID22766,0.4061,0,No Claim,Low,0
ID22856,0.4061,0,No Claim,Low,0
ID30082,0.4061,0,No Claim,Low,0
ID26581,0.4061,0,No Claim,Low,0
ID53415,0.4061,0,No Claim,Low,0
ID04547,0.4061,0,No Claim,Low,0
ID29267,0.4061,0,No Claim,Low,0
ID18428,0.4061,0,No Claim,Low,0
ID32214,0.4061,0,No Claim,Low,0
ID45765,0.4061,0,No Claim,Low,0
ID40105,0.4061,0,No Claim,Low,0
ID49821,0.4061,0,No Claim,Low,0
ID04532,0.4061,0,No Claim,Low,0
ID03800,0.4061,0,No Claim,Low,0
ID02311,0.4061,0,No Claim,Low,0
ID37173,0.4061,0,No Claim,Low,0
ID52051,0.4061,0,No Claim,Low,0
ID19273,0.4061,0,No Claim,Low,0
ID19704,0.4061,0,No Claim,Low,0
ID07432,0.4061,0,No Claim,Low,0
ID28298,0.4061,0,No Claim,Low,0
ID11616,0.4061,0,No Claim,Low,0
ID11806,0.4061,0,No Claim,Low,0
ID19590,0.4061,0,No Claim,Low,0
ID12527,0.4061,0,No Claim,Low,0
ID39095,0.4061,0,No Claim,Low,0
ID13730,0.4061,0,No Claim,Low,0
ID35688,0.4061,0,No Claim,Low,0
ID13139,0.4061,0,No Claim,Low,0
ID09801,0.4061,0,No Claim,Low,0
ID15023,0.4061,0,No Claim,Low,0
ID43023,0.4061,0,No Claim,Low,0
ID18774,0.4061,0,No Claim,Low,0
ID55496,0.4061,0,No Claim,Low,0
ID43525,0.4061,0,No Claim,Low,0
ID10877,0.4061,0,No Claim,Low,0
ID09238,0.4061,0,No Claim,Low,1
ID28010,0.4061,0,No Claim,Low,0
ID00035,0.4061,0,No Claim,Low,0
ID42778,0.4061,0,No Claim,Low,0
ID57120,0.4061,0,No Claim,Low,1
ID57653,0.4061,0,No Claim,Low,0
ID04985,0.4061,0,No Claim,Low,0
ID51200,0.4061,0,No Claim,Low,0
ID58286,0.4061,0,No Claim,Low,0
ID09858,0.4061,0,No Claim,Low,0
ID28554,0.4061,0,No Claim,Low,0
ID28757,0.4061,0,No Claim,Low,0
ID53938,0.4061,0,No Claim,Low,0
ID36198,0.4061,0,No Claim,Low,0
ID44553,0.4061,0,No Claim,Low,0
ID41553,0.4061,0,No Claim,Low,0
ID30678,0.4061,0,No Claim,Low,0
ID00924,0.4061,0,No Claim,Low,0
ID40625,0.4061,0,No Claim,Low,0
ID26358,0.4061,0,No Claim,Low,0
ID00296,0.4061,0,No Claim,Low,0
ID24439,0.4061,0,No Claim,Low,0
ID20570,0.4061,0,No Claim,Low,0
ID22426,0.4061,0,No Claim,Low,0
ID05379,0.4061,0,No Claim,Low,0
ID12996,0.4061,0,No Claim,Low,0
ID29981,0.4061,0,No Claim,Low,0
ID56864,0.4061,0,No Claim,Low,0
ID22992,0.4061,0,No Claim,Low,0
ID15836,0.4061,0,No Claim,Low,0
ID34668,0.4061,0,No Claim,Low,0
ID11280,0.4061,0,No Claim,Low,0
ID11969,0.4061,0,No Claim,Low,0
ID46440,0.4061,0,No Claim,Low,0
ID36527,0.4061,0,No Claim,Low,0
ID55898,0.4061,0,No Claim,Low,0
ID17877,0.4061,0,No Claim,Low,0
ID43576,0.4061,0,No Claim,Low,0
ID10157,0.4061,0,No Claim,Low,0
ID47708,0.4061,0,No Claim,Low,0
ID44428,0.4061,0,No Claim,Low,0
ID18125,0.4061,0,No Claim,Low,0
ID07332,0.4061,0,No Claim,Low,0
ID55188,0.4061,0,No Claim,Low,0
ID48585,0.4061,0,No Claim,Low,0
ID32677,0.4061,0,No Claim,Low,0
ID14931,0.4061,0,No Claim,Low,0
ID21308,0.4061,0,No Claim,Low,0
ID20597,0.4061,0,No Claim,Low,0
ID01002,0.4061,0,No Claim,Low,0
ID31548,0.4061,0,No Claim,Low,0
ID55249,0.4061,0,No Claim,Low,0
ID04736,0.4061,0,No Claim,Low,0
ID07731,0.4061,0,No Claim,Low,0
ID58089,0.4061,0,No Claim,Low,0
ID55225,0.4061,0,No Claim,Low,0
ID18324,0.4061,0,No Claim,Low,0
ID15590,0.4061,0,No Claim,Low,0
ID57058,0.4061,0,No Claim,Low,1
ID01212,0.4061,0,No Claim,Low,0
ID43544,0.4061,0,No Claim,Low,0
ID07130,0.4061,0,No Claim,Low,0
ID49271,0.4061,0,No Claim,Low,0
ID34407,0.4061,0,No Claim,Low,0
ID41517,0.4061,0,No Claim,Low,0
ID51877,0.4061,0,No Claim,Low,0
ID49418,0.4061,0,No Claim,Low,0
ID15739,0.4061,0,No Claim,Low,0
ID15942,0.4061,0,No Claim,Low,0
ID02837,0.4061,0,No Claim,Low,0
ID12472,0.4061,0,No Claim,Low,0
ID57796,0.4061,0,No Claim,Low,0
ID02659,0.4061,0,No Claim,Low,0
ID07091,0.4061,0,No Claim,Low,0
ID01566,0.4061,0,No Claim,Low,0
ID09102,0.4061,0,No Claim,Low,0
ID54808,0.4061,0,No Claim,Low,0
ID44941,0.4061,0,No Claim,Low,0
ID56690,0.4061,0,No Claim,Low,0
ID00191,0.4061,0,No Claim,Low,0
ID04860,0.4061,0,No Claim,Low,0
ID57357,0.4061,0,No Claim,Low,0
ID52871,0.4061,0,No Claim,Low,0
ID24233,0.4061,0,No Claim,Low,0
ID54476,0.4061,0,No Claim,Low,0
ID01938,0.4061,0,No Claim,Low,0
ID22948,0.4061,0,No Claim,Low,0
ID02371,0.4061,0,No Claim,Low,0
ID40170,0.4061,0,No Claim,Low,0
ID03412,0.4061,0,No Claim,Low,0
ID45412,0.4061,0,No Claim,Low,1
ID14235,0.4061,0,No Claim,Low,0
ID19523,0.4061,0,No Claim,Low,0
ID30183,0.4061,0,No Claim,Low,0
ID49389,0.4061,0,No Claim,Low,0
ID08828,0.4061,0,No Claim,Low,0
ID13518,0.4061,0,No Claim,Low,0
ID29682,0.4061,0,No Claim,Low,0
ID22109,0.4061,0,No Claim,Low,0
ID15503,0.4061,0,No Claim,Low,0
ID01026,0.4061,0,No Claim,Low,0
ID17844,0.4061,0,No Claim,Low,0
ID16169,0.4061,0,No Claim,Low,0
ID29828,0.4061,0,No Claim,Low,0
ID57483,0.4061,0,No Claim,Low,0
ID10577,0.4061,0,No Claim,Low,1
ID20061,0.4061,0,No Claim,Low,0
ID47437,0.4061,0,No Claim,Low,0
ID55474,0.4061,0,No Claim,Low,0
ID09834,0.4061,0,No Claim,Low,0
ID29374,0.4061,0,No Claim,Low,0
ID44157,0.4061,0,No Claim,Low,0
ID00634,0.4061,0,No Claim,Low,0
ID29452,0.4061,0,No Claim,Low,0
ID50453,0.4061,0,No Claim,Low,1
ID18580,0.4061,0,No Claim,Low,0
ID55002,0.4061,0,No Claim,Low,0
ID37490,0.4061,0,No Claim,Low,0
ID26846,0.4061,0,No Claim,Low,0
ID23329,0.4061,0,No Claim,Low,0
ID20909,0.4061,0,No Claim,Low,0
ID03622,0.4061,0,No Claim,Low,0
ID52081,0.4061,0,No Claim,Low,0
ID57850,0.4061,0,No Claim,Low,0
ID18791,0.4061,0,No Claim,Low,0
ID32509,0.4061,0,No Claim,Low,0
ID41045,0.4061,0,No Claim,Low,0
ID15296,0.4061,0,No Claim,Low,0
ID47387,0.4061,0,No Claim,Low,0
ID28162,0.4061,0,No Claim,Low,0
ID03118,0.4061,0,No Claim,Low,0
ID00666,0.4061,0,No Claim,Low,1
ID54402,0.4061,0,No Claim,Low,0
ID18238,0.4061,0,No Claim,Low,0
ID11227,0.4061,0,No Claim,Low,0
ID49104,0.4061,0,No Claim,Low,0
ID07624,0.4061,0,No Claim,Low,0
ID45747,0.4061,0,No Claim,Low,0
ID02655,0.4061,0,No Claim,Low,0
ID23750,0.4061,0,No Claim,Low,0
ID50482,0.4061,0,No Claim,Low,0
ID39142,0.4061,0,No Claim,Low,0
ID41163,0.4061,0,No Claim,Low,0
ID51209,0.4061,0,No Claim,Low,0
ID39810,0.4061,0,No Claim,Low,0
ID55441,0.4061,0,No Claim,Low,0
ID53722,0.4061,0,No Claim,Low,0
ID14196,0.4061,0,No Claim,Low,0
ID31577,0.4061,0,No Claim,Low,0
ID25936,0.4061,0,No Claim,Low,0
ID09312,0.4061,0,No Claim,Low,0
ID37607,0.4061,0,No Claim,Low,0
ID21253,0.4061,0,No Claim,Low,0
ID47657,0.4061,0,No Claim,Low,0
ID26665,0.4061,0,No Claim,Low,0
ID11488,0.4061,0,No Claim,Low,0
ID35113,0.4061,0,No Claim,Low,0
ID20504,0.4061,0,No Claim,Low,0
ID12248,0.4061,0,No Claim,Low,0
ID27426,0.4061,0,No Claim,Low,1
ID55840,0.4061,0,No Claim,Low,0
ID13000,0.4061,0,No Claim,Low,0
ID14445,0.4061,0,No Claim,Low,0
ID54598,0.4061,0,No Claim,Low,0
ID29742,0.4061,0,No Claim,Low,0
ID33189,0.4061,0,No Claim,Low,0
ID51068,0.4061,0,No Claim,Low,0
ID49873,0.4061,0,No Claim,Low,0
ID24171,0.4061,0,No Claim,Low,0
ID41481,0.4061,0,No Claim,Low,0
ID37343,0.4061,0,No Claim,Low,0
ID55703,0.4061,0,No Claim,Low,0
ID54721,0.4061,0,No Claim,Low,0
ID13614,0.4061,0,No Claim,Low,0
ID43257,0.4061,0,No Claim,Low,0
ID12097,0.4061,0,No Claim,Low,0
ID15379,0.4061,0,No Claim,Low,0
ID57819,0.4061,0,No Claim,Low,0
ID40268,0.4061,0,No Claim,Low,0
ID14919,0.4061,0,No Claim,Low,0
ID19825,0.4061,0,No Claim,Low,0
ID54935,0.4061,0,No Claim,Low,0
ID38925,0.4061,0,No Claim,Low,0
ID04894,0.4061,0,No Claim,Low,0
ID05961,0.4061,0,No Claim,Low,0
ID32005,0.4061,0,No Claim,Low,0
ID40712,0.4061,0,No Claim,Low,0
ID41193,0.4061,0,No Claim,Low,0
ID00027,0.4061,0,No Claim,Low,0
ID50939,0.4061,0,No Claim,Low,0
ID37280,0.4061,0,No Claim,Low,0
ID17150,0.4061,0,No Claim,Low,0
ID21741,0.4061,0,No Claim,Low,0
ID24857,0.4061,0,No Claim,Low,0
ID15107,0.4061,0,No Claim,Low,0
ID32829,0.4061,0,No Claim,Low,1
ID04153,0.4061,0,No Claim,Low,0
ID29070,0.4061,0,No Claim,Low,0
ID12058,0.4061,0,No Claim,Low,0
ID06891,0.4061,0,No Claim,Low,0
ID11916,0.4061,0,No Claim,Low,0
ID32395,0.4061,0,No Claim,Low,0
ID20344,0.4061,0,No Claim,Low,0
ID18563,0.4061,0,No Claim,Low,0
ID27775,0.4061,0,No Claim,Low,0
ID37080,0.4061,0,No Claim,Low,0
ID06221,0.4061,0,No Claim,Low,0
ID15463,0.4061,0,No Claim,Low,1
ID46862,0.4061,0,No Claim,Low,0
ID12514,0.4061,0,No Claim,Low,0
ID06557,0.4061,0,No Claim,Low,0
ID26927,0.4061,0,No Claim,Low,0
ID08872,0.4061,0,No Claim,Low,0
ID01395,0.4061,0,No Claim,Low,0
ID51893,0.4061,0,No Claim,Low,0
ID33101,0.4061,0,No Claim,Low,0
ID49415,0.4061,0,No Claim,Low,0
ID26796,0.4061,0,No Claim,Low,0
ID11897,0.4061,0,No Claim,Low,0
ID56124,0.4061,0,No Claim,Low,0
ID12376,0.4061,0,No Claim,Low,0
ID05210,0.4061,0,No Claim,Low,0
ID48863,0.4061,0,No Claim,Low,0
ID57981,0.4061,0,No Claim,Low,0
ID32949,0.4061,0,No Claim,Low,0
ID33083,0.4061,0,No Claim,Low,0
ID30009,0.4061,0,No Claim,Low,0
ID12195,0.4061,0,No Claim,Low,0
ID20746,0.4061,0,No Claim,Low,0
ID21181,0.4061,0,No Claim,Low,0
ID48099,0.4061,0,No Claim,Low,0
ID45900,0.4061,0,No Claim,Low,1
ID28760,0.4061,0,No Claim,Low,0
ID03193,0.4061,0,No Claim,Low,0
ID44772,0.4061,0,No Claim,Low,0
ID02101,0.4061,0,No Claim,Low,0
ID23120,0.4061,0,No Claim,Low,0
ID24251,0.4061,0,No Claim,Low,0
ID13945,0.4061,0,No Claim,Low,0
ID21767,0.4061,0,No Claim,Low,0
ID43811,0.4061,0,No Claim,Low,0
ID50461,0.4061,0,No Claim,Low,0
ID11974,0.4061,0,No Claim,Low,0
ID20957,0.4061,0,No Claim,Low,0
ID13445,0.4061,0,No Claim,Low,0
ID49115,0.4061,0,No Claim,Low,0
ID26182,0.4061,0,No Claim,Low,0
ID02053,0.4061,0,No Claim,Low,0
ID08992,0.4061,0,No Claim,Low,0
ID06514,0.4061,0,No Claim,Low,0
ID49533,0.4061,0,No Claim,Low,0
ID25564,0.4061,0,No Claim,Low,0
ID47087,0.4061,0,No Claim,Low,0
ID50938,0.4061,0,No Claim,Low,0
ID23478,0.4061,0,No Claim,Low,0
ID57359,0.4061,0,No Claim,Low,0
ID29499,0.4061,0,No Claim,Low,0
ID48966,0.4061,0,No Claim,Low,0
ID23033,0.4061,0,No Claim,Low,0
ID07722,0.4061,0,No Claim,Low,0
ID01879,0.4061,0,No Claim,Low,0
ID47611,0.4061,0,No Claim,Low,0
ID29108,0.4061,0,No Claim,Low,0
ID56393,0.4061,0,No Claim,Low,0
ID22069,0.4061,0,No Claim,Low,0
ID15572,0.4061,0,No Claim,Low,0
ID33536,0.4061,0,No Claim,Low,0
ID38149,0.4061,0,No Claim,Low,0
ID31688,0.4061,0,No Claim,Low,0
ID26189,0.4061,0,No Claim,Low,0
ID37583,0.4061,0,No Claim,Low,0
ID56286,0.4061,0,No Claim,Low,0
ID18105,0.4061,0,No Claim,Low,0
ID47698,0.4061,0,No Claim,Low,0
ID02532,0.4061,0,No Claim,Low,0
ID05170,0.4061,0,No Claim,Low,0
ID33837,0.4061,0,No Claim,Low,0
ID11371,0.4061,0,No Claim,Low,0
ID25577,0.4061,0,No Claim,Low,0
ID07644,0.4061,0,No Claim,Low,0
ID53211,0.4061,0,No Claim,Low,0
ID16802,0.4061,0,No Claim,Low,0
ID19804,0.4061,0,No Claim,Low,0
ID26436,0.4061,0,No Claim,Low,0
ID27299,0.4061,0,No Claim,Low,0
ID44544,0.4061,0,No Claim,Low,0
ID43141,0.4061,0,No Claim,Low,0
ID34122,0.4061,0,No Claim,Low,0
ID51778,0.4061,0,No Claim,Low,0
ID56588,0.4061,0,No Claim,Low,0
ID28886,0.4061,0,No Claim,Low,0
ID05191,0.4061,0,No Claim,Low,0
ID40208,0.4061,0,No Claim,Low,0
ID13037,0.4061,0,No Claim,Low,0
ID37086,0.4061,0,No Claim,Low,0
ID39242,0.4061,0,No Claim,Low,1
ID14386,0.4061,0,No Claim,Low,0
ID53686,0.4061,0,No Claim,Low,0
ID13181,0.4061,0,No Claim,Low,0
ID42668,0.4061,0,No Claim,Low,0
ID44525,0.4061,0,No Claim,Low,0
ID19518,0.4061,0,No Claim,Low,0
ID53509,0.4061,0,No Claim,Low,0
ID51796,0.4061,0,No Claim,Low,0
ID46733,0.4061,0,No Claim,Low,0
ID51613,0.4061,0,No Claim,Low,0
ID34320,0.4061,0,No Claim,Low,0
ID28325,0.4061,0,No Claim,Low,0
ID47039,0.4061,0,No Claim,Low,0
ID53021,0.4061,0,No Claim,Low,0
ID06793,0.4061,0,No Claim,Low,0
ID50131,0.4061,0,No Claim,Low,0
ID02472,0.4061,0,No Claim,Low,0
ID31224,0.4061,0,No Claim,Low,0
ID37482,0.4061,0,No Claim,Low,0
ID14389,0.4061,0,No Claim,Low,0
ID56023,0.4061,0,No Claim,Low,0
ID45393,0.4061,0,No Claim,Low,0
ID24999,0.4061,0,No Claim,Low,0
ID22868,0.4061,0,No Claim,Low,0
ID34571,0.4061,0,No Claim,Low,0
ID46661,0.4061,0,No Claim,Low,0
ID31533,0.4061,0,No Claim,Low,0
ID19323,0.4061,0,No Claim,Low,0
ID44368,0.4061,0,No Claim,Low,0
ID28350,0.4061,0,No Claim,Low,0
ID47665,0.4061,0,No Claim,Low,0
ID52413,0.4061,0,No Claim,Low,0
ID16401,0.4061,0,No Claim,Low,0
ID21420,0.4061,0,No Claim,Low,0
ID28341,0.4061,0,No Claim,Low,0
ID35248,0.4061,0,No Claim,Low,0
ID34702,0.4061,0,No Claim,Low,0
ID48403,0.4061,0,No Claim,Low,0
ID41081,0.4061,0,No Claim,Low,0
ID06171,0.4061,0,No Claim,Low,0
ID19770,0.4061,0,No Claim,Low,0
ID37598,0.4061,0,No Claim,Low,0
ID16724,0.4061,0,No Claim,Low,0
ID14482,0.4061,0,No Claim,Low,0
ID14354,0.4061,0,No Claim,Low,0
ID00479,0.4061,0,No Claim,Low,0
ID01400,0.4061,0,No Claim,Low,0
ID54720,0.4061,0,No Claim,Low,0
ID24224,0.4061,0,No Claim,Low,0
ID09766,0.4061,0,No Claim,Low,0
ID38697,0.4061,0,No Claim,Low,0
ID37460,0.4061,0,No Claim,Low,0
ID27298,0.4061,0,No Claim,Low,0
ID01750,0.4061,0,No Claim,Low,0
ID51515,0.4061,0,No Claim,Low,0
ID06892,0.4061,0,No Claim,Low,0
ID39112,0.4061,0,No Claim,Low,0
ID19357,0.4061,0,No Claim,Low,0
ID52466,0.4061,0,No Claim,Low,0
ID04354,0.4061,0,No Claim,Low,0
ID40886,0.4061,0,No Claim,Low,0
ID39643,0.4061,0,No Claim,Low,0
ID57952,0.4061,0,No Claim,Low,0
ID03064,0.4061,0,No Claim,Low,0
ID32908,0.4061,0,No Claim,Low,0
ID32164,0.4061,0,No Claim,Low,0
ID27278,0.4061,0,No Claim,Low,0
ID57564,0.4061,0,No Claim,Low,0
ID38877,0.4061,0,No Claim,Low,0
ID58111,0.4061,0,No Claim,Low,0
ID47295,0.4061,0,No Claim,Low,0
ID38959,0.4061,0,No Claim,Low,0
ID45347,0.4061,0,No Claim,Low,0
ID52649,0.4061,0,No Claim,Low,0
ID11939,0.4061,0,No Claim,Low,0
ID03049,0.4061,0,No Claim,Low,0
ID21561,0.4061,0,No Claim,Low,0
ID05202,0.4061,0,No Claim,Low,0
ID44616,0.4061,0,No Claim,Low,0
ID39774,0.4061,0,No Claim,Low,0
ID26220,0.4061,0,No Claim,Low,0
ID53242,0.4061,0,No Claim,Low,1
ID40562,0.4061,0,No Claim,Low,0
ID31898,0.4061,0,No Claim,Low,0
ID36835,0.4061,0,No Claim,Low,0
ID03548,0.4061,0,No Claim,Low,0
ID35131,0.4061,0,No Claim,Low,0
ID31245,0.4061,0,No Claim,Low,0
ID16099,0.4061,0,No Claim,Low,0
ID45276,0.4061,0,No Claim,Low,0
ID10493,0.4061,0,No Claim,Low,0
ID46077,0.4061,0,No Claim,Low,0
ID57155,0.4061,0,No Claim,Low,0
ID16082,0.4061,0,No Claim,Low,0
ID56028,0.4061,0,No Claim,Low,0
ID56629,0.4061,0,No Claim,Low,0
ID49276,0.4061,0,No Claim,Low,0
ID48376,0.4061,0,No Claim,Low,0
ID20487,0.4061,0,No Claim,Low,0
ID42600,0.4061,0,No Claim,Low,0
ID17333,0.4061,0,No Claim,Low,0
ID53218,0.4061,0,No Claim,Low,0
ID47243,0.4061,0,No Claim,Low,0
ID44989,0.4061,0,No Claim,Low,1
ID51903,0.4061,0,No Claim,Low,0
ID08725,0.4061,0,No Claim,Low,0
ID19024,0.4061,0,No Claim,Low,0
ID38545,0.4061,0,No Claim,Low,0
ID31032,0.4061,0,No Claim,Low,0
ID03987,0.4061,0,No Claim,Low,0
ID49850,0.4061,0,No Claim,Low,0
ID20223,0.4061,0,No Claim,Low,0
ID27375,0.4061,0,No Claim,Low,0
ID58194,0.4061,0,No Claim,Low,0
ID03383,0.4061,0,No Claim,Low,0
ID17389,0.4061,0,No Claim,Low,1
ID28563,0.4061,0,No Claim,Low,0
ID00653,0.4061,0,No Claim,Low,0
ID04451,0.4061,0,No Claim,Low,0
ID55760,0.4061,0,No Claim,Low,0
ID15779,0.4061,0,No Claim,Low,0
ID03571,0.4061,0,No Claim,Low,0
ID17980,0.4061,0,No Claim,Low,0
ID13052,0.4061,0,No Claim,Low,0
ID22705,0.4061,0,No Claim,Low,0
ID43575,0.4061,0,No Claim,Low,0
ID06003,0.4061,0,No Claim,Low,0
ID54126,0.4061,0,No Claim,Low,0
ID08490,0.4061,0,No Claim,Low,0
ID31313,0.4061,0,No Claim,Low,0
ID42440,0.4061,0,No Claim,Low,0
ID38659,0.4061,0,No Claim,Low,0
ID19433,0.4061,0,No Claim,Low,0
ID09024,0.4061,0,No Claim,Low,0
ID09119,0.4061,0,No Claim,Low,0
ID42327,0.4061,0,No Claim,Low,0
ID39122,0.4061,0,No Claim,Low,0
ID54555,0.4061,0,No Claim,Low,0
ID06359,0.4061,0,No Claim,Low,0
ID09160,0.4061,0,No Claim,Low,0
ID02611,0.4061,0,No Claim,Low,0
ID26913,0.4061,0,No Claim,Low,0
ID30821,0.4061,0,No Claim,Low,0
ID47802,0.4061,0,No Claim,Low,0
ID35220,0.4061,0,No Claim,Low,0
ID12864,0.4061,0,No Claim,Low,0
ID45953,0.4061,0,No Claim,Low,0
ID15050,0.4061,0,No Claim,Low,0
ID37822,0.4061,0,No Claim,Low,0
ID41052,0.4061,0,No Claim,Low,0
ID26218,0.4061,0,No Claim,Low,0
ID26288,0.4061,0,No Claim,Low,0
ID34498,0.4061,0,No Claim,Low,0
ID15673,0.4061,0,No Claim,Low,0
ID39445,0.4061,0,No Claim,Low,0
ID23819,0.4061,0,No Claim,Low,0
ID19922,0.4061,0,No Claim,Low,0
ID40790,0.4061,0,No Claim,Low,0
ID34111,0.4061,0,No Claim,Low,0
ID32606,0.4061,0,No Claim,Low,0
ID42480,0.4061,0,No Claim,Low,0
ID19579,0.4061,0,No Claim,Low,0
ID21212,0.4061,0,No Claim,Low,0
ID48473,0.4061,0,No Claim,Low,0
ID58312,0.4061,0,No Claim,Low,0
ID07517,0.4061,0,No Claim,Low,0
ID19754,0.4061,0,No Claim,Low,0
ID19989,0.4061,0,No Claim,Low,1
ID27706,0.4061,0,No Claim,Low,0
ID38312,0.4061,0,No Claim,Low,0
ID36080,0.4061,0,No Claim,Low,0
ID07918,0.4061,0,No Claim,Low,0
ID11730,0.4061,0,No Claim,Low,0
ID41965,0.4061,0,No Claim,Low,0
ID00839,0.4061,0,No Claim,Low,0
ID15624,0.4061,0,No Claim,Low,0
ID51490,0.4061,0,No Claim,Low,0
ID12144,0.4061,0,No Claim,Low,0
ID27475,0.4061,0,No Claim,Low,0
ID55540,0.4061,0,No Claim,Low,0
ID11354,0.4061,0,No Claim,Low,0
ID39389,0.4061,0,No Claim,Low,0
ID11674,0.4061,0,No Claim,Low,0
ID50147,0.4061,0,No Claim,Low,0
ID29572,0.4061,0,No Claim,Low,0
ID57574,0.4061,0,No Claim,Low,0
ID06957,0.4061,0,No Claim,Low,0
ID20980,0.4061,0,No Claim,Low,0
ID32441,0.4061,0,No Claim,Low,0
ID21136,0.4061,0,No Claim,Low,0
ID26919,0.4061,0,No Claim,Low,0
ID43683,0.4061,0,No Claim,Low,0
ID31828,0.4061,0,No Claim,Low,0
ID16482,0.4061,0,No Claim,Low,0
ID05745,0.4061,0,No Claim,Low,0
ID18703,0.4061,0,No Claim,Low,0
ID04429,0.4061,0,No Claim,Low,0
ID02256,0.4061,0,No Claim,Low,0
ID29028,0.4061,0,No Claim,Low,0
ID43049,0.4061,0,No Claim,Low,0
ID44403,0.4061,0,No Claim,Low,0
ID06293,0.4061,0,No Claim,Low,0
ID48855,0.4061,0,No Claim,Low,1
ID55040,0.4061,0,No Claim,Low,0
ID04079,0.4061,0,No Claim,Low,0
ID07099,0.4061,0,No Claim,Low,0
ID47417,0.4061,0,No Claim,Low,0
ID43596,0.4061,0,No Claim,Low,0
ID20966,0.4061,0,No Claim,Low,0
ID35931,0.4061,0,No Claim,Low,1
ID20111,0.4061,0,No Claim,Low,0
ID26000,0.4061,0,No Claim,Low,0
ID46442,0.4061,0,No Claim,Low,0
ID21102,0.4061,0,No Claim,Low,1
ID12158,0.4061,0,No Claim,Low,0
ID49336,0.4061,0,No Claim,Low,0
ID34946,0.4061,0,No Claim,Low,0
ID02257,0.4061,0,No Claim,Low,0
ID48665,0.4061,0,No Claim,Low,0
ID14963,0.4061,0,No Claim,Low,0
ID38291,0.4061,0,No Claim,Low,0
ID47651,0.4061,0,No Claim,Low,0
ID12482,0.4061,0,No Claim,Low,0
ID17337,0.4061,0,No Claim,Low,1
ID35938,0.4061,0,No Claim,Low,0
ID05657,0.4061,0,No Claim,Low,0
ID40302,0.4061,0,No Claim,Low,0
ID13661,0.4061,0,No Claim,Low,0
ID21701,0.4061,0,No Claim,Low,0
ID37601,0.4061,0,No Claim,Low,0
ID09851,0.4061,0,No Claim,Low,0
ID32932,0.4061,0,No Claim,Low,0
ID13636,0.4061,0,No Claim,Low,0
ID47121,0.4061,0,No Claim,Low,0
ID11271,0.4061,0,No Claim,Low,0
ID54329,0.4061,0,No Claim,Low,0
ID22975,0.4061,0,No Claim,Low,0
ID43157,0.4061,0,No Claim,Low,0
ID01781,0.4061,0,No Claim,Low,0
ID21603,0.4061,0,No Claim,Low,0
ID13918,0.4061,0,No Claim,Low,0
ID01659,0.4061,0,No Claim,Low,0
ID20515,0.4061,0,No Claim,Low,0
ID18146,0.4061,0,No Claim,Low,0
ID20825,0.4061,0,No Claim,Low,0
ID40055,0.4061,0,No Claim,Low,0
ID19944,0.4061,0,No Claim,Low,0
ID58121,0.4061,0,No Claim,Low,0
ID15749,0.4061,0,No Claim,Low,0
ID49923,0.4061,0,No Claim,Low,0
ID55857,0.4061,0,No Claim,Low,0
ID46994,0.4061,0,No Claim,Low,1
ID01871,0.3231,0,No Claim,Low,0
ID09700,0.3231,0,No Claim,Low,0
ID13067,0.3231,0,No Claim,Low,0
ID19326,0.3231,0,No Claim,Low,1
ID55072,0.3231,0,No Claim,Low,0
ID28112,0.3231,0,No Claim,Low,0
ID42643,0.3231,0,No Claim,Low,0
ID27309,0.3231,0,No Claim,Low,0
ID19472,0.3231,0,No Claim,Low,0
ID56105,0.3231,0,No Claim,Low,0
ID45340,0.3231,0,No Claim,Low,0
ID52289,0.3231,0,No Claim,Low,0
ID10497,0.3231,0,No Claim,Low,0
ID58536,0.3005,0,No Claim,Low,0
ID15091,0.3005,0,No Claim,Low,0
ID21823,0.3005,0,No Claim,Low,0
ID27882,0.3005,0,No Claim,Low,0
ID11497,0.3005,0,No Claim,Low,0
ID19908,0.3005,0,No Claim,Low,0
ID29123,0.3005,0,No Claim,Low,0
ID06880,0.3005,0,No Claim,Low,0
ID15699,0.3005,0,No Claim,Low,0
ID09138,0.3005,0,No Claim,Low,0
ID13257,0.3005,0,No Claim,Low,0
ID07560,0.3005,0,No Claim,Low,0
ID08600,0.3005,0,No Claim,Low,0
ID30729,0.3005,0,No Claim,Low,0
ID27453,0.3005,0,No Claim,Low,1
ID23083,0.3005,0,No Claim,Low,0
ID38617,0.3005,0,No Claim,Low,1
ID13925,0.3005,0,No Claim,Low,0
ID13494,0.3005,0,No Claim,Low,0
ID11579,0.3005,0,No Claim,Low,0
ID55965,0.3005,0,No Claim,Low,0
ID01869,0.3005,0,No Claim,Low,0
ID02549,0.3005,0,No Claim,Low,0
ID22144,0.3005,0,No Claim,Low,0
ID27703,0.3005,0,No Claim,Low,0
ID25493,0.3005,0,No Claim,Low,0
ID49655,0.3005,0,No Claim,Low,0
ID49996,0.3005,0,No Claim,Low,0
ID02171,0.3005,0,No Claim,Low,0
ID42796,0.3005,0,No Claim,Low,0
ID07300,0.3005,0,No Claim,Low,0
ID30915,0.3005,0,No Claim,Low,0
ID47697,0.3005,0,No Claim,Low,0
ID17112,0.3005,0,No Claim,Low,0
ID38086,0.3005,0,No Claim,Low,0
ID41000,0.3005,0,No Claim,Low,0
ID07313,0.3005,0,No Claim,Low,0
ID58221,0.3005,0,No Claim,Low,0
ID56253,0.3005,0,No Claim,Low,0
ID55216,0.3005,0,No Claim,Low,0
ID49843,0.3005,0,No Claim,Low,0
ID23909,0.3005,0,No Claim,Low,0
ID37356,0.3005,0,No Claim,Low,0
ID56481,0.3005,0,No Claim,Low,0
ID48910,0.3005,0,No Claim,Low,0
ID44430,0.3005,0,No Claim,Low,1
ID11073,0.3005,0,No Claim,Low,0
ID18581,0.3005,0,No Claim,Low,0
ID22581,0.3005,0,No Claim,Low,0
ID55736,0.3005,0,No Claim,Low,0
ID20057,0.3005,0,No Claim,Low,0
ID40424,0.3005,0,No Claim,Low,1
ID37266,0.3005,0,No Claim,Low,0
ID14212,0.3005,0,No Claim,Low,0
ID36677,0.3005,0,No Claim,Low,0
ID37849,0.3005,0,No Claim,Low,0
ID37154,0.3005,0,No Claim,Low,0
ID21569,0.3005,0,No Claim,Low,0
ID57240,0.3005,0,No Claim,Low,0
ID37231,0.3005,0,No Claim,Low,0
ID41322,0.3005,0,No Claim,Low,0
ID04806,0.3005,0,No Claim,Low,0
ID56299,0.3005,0,No Claim,Low,0
ID13343,0.3005,0,No Claim,Low,0
ID39555,0.3005,0,No Claim,Low,0
ID22392,0.3005,0,No Claim,Low,0
ID44856,0.3005,0,No Claim,Low,0
ID22908,0.3005,0,No Claim,Low,0
ID10256,0.3005,0,No Claim,Low,0
ID49067,0.3005,0,No Claim,Low,0
ID41815,0.3005,0,No Claim,Low,0
ID25420,0.3005,0,No Claim,Low,0
ID06814,0.3005,0,No Claim,Low,0
ID36267,0.3005,0,No Claim,Low,0
ID53534,0.3005,0,No Claim,Low,0
ID46851,0.3005,0,No Claim,Low,0
ID54424,0.3005,0,No Claim,Low,1
ID25383,0.3005,0,No Claim,Low,0
ID27914,0.3005,0,No Claim,Low,0
ID49188,0.3005,0,No Claim,Low,0
ID51997,0.3005,0,No Claim,Low,0
ID57645,0.3005,0,No Claim,Low,0
ID05701,0.3005,0,No Claim,Low,0
ID34460,0.3005,0,No Claim,Low,0
ID55492,0.3005,0,No Claim,Low,0
ID41635,0.3005,0,No Claim,Low,0
ID00113,0.3005,0,No Claim,Low,0
ID30074,0.3005,0,No Claim,Low,0
ID15133,0.3005,0,No Claim,Low,0
ID07188,0.3005,0,No Claim,Low,1
ID16301,0.3005,0,No Claim,Low,0
ID06407,0.3005,0,No Claim,Low,0
ID06553,0.3005,0,No Claim,Low,0
ID27253,0.3005,0,No Claim,Low,0
ID53750,0.3005,0,No Claim,Low,1
ID16594,0.3005,0,No Claim,Low,0
ID45263,0.3005,0,No Claim,Low,0
ID32205,0.3005,0,No Claim,Low,0
ID00726,0.3005,0,No Claim,Low,0
ID08162,0.3005,0,No Claim,Low,0
ID56834,0.3005,0,No Claim,Low,0
ID07372,0.3005,0,No Claim,Low,1
ID23519,0.3005,0,No Claim,Low,0
ID10631,0.3005,0,No Claim,Low,0
ID14246,0.3005,0,No Claim,Low,0
ID45611,0.3005,0,No Claim,Low,0
ID55762,0.3005,0,No Claim,Low,0
ID49119,0.3005,0,No Claim,Low,0
ID00396,0.3005,0,No Claim,Low,0
ID28544,0.3005,0,No Claim,Low,0
ID06201,0.3005,0,No Claim,Low,0
ID26024,0.3005,0,No Claim,Low,0
ID36775,0.3005,0,No Claim,Low,0
ID25106,0.3005,0,No Claim,Low,0
ID51341,0.3005,0,No Claim,Low,0
ID14558,0.3005,0,No Claim,Low,0
ID00540,0.3005,0,No Claim,Low,0
ID41814,0.3005,0,No Claim,Low,0
ID46114,0.3005,0,No Claim,Low,0
ID27165,0.3005,0,No Claim,Low,1
ID30225,0.3005,0,No Claim,Low,0
ID00883,0.3005,0,No Claim,Low,0
ID20852,0.3005,0,No Claim,Low,0
ID49761,0.3005,0,No Claim,Low,0
ID19414,0.3005,0,No Claim,Low,0
ID10865,0.3005,0,No Claim,Low,0
ID53246,0.3005,0,No Claim,Low,0
ID03675,0.3005,0,No Claim,Low,0
ID48798,0.3005,0,No Claim,Low,0
ID21269,0.3005,0,No Claim,Low,0
ID32704,0.3005,0,No Claim,Low,0
ID33718,0.3005,0,No Claim,Low,0
ID09733,0.3005,0,No Claim,Low,0
ID07740,0.3005,0,No Claim,Low,0
ID48917,0.3005,0,No Claim,Low,0
ID16405,0.3005,0,No Claim,Low,0
ID11998,0.3005,0,No Claim,Low,1
ID37743,0.3005,0,No Claim,Low,0
ID43650,0.3005,0,No Claim,Low,0
ID36899,0.3005,0,No Claim,Low,0
ID00757,0.3005,0,No Claim,Low,0
ID40657,0.3005,0,No Claim,Low,0
ID29472,0.3005,0,No Claim,Low,1
ID49321,0.3005,0,No Claim,Low,0
ID43853,0.3005,0,No Claim,Low,0
ID11031,0.3005,0,No Claim,Low,0
ID38373,0.3005,0,No Claim,Low,0
ID45689,0.3005,0,No Claim,Low,0
ID38390,0.3005,0,No Claim,Low,0
ID31312,0.3005,0,No Claim,Low,0
ID55334,0.3005,0,No Claim,Low,0
ID38374,0.3005,0,No Claim,Low,0
ID55434,0.3005,0,No Claim,Low,0
ID06588,0.3005,0,No Claim,Low,0
ID11736,0.3005,0,No Claim,Low,0
ID30070,0.3005,0,No Claim,Low,0
ID21950,0.3005,0,No Claim,Low,0
ID13009,0.3005,0,No Claim,Low,0
ID26545,0.3005,0,No Claim,Low,0
ID46496,0.3005,0,No Claim,Low,0
ID11447,0.3005,0,No Claim,Low,0
ID26407,0.3005,0,No Claim,Low,0
ID45578,0.3005,0,No Claim,Low,0
ID47896,0.3005,0,No Claim,Low,0
ID20908,0.3005,0,No Claim,Low,0
ID40151,0.3005,0,No Claim,Low,0
ID30436,0.3005,0,No Claim,Low,0
ID38848,0.3005,0,No Claim,Low,0
ID16384,0.3005,0,No Claim,Low,0
ID23754,0.3005,0,No Claim,Low,0
ID04913,0.3005,0,No Claim,Low,0
ID13034,0.3005,0,No Claim,Low,0
ID27784,0.3005,0,No Claim,Low,0
ID58122,0.3005,0,No Claim,Low,0
ID51201,0.3005,0,No Claim,Low,0
ID21374,0.3005,0,No Claim,Low,0
ID43105,0.3005,0,No Claim,Low,1
ID00811,0.3005,0,No Claim,Low,0
ID24994,0.3005,0,No Claim,Low,0
ID19466,0.3005,0,No Claim,Low,0
ID27505,0.3005,0,No Claim,Low,0
ID32712,0.3005,0,No Claim,Low,0
ID18786,0.3005,0,No Claim,Low,0
ID28959,0.3005,0,No Claim,Low,0
ID45751,0.3005,0,No Claim,Low,0
ID07305,0.3005,0,No Claim,Low,0
ID17529,0.3005,0,No Claim,Low,0
ID19727,0.3005,0,No Claim,Low,0
ID21828,0.3005,0,No Claim,Low,0
ID50898,0.3005,0,No Claim,Low,0
ID44699,0.3005,0,No Claim,Low,0
ID37629,0.3005,0,No Claim,Low,0
ID35546,0.3005,0,No Claim,Low,0
ID09737,0.3005,0,No Claim,Low,0
ID05343,0.3005,0,No Claim,Low,0
ID22117,0.3005,0,No Claim,Low,0
ID12410,0.3005,0,No Claim,Low,0
ID51688,0.3005,0,No Claim,Low,0
ID46839,0.3005,0,No Claim,Low,0
ID36077,0.3005,0,No Claim,Low,0
ID40697,0.3005,0,No Claim,Low,0
ID34033,0.3005,0,No Claim,Low,0
ID06499,0.3005,0,No Claim,Low,0
ID41283,0.3005,0,No Claim,Low,0
ID15200,0.3005,0,No Claim,Low,0
ID08827,0.3005,0,No Claim,Low,0
ID44865,0.3005,0,No Claim,Low,0
ID17997,0.3005,0,No Claim,Low,0
ID32185,0.3005,0,No Claim,Low,0
ID02253,0.3005,0,No Claim,Low,0
ID54335,0.3005,0,No Claim,Low,0
ID19037,0.3005,0,No Claim,Low,0
ID21718,0.3005,0,No Claim,Low,0
ID57186,0.3005,0,No Claim,Low,0
ID26254,0.3005,0,No Claim,Low,0
ID04203,0.3005,0,No Claim,Low,0
ID09621,0.3005,0,No Claim,Low,0
ID47846,0.3005,0,No Claim,Low,0
ID29596,0.3005,0,No Claim,Low,1
ID15016,0.3005,0,No Claim,Low,0
ID54789,0.3005,0,No Claim,Low,0
ID36365,0.3005,0,No Claim,Low,0
ID42634,0.3005,0,No Claim,Low,0
ID33985,0.3005,0,No Claim,Low,0
ID49329,0.3005,0,No Claim,Low,0
ID48610,0.3005,0,No Claim,Low,0
ID27038,0.3005,0,No Claim,Low,0
ID19167,0.3005,0,No Claim,Low,0
ID39764,0.3005,0,No Claim,Low,0
ID18830,0.3005,0,No Claim,Low,0
ID53716,0.3005,0,No Claim,Low,0
ID39042,0.3005,0,No Claim,Low,0
ID07735,0.3005,0,No Claim,Low,0
ID30575,0.3005,0,No Claim,Low,0
ID29037,0.3005,0,No Claim,Low,0
ID38665,0.3005,0,No Claim,Low,0
ID35242,0.3005,0,No Claim,Low,0
ID03512,0.3005,0,No Claim,Low,0
ID33631,0.3005,0,No Claim,Low,0
ID51496,0.3005,0,No Claim,Low,0
ID23963,0.3005,0,No Claim,Low,0
ID09419,0.3005,0,No Claim,Low,0
ID24247,0.3005,0,No Claim,Low,0
ID33355,0.3005,0,No Claim,Low,0
ID00221,0.3005,0,No Claim,Low,0
ID11169,0.3005,0,No Claim,Low,1
ID23898,0.3005,0,No Claim,Low,0
ID40231,0.3005,0,No Claim,Low,1
ID53891,0.3005,0,No Claim,Low,0
ID11800,0.3005,0,No Claim,Low,0
ID36508,0.3005,0,No Claim,Low,0
ID18281,0.3005,0,No Claim,Low,0
ID20015,0.3005,0,No Claim,Low,0
ID11870,0.3005,0,No Claim,Low,0
ID04846,0.3005,0,No Claim,Low,0
ID20112,0.3005,0,No Claim,Low,0
ID49513,0.3005,0,No Claim,Low,0
ID15384,0.2743,0,No Claim,Low,0
ID33612,0.2743,0,No Claim,Low,0
ID00190,0.2743,0,No Claim,Low,0
ID09456,0.2743,0,No Claim,Low,0
ID05975,0.2743,0,No Claim,Low,0
ID28397,0.2743,0,No Claim,Low,0
ID37533,0.2743,0,No Claim,Low,0
ID39671,0.2743,0,No Claim,Low,0
ID55064,0.2743,0,No Claim,Low,1
ID44188,0.2743,0,No Claim,Low,0
ID45342,0.2743,0,No Claim,Low,0
ID04262,0.2743,0,No Claim,Low,0
ID35932,0.2743,0,No Claim,Low,0
ID41736,0.2743,0,No Claim,Low,0
ID02157,0.2743,0,No Claim,Low,0
ID10253,0.2743,0,No Claim,Low,0
ID15656,0.2743,0,No Claim,Low,0
ID28447,0.2743,0,No Claim,Low,0
ID44479,0.2743,0,No Claim,Low,0
ID16796,0.2743,0,No Claim,Low,0
ID05233,0.2743,0,No Claim,Low,0
ID37463,0.2743,0,No Claim,Low,0
ID22770,0.2743,0,No Claim,Low,0
ID03326,0.2743,0,No Claim,Low,0
ID39403,0.2743,0,No Claim,Low,0
ID57235,0.2743,0,No Claim,Low,0
ID28906,0.2743,0,No Claim,Low,0
ID29486,0.2743,0,No Claim,Low,0
ID33848,0.2743,0,No Claim,Low,0
ID46406,0.2743,0,No Claim,Low,0
ID14979,0.2743,0,No Claim,Low,0
ID16633,0.2743,0,No Claim,Low,0
ID29067,0.2743,0,No Claim,Low,0
ID13282,0.2743,0,No Claim,Low,0
ID42629,0.2743,0,No Claim,Low,0
ID51741,0.2743,0,No Claim,Low,0
ID16263,0.2743,0,No Claim,Low,0
ID07428,0.2743,0,No Claim,Low,0
ID07162,0.2743,0,No Claim,Low,0
ID14884,0.2743,0,No Claim,Low,0
ID18400,0.2743,0,No Claim,Low,0
ID55811,0.2743,0,No Claim,Low,0
ID14418,0.2743,0,No Claim,Low,0
ID52178,0.2743,0,No Claim,Low,0
ID08683,0.2743,0,No Claim,Low,0
ID15159,0.2743,0,No Claim,Low,0
ID37077,0.2743,0,No Claim,Low,0
ID10297,0.2743,0,No Claim,Low,0
ID14812,0.2743,0,No Claim,Low,1
ID31428,0.2743,0,No Claim,Low,0
ID57406,0.2743,0,No Claim,Low,0
ID04500,0.2743,0,No Claim,Low,1
ID03974,0.2743,0,No Claim,Low,0
ID28845,0.2743,0,No Claim,Low,0
ID35050,0.2743,0,No Claim,Low,0
ID19352,0.2743,0,No Claim,Low,0
ID08727,0.2743,0,No Claim,Low,0
ID11784,0.2743,0,No Claim,Low,0
ID53366,0.2743,0,No Claim,Low,0
ID18202,0.2743,0,No Claim,Low,0
ID48174,0.2743,0,No Claim,Low,0
ID46379,0.2743,0,No Claim,Low,0
ID23375,0.2743,0,No Claim,Low,0
ID04954,0.2743,0,No Claim,Low,0
ID36224,0.2743,0,No Claim,Low,0
ID09963,0.2743,0,No Claim,Low,0
ID52124,0.2743,0,No Claim,Low,0
ID08190,0.2743,0,No Claim,Low,0
ID18643,0.2743,0,No Claim,Low,0
ID07021,0.2743,0,No Claim,Low,0
ID25146,0.2743,0,No Claim,Low,0
ID53297,0.2743,0,No Claim,Low,0
ID11445,0.2743,0,No Claim,Low,0
ID36907,0.2743,0,No Claim,Low,0
ID28381,0.2743,0,No Claim,Low,0
ID27283,0.2743,0,No Claim,Low,0
ID28562,0.2743,0,No Claim,Low,0
ID36943,0.2743,0,No Claim,Low,0
ID29062,0.2743,0,No Claim,Low,0
ID34817,0.2743,0,No Claim,Low,0
ID11776,0.2743,0,No Claim,Low,0
ID25575,0.2743,0,No Claim,Low,0
ID16803,0.2743,0,No Claim,Low,0
ID23740,0.2743,0,No Claim,Low,0
ID06455,0.2743,0,No Claim,Low,0
ID19622,0.2743,0,No Claim,Low,0
ID33117,0.2743,0,No Claim,Low,0
ID14933,0.2743,0,No Claim,Low,0
ID57682,0.2743,0,No Claim,Low,0
ID32312,0.2743,0,No Claim,Low,0
ID26557,0.2743,0,No Claim,Low,0
ID08192,0.2743,0,No Claim,Low,0
ID57634,0.2743,0,No Claim,Low,0
ID08093,0.2743,0,No Claim,Low,0
ID32074,0.2743,0,No Claim,Low,0
ID09581,0.2743,0,No Claim,Low,0
ID57584,0.2743,0,No Claim,Low,0
ID27328,0.2743,0,No Claim,Low,0
ID14967,0.2743,0,No Claim,Low,0
ID04530,0.2743,0,No Claim,Low,0
ID26902,0.2743,0,No Claim,Low,0
ID46126,0.2743,0,No Claim,Low,0
ID24657,0.2743,0,No Claim,Low,0
ID40491,0.2743,0,No Claim,Low,1
ID58075,0.2743,0,No Claim,Low,0
ID30656,0.2743,0,No Claim,Low,0
ID14043,0.2743,0,No Claim,Low,0
ID20052,0.2743,0,No Claim,Low,0
ID09317,0.2743,0,No Claim,Low,0
ID41777,0.2743,0,No Claim,Low,1
ID32636,0.2743,0,No Claim,Low,0
ID40552,0.2743,0,No Claim,Low,0
ID20099,0.2743,0,No Claim,Low,0
ID30407,0.2743,0,No Claim,Low,0
ID38780,0.2743,0,No Claim,Low,0
ID51003,0.2743,0,No Claim,Low,0
ID40841,0.2743,0,No Claim,Low,0
ID00780,0.2743,0,No Claim,Low,0
ID48069,0.2743,0,No Claim,Low,0
ID44137,0.2743,0,No Claim,Low,0
ID48277,0.2743,0,No Claim,Low,0
ID13618,0.2743,0,No Claim,Low,0
ID49695,0.2743,0,No Claim,Low,0
ID39527,0.2743,0,No Claim,Low,1
ID24766,0.2743,0,No Claim,Low,0
ID27975,0.2743,0,No Claim,Low,0
ID51790,0.2743,0,No Claim,Low,0
ID05980,0.2743,0,No Claim,Low,0
ID01623,0.2743,0,No Claim,Low,0
ID34263,0.2743,0,No Claim,Low,0
ID57031,0.2743,0,No Claim,Low,0
ID00748,0.2743,0,No Claim,Low,0
ID42807,0.2743,0,No Claim,Low,0
ID56617,0.2743,0,No Claim,Low,0
ID19158,0.2743,0,No Claim,Low,0
ID54591,0.2743,0,No Claim,Low,0
ID31455,0.2743,0,No Claim,Low,0
ID50264,0.2743,0,No Claim,Low,0
ID55452,0.2743,0,No Claim,Low,0
ID36234,0.2743,0,No Claim,Low,0
ID53580,0.2743,0,No Claim,Low,0
ID40304,0.2743,0,No Claim,Low,0
ID12244,0.2743,0,No Claim,Low,0
ID47049,0.2743,0,No Claim,Low,0
ID18668,0.2743,0,No Claim,Low,0
ID11125,0.2743,0,No Claim,Low,0
ID52670,0.2743,0,No Claim,Low,0
ID24613,0.2743,0,No Claim,Low,0
ID07169,0.2743,0,No Claim,Low,0
ID17811,0.2743,0,No Claim,Low,0
ID34306,0.2743,0,No Claim,Low,0
ID29260,0.2743,0,No Claim,Low,0
ID33107,0.2743,0,No Claim,Low,0
ID16247,0.2743,0,No Claim,Low,0
ID10124,0.2743,0,No Claim,Low,0
ID25507,0.2743,0,No Claim,Low,0
ID43794,0.2743,0,No Claim,Low,0
ID03169,0.2743,0,No Claim,Low,0
ID56298,0.2743,0,No Claim,Low,0
ID11511,0.2743,0,No Claim,Low,0
ID08923,0.2743,0,No Claim,Low,0
ID27454,0.2743,0,No Claim,Low,0
ID32056,0.2743,0,No Claim,Low,0
ID18803,0.2743,0,No Claim,Low,0
ID34022,0.2743,0,No Claim,Low,0
ID14904,0.2743,0,No Claim,Low,0
ID43381,0.2743,0,No Claim,Low,0
ID12967,0.2743,0,No Claim,Low,0
ID37939,0.2743,0,No Claim,Low,0
ID24699,0.2743,0,No Claim,Low,0
ID43666,0.2743,0,No Claim,Low,0
ID50311,0.2743,0,No Claim,Low,0
ID43321,0.2743,0,No Claim,Low,0
ID24508,0.2743,0,No Claim,Low,0
ID08806,0.2743,0,No Claim,Low,0
ID12230,0.2743,0,No Claim,Low,0
ID02589,0.2743,0,No Claim,Low,0
ID32946,0.2743,0,No Claim,Low,0
ID50496,0.2743,0,No Claim,Low,0
ID44247,0.2743,0,No Claim,Low,0
ID05758,0.2743,0,No Claim,Low,0
ID32580,0.2743,0,No Claim,Low,0
ID50089,0.2743,0,No Claim,Low,0
ID10244,0.2743,0,No Claim,Low,0
ID24792,0.2743,0,No Claim,Low,0
ID30927,0.2743,0,No Claim,Low,0
ID34467,0.2743,0,No Claim,Low,0
ID30163,0.2743,0,No Claim,Low,0
ID33960,0.2743,0,No Claim,Low,0
ID11739,0.2743,0,No Claim,Low,0
ID22297,0.2743,0,No Claim,Low,0
ID08629,0.2743,0,No Claim,Low,0
ID32782,0.2743,0,No Claim,Low,0
ID25737,0.2743,0,No Claim,Low,0
ID35154,0.2743,0,No Claim,Low,0
ID33659,0.2743,0,No Claim,Low,0
ID50260,0.2743,0,No Claim,Low,0
ID39185,0.2743,0,No Claim,Low,0
ID55486,0.2743,0,No Claim,Low,0
ID09542,0.2743,0,No Claim,Low,0
ID36782,0.2743,0,No Claim,Low,0
ID30057,0.2743,0,No Claim,Low,0
ID45986,0.2743,0,No Claim,Low,0
ID35786,0.2743,0,No Claim,Low,0
ID42082,0.2743,0,No Claim,Low,0
ID02056,0.2743,0,No Claim,Low,0
ID44543,0.2743,0,No Claim,Low,0
ID13508,0.2743,0,No Claim,Low,0
ID10928,0.2743,0,No Claim,Low,0
ID51153,0.2743,0,No Claim,Low,0
ID43183,0.2743,0,No Claim,Low,0
ID58492,0.2743,0,No Claim,Low,0
ID28327,0.2743,0,No Claim,Low,0
ID10065,0.2743,0,No Claim,Low,0
ID18619,0.2743,0,No Claim,Low,0
ID42612,0.2743,0,No Claim,Low,1
ID55395,0.2743,0,No Claim,Low,0
ID00923,0.2743,0,No Claim,Low,0
ID45653,0.2743,0,No Claim,Low,0
ID07738,0.2743,0,No Claim,Low,0
ID13061,0.2743,0,No Claim,Low,0
ID02290,0.2743,0,No Claim,Low,0
ID18300,0.2743,0,No Claim,Low,0
ID42035,0.2743,0,No Claim,Low,0
ID47156,0.2743,0,No Claim,Low,0
ID00472,0.2743,0,No Claim,Low,0
ID25749,0.2743,0,No Claim,Low,0
ID03250,0.2743,0,No Claim,Low,0
ID20565,0.2743,0,No Claim,Low,0
ID44716,0.2743,0,No Claim,Low,0
ID49960,0.2743,0,No Claim,Low,0
ID42041,0.2743,0,No Claim,Low,0
ID40839,0.2743,0,No Claim,Low,0
ID50214,0.2743,0,No Claim,Low,0
ID27956,0.2743,0,No Claim,Low,0
ID44672,0.2743,0,No Claim,Low,0
ID05265,0.2743,0,No Claim,Low,0
ID27897,0.2743,0,No Claim,Low,1
ID31195,0.2743,0,No Claim,Low,0
ID04884,0.2743,0,No Claim,Low,0
ID16411,0.2743,0,No Claim,Low,0
ID55974,0.2743,0,No Claim,Low,0
ID17919,0.2743,0,No Claim,Low,0
ID36356,0.2743,0,No Claim,Low,0
ID55859,0.2743,0,No Claim,Low,0
ID39823,0.2743,0,No Claim,Low,0
ID19319,0.2743,0,No Claim,Low,0
ID22350,0.2743,0,No Claim,Low,0
ID03760,0.2743,0,No Claim,Low,0
ID29492,0.2743,0,No Claim,Low,0
ID44765,0.2743,0,No Claim,Low,0
ID07744,0.2743,0,No Claim,Low,0
ID32760,0.2743,0,No Claim,Low,0
ID36506,0.2743,0,No Claim,Low,0
ID14844,0.2743,0,No Claim,Low,0
ID00879,0.2743,0,No Claim,Low,0
ID04426,0.2743,0,No Claim,Low,0
ID14639,0.2743,0,No Claim,Low,0
ID46892,0.2743,0,No Claim,Low,0
ID19562,0.2743,0,No Claim,Low,0
ID32865,0.2743,0,No Claim,Low,0
ID15132,0.2743,0,No Claim,Low,0
ID40759,0.2743,0,No Claim,Low,0
ID49438,0.2743,0,No Claim,Low,0
ID29856,0.2743,0,No Claim,Low,0
ID46826,0.2743,0,No Claim,Low,0
ID58224,0.2743,0,No Claim,Low,0
ID14921,0.2743,0,No Claim,Low,0
ID29653,0.2743,0,No Claim,Low,0
ID46858,0.2743,0,No Claim,Low,0
ID36859,0.2743,0,No Claim,Low,0
ID08609,0.2743,0,No Claim,Low,0
ID13093,0.2743,0,No Claim,Low,0
ID02199,0.2743,0,No Claim,Low,0
ID09706,0.2743,0,No Claim,Low,0
ID13784,0.2743,0,No Claim,Low,0
ID56270,0.2743,0,No Claim,Low,0
ID00867,0.2743,0,No Claim,Low,0
ID01146,0.2743,0,No Claim,Low,0
ID51895,0.2743,0,No Claim,Low,1
ID52536,0.2743,0,No Claim,Low,0
ID04936,0.2743,0,No Claim,Low,0
ID14368,0.2743,0,No Claim,Low,0
ID39513,0.2743,0,No Claim,Low,0
ID53749,0.2743,0,No Claim,Low,0
ID09212,0.2743,0,No Claim,Low,0
ID19697,0.2743,0,No Claim,Low,0
ID10640,0.2743,0,No Claim,Low,0
ID08553,0.2743,0,No Claim,Low,0
ID52155,0.2743,0,No Claim,Low,0
ID22005,0.2743,0,No Claim,Low,0
ID30343,0.2743,0,No Claim,Low,0
ID50367,0.2743,0,No Claim,Low,0
ID02981,0.2743,0,No Claim,Low,0
ID01642,0.2743,0,No Claim,Low,0
ID03659,0.2743,0,No Claim,Low,0
ID53650,0.2743,0,No Claim,Low,0
ID46343,0.2743,0,No Claim,Low,0
ID07015,0.2743,0,No Claim,Low,0
ID21500,0.2743,0,No Claim,Low,0
ID14815,0.2743,0,No Claim,Low,0
ID50338,0.2743,0,No Claim,Low,0
ID37189,0.2743,0,No Claim,Low,0
ID03114,0.2743,0,No Claim,Low,0
ID21024,0.2743,0,No Claim,Low,0
ID18395,0.2743,0,No Claim,Low,0
ID26207,0.2743,0,No Claim,Low,0
ID53210,0.2743,0,No Claim,Low,0
ID22132,0.2743,0,No Claim,Low,0
ID30189,0.2743,0,No Claim,Low,0
ID34476,0.2743,0,No Claim,Low,0
ID47020,0.2743,0,No Claim,Low,0
ID31911,0.2743,0,No Claim,Low,0
ID49429,0.2743,0,No Claim,Low,0
ID05026,0.2743,0,No Claim,Low,0
ID37015,0.2743,0,No Claim,Low,0
ID09711,0.2743,0,No Claim,Low,0
ID13771,0.2743,0,No Claim,Low,0
ID43995,0.2743,0,No Claim,Low,0
ID50120,0.2743,0,No Claim,Low,0
ID19798,0.2743,0,No Claim,Low,0
ID23548,0.2743,0,No Claim,Low,0
ID47810,0.2743,0,No Claim,Low,0
ID43358,0.2743,0,No Claim,Low,0
ID25345,0.2743,0,No Claim,Low,0
ID25753,0.2743,0,No Claim,Low,0
ID13126,0.2743,0,No Claim,Low,0
ID21557,0.2743,0,No Claim,Low,0
ID50874,0.2743,0,No Claim,Low,0
ID25944,0.2743,0,No Claim,Low,0
ID17925,0.2743,0,No Claim,Low,0
ID42217,0.2743,0,No Claim,Low,0
ID12117,0.2743,0,No Claim,Low,0
ID46524,0.2743,0,No Claim,Low,0
ID53313,0.2743,0,No Claim,Low,0
ID16072,0.2743,0,No Claim,Low,0
ID02967,0.2743,0,No Claim,Low,0
ID16493,0.2743,0,No Claim,Low,0
ID06364,0.2743,0,No Claim,Low,0
ID21376,0.2743,0,No Claim,Low,0
ID43981,0.2743,0,No Claim,Low,0
ID49819,0.2743,0,No Claim,Low,0
ID07126,0.2743,0,No Claim,Low,0
ID07947,0.2743,0,No Claim,Low,0
ID45647,0.2743,0,No Claim,Low,0
ID53901,0.2743,0,No Claim,Low,0
ID07483,0.2743,0,No Claim,Low,1
ID06336,0.2743,0,No Claim,Low,0
ID44881,0.2743,0,No Claim,Low,0
ID26552,0.2743,0,No Claim,Low,0
ID04942,0.2743,0,No Claim,Low,0
ID34584,0.2743,0,No Claim,Low,0
ID02828,0.2743,0,No Claim,Low,0
ID40373,0.2743,0,No Claim,Low,0
ID22572,0.2743,0,No Claim,Low,0
ID31238,0.2743,0,No Claim,Low,0
ID38386,0.2743,0,No Claim,Low,0
ID29272,0.2743,0,No Claim,Low,1
ID55410,0.2743,0,No Claim,Low,0
ID20018,0.2743,0,No Claim,Low,0
ID15383,0.2743,0,No Claim,Low,0
ID42561,0.2743,0,No Claim,Low,0
ID15777,0.2743,0,No Claim,Low,0
ID12969,0.2743,0,No Claim,Low,0
ID40974,0.2743,0,No Claim,Low,0
ID00086,0.2743,0,No Claim,Low,0
ID06305,0.2743,0,No Claim,Low,0
ID48302,0.2743,0,No Claim,Low,0
ID17391,0.2743,0,No Claim,Low,0
ID24663,0.2743,0,No Claim,Low,0
ID32786,0.2743,0,No Claim,Low,0
ID23690,0.2743,0,No Claim,Low,0
ID17268,0.2743,0,No Claim,Low,0
ID19654,0.2743,0,No Claim,Low,0
ID24113,0.2743,0,No Claim,Low,0
ID14878,0.2743,0,No Claim,Low,0
ID54136,0.2743,0,No Claim,Low,0
ID06806,0.2743,0,No Claim,Low,0
ID43947,0.2743,0,No Claim,Low,0
ID14339,0.2743,0,No Claim,Low,0
ID20530,0.2743,0,No Claim,Low,0
ID08983,0.2743,0,No Claim,Low,0
ID36425,0.2743,0,No Claim,Low,0
ID39405,0.2743,0,No Claim,Low,0
ID40292,0.2743,0,No Claim,Low,0
ID56717,0.2743,0,No Claim,Low,0
ID52739,0.2743,0,No Claim,Low,0
ID40504,0.2743,0,No Claim,Low,1
ID36893,0.2743,0,No Claim,Low,0
ID43167,0.2743,0,No Claim,Low,0
ID30392,0.2743,0,No Claim,Low,0
ID07097,0.2743,0,No Claim,Low,0
ID31202,0.2743,0,No Claim,Low,0
ID07020,0.2743,0,No Claim,Low,0
ID09564,0.2743,0,No Claim,Low,0
ID00173,0.2743,0,No Claim,Low,0
ID44412,0.2743,0,No Claim,Low,0
ID39754,0.2743,0,No Claim,Low,0
ID31090,0.2743,0,No Claim,Low,0
ID49977,0.2743,0,No Claim,Low,0
ID15559,0.2743,0,No Claim,Low,0
ID53265,0.2743,0,No Claim,Low,0
ID47687,0.2743,0,No Claim,Low,0
ID44621,0.2743,0,No Claim,Low,0
ID55539,0.2743,0,No Claim,Low,0
ID20396,0.2743,0,No Claim,Low,0
ID25578,0.2743,0,No Claim,Low,0
ID36684,0.2743,0,No Claim,Low,0
ID01697,0.2743,0,No Claim,Low,0
ID56162,0.2743,0,No Claim,Low,0
ID41713,0.2743,0,No Claim,Low,0
ID57719,0.2743,0,No Claim,Low,0
ID23965,0.2743,0,No Claim,Low,0
ID12874,0.2743,0,No Claim,Low,0
ID21168,0.2743,0,No Claim,Low,0
ID36547,0.2743,0,No Claim,Low,0
ID34489,0.2743,0,No Claim,Low,0
ID23191,0.2743,0,No Claim,Low,1
ID24110,0.2743,0,No Claim,Low,0
ID07696,0.2743,0,No Claim,Low,0
ID34465,0.2743,0,No Claim,Low,0
ID19297,0.2743,0,No Claim,Low,0
ID53875,0.2743,0,No Claim,Low,0
ID16433,0.2743,0,No Claim,Low,0
ID37321,0.2743,0,No Claim,Low,0
ID03090,0.2743,0,No Claim,Low,0
ID10213,0.2743,0,No Claim,Low,0
ID01876,0.2743,0,No Claim,Low,0
ID44991,0.2743,0,No Claim,Low,0
ID28586,0.2743,0,No Claim,Low,0
ID47372,0.2743,0,No Claim,Low,0
ID56281,0.2743,0,No Claim,Low,0
ID25748,0.2743,0,No Claim,Low,0
ID57159,0.2743,0,No Claim,Low,0
ID09545,0.2743,0,No Claim,Low,0
ID01620,0.2743,0,No Claim,Low,0
ID50949,0.2743,0,No Claim,Low,0
ID34796,0.2743,0,No Claim,Low,0
ID33360,0.2743,0,No Claim,Low,0
ID55846,0.2743,0,No Claim,Low,0
ID19548,0.2743,0,No Claim,Low,0
ID44639,0.2743,0,No Claim,Low,0
ID28399,0.2743,0,No Claim,Low,0
ID01765,0.2743,0,No Claim,Low,0
ID27255,0.2743,0,No Claim,Low,0
ID30581,0.2743,0,No Claim,Low,0
ID17519,0.2743,0,No Claim,Low,0
ID32734,0.2743,0,No Claim,Low,0
ID01350,0.2743,0,No Claim,Low,0
ID58417,0.2743,0,No Claim,Low,0
ID18524,0.2743,0,No Claim,Low,0
ID10304,0.2743,0,No Claim,Low,0
ID48828,0.2743,0,No Claim,Low,0
ID21559,0.2743,0,No Claim,Low,0
ID34395,0.2743,0,No Claim,Low,0
ID20969,0.2743,0,No Claim,Low,0
ID46075,0.2743,0,No Claim,Low,0
ID11966,0.2743,0,No Claim,Low,0
ID43121,0.2743,0,No Claim,Low,0
ID24230,0.2743,0,No Claim,Low,0
ID27600,0.2743,0,No Claim,Low,0
ID10543,0.2743,0,No Claim,Low,0
ID09855,0.2743,0,No Claim,Low,0
ID28818,0.2743,0,No Claim,Low,0
ID09204,0.2743,0,No Claim,Low,0
ID21314,0.2743,0,No Claim,Low,0
ID25120,0.2743,0,No Claim,Low,0
ID38195,0.2743,0,No Claim,Low,0
ID05085,0.2743,0,No Claim,Low,0
ID55656,0.2743,0,No Claim,Low,0
ID39472,0.2743,0,No Claim,Low,0
ID57930,0.2743,0,No Claim,Low,0
ID33530,0.2743,0,No Claim,Low,0
ID32096,0.2743,0,No Claim,Low,0
ID54023,0.2743,0,No Claim,Low,0
ID53546,0.2743,0,No Claim,Low,0
ID40963,0.2743,0,No Claim,Low,0
ID15212,0.2743,0,No Claim,Low,0
ID43397,0.2743,0,No Claim,Low,1
ID25640,0.2743,0,No Claim,Low,0
ID03605,0.2743,0,No Claim,Low,0
ID33370,0.2743,0,No Claim,Low,0
ID13135,0.2743,0,No Claim,Low,0
ID04184,0.2743,0,No Claim,Low,0
ID30160,0.2743,0,No Claim,Low,0
ID01201,0.2743,0,No Claim,Low,0
ID16915,0.2743,0,No Claim,Low,0
ID38801,0.2743,0,No Claim,Low,0
ID07871,0.2743,0,No Claim,Low,0
ID01470,0.2743,0,No Claim,Low,0
ID03187,0.2743,0,No Claim,Low,0
ID53022,0.2743,0,No Claim,Low,0
ID53082,0.2743,0,No Claim,Low,0
ID36200,0.2743,0,No Claim,Low,0
ID57237,0.2743,0,No Claim,Low,0
ID50359,0.2743,0,No Claim,Low,0
ID10937,0.2743,0,No Claim,Low,0
ID28913,0.2743,0,No Claim,Low,0
ID55558,0.2743,0,No Claim,Low,0
ID20140,0.2743,0,No Claim,Low,0
ID15449,0.2743,0,No Claim,Low,0
ID42374,0.2743,0,No Claim,Low,0
ID02478,0.2743,0,No Claim,Low,0
ID24774,0.2743,0,No Claim,Low,0
ID51532,0.2743,0,No Claim,Low,0
ID32620,0.2743,0,No Claim,Low,0
ID13160,0.2743,0,No Claim,Low,0
ID56265,0.2743,0,No Claim,Low,0
ID50524,0.2743,0,No Claim,Low,0
ID55331,0.2743,0,No Claim,Low,0
ID31125,0.2743,0,No Claim,Low,0
ID08810,0.2743,0,No Claim,Low,0
ID26734,0.2743,0,No Claim,Low,0
ID52694,0.2743,0,No Claim,Low,0
ID10980,0.2743,0,No Claim,Low,0
ID40611,0.2743,0,No Claim,Low,0
ID49059,0.2743,0,No Claim,Low,0
ID18758,0.2743,0,No Claim,Low,0
ID16213,0.2743,0,No Claim,Low,0
ID23561,0.2743,0,No Claim,Low,0
ID55955,0.2743,0,No Claim,Low,0
ID08859,0.2743,0,No Claim,Low,0
ID42897,0.2743,0,No Claim,Low,0
ID36558,0.2743,0,No Claim,Low,0
ID14834,0.2743,0,No Claim,Low,0
ID20696,0.2743,0,No Claim,Low,0
ID21188,0.2743,0,No Claim,Low,0
ID49278,0.2743,0,No Claim,Low,0
ID53572,0.2743,0,No Claim,Low,0
ID49411,0.2743,0,No Claim,Low,0
ID44980,0.2743,0,No Claim,Low,0
ID28568,0.2743,0,No Claim,Low,0
ID56668,0.2743,0,No Claim,Low,0
ID27314,0.2743,0,No Claim,Low,0
ID27888,0.2743,0,No Claim,Low,0
ID30836,0.2743,0,No Claim,Low,0
ID35897,0.2743,0,No Claim,Low,0
ID50720,0.2743,0,No Claim,Low,0
ID50316,0.2743,0,No Claim,Low,0
ID30518,0.2743,0,No Claim,Low,0
ID01208,0.2743,0,No Claim,Low,0
ID02228,0.2743,0,No Claim,Low,0
ID24953,0.2743,0,No Claim,Low,0
ID47165,0.2743,0,No Claim,Low,0
ID39114,0.2743,0,No Claim,Low,0
ID16936,0.2743,0,No Claim,Low,0
ID03504,0.2743,0,No Claim,Low,0
ID40198,0.2743,0,No Claim,Low,0
ID29940,0.2743,0,No Claim,Low,0
ID19998,0.2743,0,No Claim,Low,0
ID25641,0.2743,0,No Claim,Low,0
ID07653,0.2743,0,No Claim,Low,0
ID22228,0.2743,0,No Claim,Low,1
ID57178,0.2743,0,No Claim,Low,0
ID53282,0.2743,0,No Claim,Low,0
ID01532,0.2743,0,No Claim,Low,0
ID26063,0.2743,0,No Claim,Low,0
ID23225,0.2743,0,No Claim,Low,0
ID19933,0.2743,0,No Claim,Low,0
ID43058,0.2743,0,No Claim,Low,0
ID25099,0.2743,0,No Claim,Low,0
ID14641,0.2743,0,No Claim,Low,0
ID36029,0.2743,0,No Claim,Low,0
ID34200,0.2743,0,No Claim,Low,0
ID42169,0.2743,0,No Claim,Low,0
ID02687,0.2743,0,No Claim,Low,0
ID44598,0.2743,0,No Claim,Low,0
ID15558,0.2743,0,No Claim,Low,0
ID11582,0.2743,0,No Claim,Low,0
ID11165,0.2743,0,No Claim,Low,0
ID03641,0.2743,0,No Claim,Low,0
ID47574,0.2743,0,No Claim,Low,0
ID43285,0.2743,0,No Claim,Low,0
ID00908,0.2743,0,No Claim,Low,1
ID25506,0.2743,0,No Claim,Low,0
ID38542,0.2743,0,No Claim,Low,0
ID30138,0.2743,0,No Claim,Low,0
ID48715,0.2743,0,No Claim,Low,0
ID47281,0.2743,0,No Claim,Low,0
ID23524,0.2743,0,No Claim,Low,0
ID53983,0.2743,0,No Claim,Low,0
ID17884,0.2743,0,No Claim,Low,0
ID31169,0.2743,0,No Claim,Low,0
ID42490,0.2743,0,No Claim,Low,0
ID30293,0.2743,0,No Claim,Low,0
ID12436,0.2743,0,No Claim,Low,0
ID34098,0.2743,0,No Claim,Low,0
ID52815,0.2743,0,No Claim,Low,0
ID46201,0.2743,0,No Claim,Low,0
ID03294,0.2743,0,No Claim,Low,0
ID42603,0.2743,0,No Claim,Low,0
ID35687,0.2743,0,No Claim,Low,0
ID27418,0.2743,0,No Claim,Low,0
ID20387,0.2743,0,No Claim,Low,0
ID22233,0.2743,0,No Claim,Low,0
ID31805,0.2743,0,No Claim,Low,0
ID06042,0.2743,0,No Claim,Low,0
ID45601,0.2743,0,No Claim,Low,0
ID39035,0.2743,0,No Claim,Low,0
ID48012,0.2743,0,No Claim,Low,0
ID26801,0.2743,0,No Claim,Low,0
ID18353,0.2743,0,No Claim,Low,0
ID12906,0.2743,0,No Claim,Low,1
ID27808,0.2743,0,No Claim,Low,0
ID58156,0.2743,0,No Claim,Low,0
ID38636,0.2743,0,No Claim,Low,0
ID05693,0.2743,0,No Claim,Low,0
ID44966,0.2743,0,No Claim,Low,0
ID36332,0.2743,0,No Claim,Low,0
ID47378,0.2743,0,No Claim,Low,0
ID56524,0.2743,0,No Claim,Low,0
ID07478,0.2743,0,No Claim,Low,0
ID50835,0.2743,0,No Claim,Low,0
ID00518,0.2743,0,No Claim,Low,0
ID08209,0.2743,0,No Claim,Low,0
ID19267,0.2743,0,No Claim,Low,0
ID56029,0.2743,0,No Claim,Low,0
ID28509,0.2743,0,No Claim,Low,0
ID23926,0.2743,0,No Claim,Low,0
ID39977,0.2743,0,No Claim,Low,0
ID47376,0.2743,0,No Claim,Low,0
ID45754,0.2743,0,No Claim,Low,0
ID32482,0.2743,0,No Claim,Low,0
ID46033,0.2743,0,No Claim,Low,0
ID00242,0.2743,0,No Claim,Low,0
ID10610,0.2743,0,No Claim,Low,0
ID46962,0.2743,0,No Claim,Low,0
ID11475,0.2743,0,No Claim,Low,0
ID29355,0.2743,0,No Claim,Low,0
ID14217,0.2743,0,No Claim,Low,0
ID54487,0.2743,0,No Claim,Low,0
ID56297,0.2743,0,No Claim,Low,0
ID07489,0.2743,0,No Claim,Low,0
ID55922,0.2743,0,No Claim,Low,0
ID02324,0.2743,0,No Claim,Low,0
ID08233,0.2743,0,No Claim,Low,0
ID49175,0.2743,0,No Claim,Low,0
ID22634,0.2743,0,No Claim,Low,0
ID35150,0.2743,0,No Claim,Low,0
ID40296,0.2743,0,No Claim,Low,0
ID01275,0.2743,0,No Claim,Low,0
ID39254,0.2743,0,No Claim,Low,0
ID23174,0.2743,0,No Claim,Low,0
ID52546,0.2743,0,No Claim,Low,0
ID23393,0.2743,0,No Claim,Low,0
ID39413,0.2743,0,No Claim,Low,0
ID45029,0.2743,0,No Claim,Low,0
ID47628,0.2743,0,No Claim,Low,0
ID29411,0.2743,0,No Claim,Low,0
ID35580,0.2743,0,No Claim,Low,0
ID29914,0.2743,0,No Claim,Low,0
ID57538,0.2743,0,No Claim,Low,0
ID33252,0.2743,0,No Claim,Low,0
ID44714,0.2743,0,No Claim,Low,0
ID55146,0.2743,0,No Claim,Low,0
ID11362,0.2743,0,No Claim,Low,0
ID24797,0.2743,0,No Claim,Low,0
ID40848,0.2743,0,No Claim,Low,0
ID05244,0.2743,0,No Claim,Low,1
ID30889,0.2743,0,No Claim,Low,0
ID22080,0.2743,0,No Claim,Low,0
ID56734,0.2743,0,No Claim,Low,0
ID28498,0.2743,0,No Claim,Low,0
ID04746,0.2743,0,No Claim,Low,0
ID00376,0.2743,0,No Claim,Low,0
ID45234,0.2743,0,No Claim,Low,0
ID09026,0.2743,0,No Claim,Low,0
ID48177,0.2743,0,No Claim,Low,0
ID56561,0.2743,0,No Claim,Low,0
ID02882,0.2743,0,No Claim,Low,0
ID25419,0.2743,0,No Claim,Low,0
ID46460,0.2743,0,No Claim,Low,1
ID00388,0.2743,0,No Claim,Low,0
ID11527,0.2743,0,No Claim,Low,0
ID11688,0.2743,0,No Claim,Low,0
ID23905,0.2743,0,No Claim,Low,0
ID33012,0.2743,0,No Claim,Low,0
ID20554,0.2743,0,No Claim,Low,0
ID28524,0.2743,0,No Claim,Low,0
ID26996,0.2743,0,No Claim,Low,0
ID42628,0.2743,0,No Claim,Low,0
ID09791,0.2743,0,No Claim,Low,1
ID46880,0.2743,0,No Claim,Low,0
ID57713,0.2743,0,No Claim,Low,0
ID30214,0.2743,0,No Claim,Low,0
ID57493,0.2743,0,No Claim,Low,0
ID15642,0.2743,0,No Claim,Low,0
ID23302,0.2743,0,No Claim,Low,0
ID17737,0.2743,0,No Claim,Low,0
ID23187,0.2743,0,No Claim,Low,0
ID40073,0.2743,0,No Claim,Low,0
ID48399,0.2743,0,No Claim,Low,0
ID39743,0.2743,0,No Claim,Low,0
ID02399,0.2743,0,No Claim,Low,0
ID21477,0.2743,0,No Claim,Low,0
ID37883,0.2743,0,No Claim,Low,0
ID27902,0.2743,0,No Claim,Low,0
ID20936,0.2743,0,No Claim,Low,0
ID25021,0.2743,0,No Claim,Low,0
ID49966,0.2743,0,No Claim,Low,0
ID40098,0.2743,0,No Claim,Low,0
ID50373,0.2743,0,No Claim,Low,0
ID54425,0.2743,0,No Claim,Low,0
ID10541,0.2743,0,No Claim,Low,0
ID54413,0.2743,0,No Claim,Low,0
ID08403,0.2743,0,No Claim,Low,0
ID05661,0.2743,0,No Claim,Low,0
ID23790,0.2743,0,No Claim,Low,0
ID43571,0.2743,0,No Claim,Low,0
ID23465,0.2743,0,No Claim,Low,0
ID30662,0.2743,0,No Claim,Low,0
ID23155,0.2743,0,No Claim,Low,0
ID33521,0.2743,0,No Claim,Low,0
ID55362,0.2743,0,No Claim,Low,0
ID56996,0.2743,0,No Claim,Low,0
ID01717,0.2743,0,No Claim,Low,0
ID21728,0.2743,0,No Claim,Low,0
ID58402,0.2743,0,No Claim,Low,0
ID13467,0.2743,0,No Claim,Low,0
ID45103,0.2743,0,No Claim,Low,0
ID53553,0.2743,0,No Claim,Low,0
ID36664,0.2743,0,No Claim,Low,0
ID32838,0.2743,0,No Claim,Low,0
ID30584,0.2743,0,No Claim,Low,0
ID17596,0.2743,0,No Claim,Low,0
ID32218,0.2743,0,No Claim,Low,0
ID54550,0.2743,0,No Claim,Low,0
ID23847,0.2743,0,No Claim,Low,0
ID27526,0.2743,0,No Claim,Low,0
ID14757,0.2743,0,No Claim,Low,0
ID41462,0.2743,0,No Claim,Low,0
ID56067,0.2743,0,No Claim,Low,0
ID23246,0.2743,0,No Claim,Low,0
ID47839,0.2743,0,No Claim,Low,0
ID10670,0.2743,0,No Claim,Low,0
ID09326,0.2743,0,No Claim,Low,0
ID13967,0.2743,0,No Claim,Low,0
ID13997,0.2743,0,No Claim,Low,0
ID23280,0.2743,0,No Claim,Low,0
ID47864,0.2743,0,No Claim,Low,0
ID47820,0.2743,0,No Claim,Low,0
ID51512,0.2743,0,No Claim,Low,0
ID28971,0.2743,0,No Claim,Low,0
ID03028,0.2743,0,No Claim,Low,0
ID32254,0.2743,0,No Claim,Low,0
ID22239,0.2743,0,No Claim,Low,0
ID30198,0.2743,0,No Claim,Low,0
ID22858,0.2743,0,No Claim,Low,0
ID44825,0.2743,0,No Claim,Low,1
ID07067,0.2743,0,No Claim,Low,0
ID35553,0.2743,0,No Claim,Low,0
ID35339,0.2743,0,No Claim,Low,0
ID27452,0.2743,0,No Claim,Low,0
ID15889,0.2743,0,No Claim,Low,0
ID22995,0.2743,0,No Claim,Low,0
ID40874,0.2743,0,No Claim,Low,0
ID32887,0.2743,0,No Claim,Low,0
ID56434,0.2743,0,No Claim,Low,0
ID07262,0.2743,0,No Claim,Low,0
ID54640,0.2743,0,No Claim,Low,0
ID28020,0.2743,0,No Claim,Low,0
ID51216,0.2743,0,No Claim,Low,0
ID04189,0.2743,0,No Claim,Low,0
ID40013,0.2743,0,No Claim,Low,0
ID25553,0.2743,0,No Claim,Low,0
ID45784,0.2743,0,No Claim,Low,0
ID46386,0.2743,0,No Claim,Low,0
ID47490,0.2743,0,No Claim,Low,0
ID50968,0.2743,0,No Claim,Low,0
ID18394,0.2743,0,No Claim,Low,0
ID39987,0.2743,0,No Claim,Low,0
ID24829,0.2743,0,No Claim,Low,0
ID39481,0.2743,0,No Claim,Low,0
ID57358,0.2743,0,No Claim,Low,0
ID34552,0.2743,0,No Claim,Low,0
ID21618,0.2743,0,No Claim,Low,0
ID49787,0.2743,0,No Claim,Low,0
ID18721,0.2743,0,No Claim,Low,0
ID21170,0.2743,0,No Claim,Low,0
ID44272,0.2743,0,No Claim,Low,0
ID27369,0.2743,0,No Claim,Low,0
ID29408,0.2743,0,No Claim,Low,1
ID57869,0.2743,0,No Claim,Low,0
ID25187,0.2743,0,No Claim,Low,0
ID01910,0.2743,0,No Claim,Low,0
ID24890,0.2743,0,No Claim,Low,0
ID29375,0.2743,0,No Claim,Low,0
ID49347,0.2743,0,No Claim,Low,0
ID20590,0.2743,0,No Claim,Low,0
ID25412,0.2743,0,No Claim,Low,0
ID53459,0.2743,0,No Claim,Low,0
ID26548,0.2743,0,No Claim,Low,0
ID57941,0.2743,0,No Claim,Low,0
ID54444,0.2743,0,No Claim,Low,0
ID29871,0.2743,0,No Claim,Low,0
ID29278,0.2743,0,No Claim,Low,0
ID24996,0.2743,0,No Claim,Low,0
ID43090,0.2743,0,No Claim,Low,0
ID08412,0.2743,0,No Claim,Low,0
ID19941,0.2743,0,No Claim,Low,0
ID30498,0.2743,0,No Claim,Low,0
ID34010,0.2743,0,No Claim,Low,0
ID24172,0.2743,0,No Claim,Low,0
ID32521,0.2743,0,No Claim,Low,0
ID35901,0.2743,0,No Claim,Low,0
ID41274,0.2743,0,No Claim,Low,1
ID32996,0.2743,0,No Claim,Low,0
ID15706,0.2743,0,No Claim,Low,0
ID07549,0.2743,0,No Claim,Low,0
ID38212,0.2743,0,No Claim,Low,0
ID53815,0.2743,0,No Claim,Low,0
ID17685,0.2743,0,No Claim,Low,0
ID32132,0.2743,0,No Claim,Low,0
ID06345,0.2743,0,No Claim,Low,0
ID50092,0.2743,0,No Claim,Low,0
ID51214,0.2743,0,No Claim,Low,0
ID11681,0.2743,0,No Claim,Low,0
ID31444,0.2743,0,No Claim,Low,0
ID18821,0.2743,0,No Claim,Low,0
ID30510,0.2743,0,No Claim,Low,0
ID48827,0.2743,0,No Claim,Low,0
ID12044,0.2743,0,No Claim,Low,0
ID11168,0.2743,0,No Claim,Low,0
ID46526,0.2743,0,No Claim,Low,0
ID17502,0.2743,0,No Claim,Low,0
ID13297,0.2743,0,No Claim,Low,0
ID36674,0.2743,0,No Claim,Low,0
ID26802,0.2743,0,No Claim,Low,0
ID58350,0.2743,0,No Claim,Low,0
ID26290,0.2743,0,No Claim,Low,0
ID14172,0.2743,0,No Claim,Low,0
ID57545,0.2743,0,No Claim,Low,0
ID08918,0.2743,0,No Claim,Low,0
ID56456,0.2743,0,No Claim,Low,1
ID44863,0.2743,0,No Claim,Low,0
ID51329,0.2743,0,No Claim,Low,0
ID04690,0.2743,0,No Claim,Low,0
ID54491,0.2743,0,No Claim,Low,0
ID18659,0.2743,0,No Claim,Low,0
ID55248,0.2743,0,No Claim,Low,0
ID28806,0.2743,0,No Claim,Low,0
ID56949,0.2743,0,No Claim,Low,0
ID08296,0.2743,0,No Claim,Low,0
ID04978,0.2743,0,No Claim,Low,0
ID53168,0.2743,0,No Claim,Low,0
ID55352,0.2743,0,No Claim,Low,0
ID09571,0.2743,0,No Claim,Low,0
ID05461,0.2743,0,No Claim,Low,0
ID34109,0.2743,0,No Claim,Low,0
ID18528,0.2743,0,No Claim,Low,0
ID25072,0.2743,0,No Claim,Low,0
ID04743,0.2743,0,No Claim,Low,0
ID09013,0.2743,0,No Claim,Low,0
ID55664,0.2743,0,No Claim,Low,0
ID58550,0.2743,0,No Claim,Low,0
ID39175,0.2743,0,No Claim,Low,0
ID25534,0.2743,0,No Claim,Low,0
ID25459,0.2743,0,No Claim,Low,0
ID54299,0.2743,0,No Claim,Low,0
ID07804,0.2743,0,No Claim,Low,0
ID54207,0.2743,0,No Claim,Low,0
ID09093,0.2743,0,No Claim,Low,0
ID09842,0.2743,0,No Claim,Low,0
ID13852,0.2743,0,No Claim,Low,0
ID55949,0.2743,0,No Claim,Low,0
ID38355,0.2743,0,No Claim,Low,0
ID25243,0.2743,0,No Claim,Low,0
ID39980,0.2743,0,No Claim,Low,0
ID25897,0.2743,0,No Claim,Low,0
ID22865,0.2743,0,No Claim,Low,0
ID07368,0.2743,0,No Claim,Low,0
ID11102,0.2743,0,No Claim,Low,0
ID18198,0.2743,0,No Claim,Low,0
ID20301,0.2743,0,No Claim,Low,0
ID34062,0.2743,0,No Claim,Low,0
ID15136,0.2743,0,No Claim,Low,0
ID14211,0.2743,0,No Claim,Low,0
ID54574,0.2743,0,No Claim,Low,0
ID45308,0.2743,0,No Claim,Low,0
ID28969,0.2743,0,No Claim,Low,0
ID02645,0.2743,0,No Claim,Low,0
ID48896,0.2743,0,No Claim,Low,0
ID14024,0.2743,0,No Claim,Low,0
ID15631,0.2743,0,No Claim,Low,0
ID10077,0.2743,0,No Claim,Low,0
ID02090,0.2743,0,No Claim,Low,0
ID41569,0.2743,0,No Claim,Low,0
ID01957,0.2743,0,No Claim,Low,0
ID31731,0.2743,0,No Claim,Low,0
ID09752,0.2743,0,No Claim,Low,0
ID52454,0.2743,0,No Claim,Low,0
ID07254,0.2743,0,No Claim,Low,0
ID01450,0.2743,0,No Claim,Low,0
ID08638,0.2743,0,No Claim,Low,0
ID04378,0.2743,0,No Claim,Low,0
ID00074,0.2743,0,No Claim,Low,0
ID40440,0.2743,0,No Claim,Low,0
ID39044,0.2743,0,No Claim,Low,0
ID15046,0.2743,0,No Claim,Low,0
ID13680,0.2743,0,No Claim,Low,1
ID19996,0.2743,0,No Claim,Low,0
ID44664,0.2743,0,No Claim,Low,0
ID28123,0.2743,0,No Claim,Low,0
ID37820,0.2743,0,No Claim,Low,0
ID06105,0.2743,0,No Claim,Low,0
ID21485,0.2743,0,No Claim,Low,0
ID43155,0.2743,0,No Claim,Low,0
ID12598,0.2743,0,No Claim,Low,0
ID56511,0.2743,0,No Claim,Low,0
ID08576,0.2743,0,No Claim,Low,0
ID23306,0.2743,0,No Claim,Low,0
ID01825,0.2743,0,No Claim,Low,0
ID04732,0.2743,0,No Claim,Low,0
ID01085,0.2743,0,No Claim,Low,0
ID16798,0.2743,0,No Claim,Low,0
ID41505,0.2743,0,No Claim,Low,0
ID46886,0.2743,0,No Claim,Low,0
ID18113,0.2743,0,No Claim,Low,0
ID20952,0.2743,0,No Claim,Low,0
ID31814,0.2743,0,No Claim,Low,0
ID51631,0.2743,0,No Claim,Low,0
ID17842,0.2743,0,No Claim,Low,0
ID00591,0.2743,0,No Claim,Low,0
ID31261,0.2743,0,No Claim,Low,0
ID03328,0.2743,0,No Claim,Low,0
ID10272,0.2743,0,No Claim,Low,0
ID32442,0.2743,0,No Claim,Low,0
ID52824,0.2743,0,No Claim,Low,0
ID58297,0.2743,0,No Claim,Low,0
ID11112,0.2743,0,No Claim,Low,0
ID32425,0.2743,0,No Claim,Low,0
ID31796,0.2743,0,No Claim,Low,0
ID19320,0.2743,0,No Claim,Low,0
ID30306,0.2743,0,No Claim,Low,0
ID43500,0.2743,0,No Claim,Low,0
ID20087,0.2743,0,No Claim,Low,0
ID31333,0.2743,0,No Claim,Low,0
ID10998,0.2743,0,No Claim,Low,0
ID06447,0.2743,0,No Claim,Low,0
ID57115,0.2743,0,No Claim,Low,0
ID12218,0.2743,0,No Claim,Low,0
ID36745,0.2743,0,No Claim,Low,0
ID39871,0.2743,0,No Claim,Low,0
ID24779,0.2743,0,No Claim,Low,0
ID37008,0.2743,0,No Claim,Low,0
ID16973,0.2743,0,No Claim,Low,0
ID35638,0.2743,0,No Claim,Low,0
ID39430,0.2743,0,No Claim,Low,0
ID12530,0.2743,0,No Claim,Low,0
ID03598,0.2486,0,No Claim,Low,0
ID09789,0.2486,0,No Claim,Low,0
ID43757,0.2486,0,No Claim,Low,0
ID53968,0.2486,0,No Claim,Low,0
ID11917,0.2486,0,No Claim,Low,0
ID30720,0.2486,0,No Claim,Low,0
ID10596,0.2486,0,No Claim,Low,0
ID22003,0.2486,0,No Claim,Low,0
ID05231,0.2486,0,No Claim,Low,0
ID41987,0.2486,0,No Claim,Low,0
ID25533,0.2486,0,No Claim,Low,0
ID00298,0.2486,0,No Claim,Low,0
ID57716,0.2486,0,No Claim,Low,0
ID12131,0.2486,0,No Claim,Low,0
ID35845,0.2486,0,No Claim,Low,0
ID04922,0.2486,0,No Claim,Low,0
ID17169,0.2486,0,No Claim,Low,0
ID09369,0.2486,0,No Claim,Low,0
ID04437,0.2486,0,No Claim,Low,0
ID58254,0.2486,0,No Claim,Low,0
ID28012,0.2486,0,No Claim,Low,0
ID06393,0.2486,0,No Claim,Low,0
ID43785,0.2486,0,No Claim,Low,0
ID00355,0.2486,0,No Claim,Low,0
ID17306,0.2486,0,No Claim,Low,0
ID11044,0.2486,0,No Claim,Low,0
ID16890,0.2486,0,No Claim,Low,0
ID05029,0.2486,0,No Claim,Low,0
ID13649,0.2486,0,No Claim,Low,0
ID16900,0.2486,0,No Claim,Low,0
ID57666,0.2486,0,No Claim,Low,0
ID48600,0.2486,0,No Claim,Low,0
ID49735,0.2486,0,No Claim,Low,0
ID38066,0.2486,0,No Claim,Low,0
ID22139,0.2486,0,No Claim,Low,0
ID47207,0.2486,0,No Claim,Low,0
ID57064,0.2486,0,No Claim,Low,0
ID17716,0.2486,0,No Claim,Low,0
ID46559,0.2486,0,No Claim,Low,0
ID38645,0.2486,0,No Claim,Low,0
ID01248,0.2486,0,No Claim,Low,0
ID33181,0.2486,0,No Claim,Low,0
ID48217,0.2486,0,No Claim,Low,0
ID02698,0.2486,0,No Claim,Low,0
ID02664,0.2486,0,No Claim,Low,0
ID11298,0.2486,0,No Claim,Low,0
ID37324,0.2486,0,No Claim,Low,0
ID56197,0.2486,0,No Claim,Low,0
ID06918,0.2486,0,No Claim,Low,0
ID36778,0.2486,0,No Claim,Low,0
ID01333,0.2486,0,No Claim,Low,0
ID45182,0.2486,0,No Claim,Low,0
ID34988,0.2486,0,No Claim,Low,0
ID45550,0.2486,0,No Claim,Low,0
ID02642,0.2486,0,No Claim,Low,0
ID48269,0.2486,0,No Claim,Low,0
ID30105,0.2486,0,No Claim,Low,0
ID31324,0.2486,0,No Claim,Low,0
ID04969,0.2486,0,No Claim,Low,0
ID05673,0.2486,0,No Claim,Low,0
ID11545,0.2486,0,No Claim,Low,0
ID42742,0.2486,0,No Claim,Low,1
ID09689,0.2486,0,No Claim,Low,0
ID35689,0.2486,0,No Claim,Low,0
ID44080,0.2486,0,No Claim,Low,0
ID40154,0.2486,0,No Claim,Low,0
ID34634,0.2486,0,No Claim,Low,0
ID52295,0.2486,0,No Claim,Low,0
ID43505,0.2486,0,No Claim,Low,0
ID27067,0.2486,0,No Claim,Low,0
ID11205,0.2486,0,No Claim,Low,0
ID30736,0.2486,0,No Claim,Low,0
ID18208,0.2486,0,No Claim,Low,0
ID31841,0.2486,0,No Claim,Low,0
ID05545,0.2486,0,No Claim,Low,0
ID25688,0.2486,0,No Claim,Low,0
ID41886,0.2486,0,No Claim,Low,0
ID15301,0.2486,0,No Claim,Low,0
ID20939,0.2486,0,No Claim,Low,0
ID52415,0.2486,0,No Claim,Low,0
ID12562,0.2486,0,No Claim,Low,0
ID52529,0.2486,0,No Claim,Low,0
ID53708,0.2486,0,No Claim,Low,0
ID24007,0.2486,0,No Claim,Low,0
ID35093,0.2486,0,No Claim,Low,0
ID57637,0.2486,0,No Claim,Low,0
ID07747,0.2486,0,No Claim,Low,0
ID20247,0.2486,0,No Claim,Low,0
ID37749,0.2486,0,No Claim,Low,0
ID50798,0.2486,0,No Claim,Low,0
ID21290,0.2486,0,No Claim,Low,0
ID07346,0.2486,0,No Claim,Low,0
ID24429,0.2486,0,No Claim,Low,0
ID10932,0.2486,0,No Claim,Low,0
ID43915,0.2486,0,No Claim,Low,0
ID06917,0.2486,0,No Claim,Low,0
ID37959,0.2486,0,No Claim,Low,0
ID14848,0.2486,0,No Claim,Low,0
ID34444,0.2486,0,No Claim,Low,0
ID13947,0.2486,0,No Claim,Low,0
ID00174,0.2486,0,No Claim,Low,0
ID39630,0.2486,0,No Claim,Low,0
ID56425,0.2486,0,No Claim,Low,0
ID13781,0.2486,0,No Claim,Low,0
ID16861,0.2486,0,No Claim,Low,0
ID35949,0.2486,0,No Claim,Low,0
ID11216,0.2486,0,No Claim,Low,0
ID19397,0.2486,0,No Claim,Low,0
ID39097,0.2486,0,No Claim,Low,0
ID37666,0.2486,0,No Claim,Low,0
ID12243,0.2486,0,No Claim,Low,0
ID31722,0.2486,0,No Claim,Low,0
ID13150,0.2486,0,No Claim,Low,0
ID51393,0.2486,0,No Claim,Low,0
ID21712,0.2486,0,No Claim,Low,0
ID19041,0.2486,0,No Claim,Low,0
ID27513,0.2486,0,No Claim,Low,0
ID58033,0.2486,0,No Claim,Low,0
ID25179,0.2486,0,No Claim,Low,0
ID25877,0.2486,0,No Claim,Low,0
ID39517,0.2486,0,No Claim,Low,0
ID50581,0.2486,0,No Claim,Low,0
ID16323,0.2486,0,No Claim,Low,0
ID48677,0.2486,0,No Claim,Low,0
ID44866,0.2486,0,No Claim,Low,0
ID14441,0.2486,0,No Claim,Low,0
ID26839,0.2486,0,No Claim,Low,0
ID09135,0.2486,0,No Claim,Low,0
ID34661,0.2486,0,No Claim,Low,1
ID07901,0.2486,0,No Claim,Low,0
ID45538,0.2486,0,No Claim,Low,0
ID39956,0.2486,0,No Claim,Low,0
ID34086,0.2486,0,No Claim,Low,0
ID36045,0.2486,0,No Claim,Low,0
ID15290,0.2486,0,No Claim,Low,0
ID21951,0.2486,0,No Claim,Low,0
ID52589,0.2486,0,No Claim,Low,0
ID22492,0.2486,0,No Claim,Low,0
ID11302,0.2486,0,No Claim,Low,0
ID42056,0.2486,0,No Claim,Low,0
ID05234,0.2486,0,No Claim,Low,0
ID43884,0.2486,0,No Claim,Low,0
ID30406,0.2486,0,No Claim,Low,0
ID44204,0.2486,0,No Claim,Low,0
ID35765,0.2486,0,No Claim,Low,0
ID03989,0.2486,0,No Claim,Low,0
ID25781,0.2486,0,No Claim,Low,0
ID21582,0.2486,0,No Claim,Low,0
ID18592,0.2486,0,No Claim,Low,0
ID07894,0.2486,0,No Claim,Low,0
ID38618,0.2486,0,No Claim,Low,0
ID23171,0.2486,0,No Claim,Low,0
ID06382,0.2486,0,No Claim,Low,0
ID13030,0.2486,0,No Claim,Low,0
ID42808,0.2486,0,No Claim,Low,0
ID17520,0.2486,0,No Claim,Low,0
ID11556,0.2486,0,No Claim,Low,0
ID47996,0.2486,0,No Claim,Low,0
ID51850,0.2486,0,No Claim,Low,0
ID08142,0.2486,0,No Claim,Low,0
ID16011,0.2486,0,No Claim,Low,0
ID41636,0.2486,0,No Claim,Low,0
ID03292,0.2486,0,No Claim,Low,0
ID29859,0.2486,0,No Claim,Low,0
ID16282,0.2486,0,No Claim,Low,0
ID47943,0.2486,0,No Claim,Low,0
ID57243,0.2486,0,No Claim,Low,0
ID04240,0.2486,0,No Claim,Low,0
ID47033,0.2486,0,No Claim,Low,0
ID02050,0.2486,0,No Claim,Low,0
ID57718,0.2486,0,No Claim,Low,0
ID48649,0.2486,0,No Claim,Low,0
ID51197,0.2486,0,No Claim,Low,0
ID31953,0.2486,0,No Claim,Low,0
ID01522,0.2486,0,No Claim,Low,0
ID45445,0.2486,0,No Claim,Low,0
ID57435,0.2486,0,No Claim,Low,0
ID51388,0.2486,0,No Claim,Low,0
ID04948,0.2486,0,No Claim,Low,0
ID22571,0.2486,0,No Claim,Low,0
ID00589,0.2486,0,No Claim,Low,0
ID14263,0.2486,0,No Claim,Low,0
ID08095,0.2486,0,No Claim,Low,0
ID50218,0.2486,0,No Claim,Low,0
ID05412,0.2486,0,No Claim,Low,0
ID34545,0.2486,0,No Claim,Low,0
ID12560,0.2486,0,No Claim,Low,0
ID22401,0.2486,0,No Claim,Low,0
ID09151,0.2486,0,No Claim,Low,0
ID37097,0.2486,0,No Claim,Low,0
ID27804,0.2486,0,No Claim,Low,0
ID00291,0.2486,0,No Claim,Low,0
ID42676,0.2486,0,No Claim,Low,0
ID55614,0.2486,0,No Claim,Low,0
ID14265,0.2486,0,No Claim,Low,0
ID28898,0.2486,0,No Claim,Low,0
ID38762,0.2486,0,No Claim,Low,0
ID27984,0.2486,0,No Claim,Low,0
ID16124,0.2486,0,No Claim,Low,0
ID04976,0.2486,0,No Claim,Low,0
ID18564,0.2486,0,No Claim,Low,0
ID39324,0.2486,0,No Claim,Low,0
ID32757,0.2486,0,No Claim,Low,0
ID48448,0.2486,0,No Claim,Low,0
ID27094,0.2486,0,No Claim,Low,0
ID36124,0.2486,0,No Claim,Low,0
ID22525,0.2486,0,No Claim,Low,0
ID36739,0.2486,0,No Claim,Low,0
ID27401,0.2486,0,No Claim,Low,0
ID19938,0.2486,0,No Claim,Low,0
ID04999,0.2486,0,No Claim,Low,0
ID30437,0.2486,0,No Claim,Low,0
ID51376,0.2486,0,No Claim,Low,0
ID46722,0.2486,0,No Claim,Low,0
ID00013,0.2486,0,No Claim,Low,1
ID58500,0.2486,0,No Claim,Low,0
ID33940,0.2486,0,No Claim,Low,0
ID52906,0.2486,0,No Claim,Low,0
ID21512,0.2486,0,No Claim,Low,0
ID43670,0.2486,0,No Claim,Low,0
ID57937,0.2486,0,No Claim,Low,0
ID12296,0.2486,0,No Claim,Low,0
ID27431,0.2486,0,No Claim,Low,0
ID10563,0.2486,0,No Claim,Low,0
ID14776,0.2486,0,No Claim,Low,0
ID28099,0.2486,0,No Claim,Low,0
ID15277,0.2486,0,No Claim,Low,0
ID04977,0.2486,0,No Claim,Low,0
ID25496,0.2486,0,No Claim,Low,0
ID05771,0.2486,0,No Claim,Low,0
ID03406,0.2486,0,No Claim,Low,0
ID41930,0.2486,0,No Claim,Low,0
ID11065,0.2486,0,No Claim,Low,0
ID19952,0.2486,0,No Claim,Low,0
ID34292,0.2486,0,No Claim,Low,0
ID03979,0.2486,0,No Claim,Low,0
ID02513,0.2486,0,No Claim,Low,0
ID57041,0.2486,0,No Claim,Low,0
ID32746,0.2486,0,No Claim,Low,0
ID30355,0.2486,0,No Claim,Low,0
ID37542,0.2486,0,No Claim,Low,0
ID20062,0.2486,0,No Claim,Low,0
ID19806,0.2486,0,No Claim,Low,0
ID58235,0.2486,0,No Claim,Low,0
ID31803,0.2486,0,No Claim,Low,0
ID50585,0.2486,0,No Claim,Low,0
ID31058,0.2486,0,No Claim,Low,0
ID26829,0.2486,0,No Claim,Low,0
ID00942,0.2486,0,No Claim,Low,0
ID36902,0.2486,0,No Claim,Low,0
ID09467,0.2486,0,No Claim,Low,0
ID30134,0.2486,0,No Claim,Low,0
ID56251,0.2486,0,No Claim,Low,0
ID19586,0.2486,0,No Claim,Low,0
ID39033,0.2486,0,No Claim,Low,0
ID36909,0.2486,0,No Claim,Low,0
ID29198,0.2486,0,No Claim,Low,0
ID20460,0.2486,0,No Claim,Low,0
ID27027,0.2486,0,No Claim,Low,0
ID02042,0.2486,0,No Claim,Low,0
ID05905,0.2486,0,No Claim,Low,0
ID31340,0.2486,0,No Claim,Low,0
ID41281,0.2486,0,No Claim,Low,0
ID54960,0.2486,0,No Claim,Low,0
ID55634,0.2486,0,No Claim,Low,0
ID11538,0.2486,0,No Claim,Low,0
ID44426,0.2486,0,No Claim,Low,0
ID51727,0.2486,0,No Claim,Low,0
ID28246,0.2486,0,No Claim,Low,0
ID51349,0.2486,0,No Claim,Low,0
ID17048,0.2486,0,No Claim,Low,0
ID38974,0.2486,0,No Claim,Low,0
ID40696,0.2486,0,No Claim,Low,0
ID52565,0.2486,0,No Claim,Low,0
ID24885,0.2486,0,No Claim,Low,0
ID08977,0.2486,0,No Claim,Low,0
ID19000,0.2486,0,No Claim,Low,0
ID46933,0.2486,0,No Claim,Low,0
ID53368,0.2486,0,No Claim,Low,0
ID31387,0.2486,0,No Claim,Low,0
ID09693,0.2486,0,No Claim,Low,0
ID18256,0.2486,0,No Claim,Low,0
ID44151,0.2486,0,No Claim,Low,0
ID09753,0.2486,0,No Claim,Low,0
ID46330,0.2486,0,No Claim,Low,0
ID27948,0.2486,0,No Claim,Low,0
ID03260,0.2486,0,No Claim,Low,0
ID07155,0.2486,0,No Claim,Low,0
ID58395,0.2486,0,No Claim,Low,0
ID37300,0.2486,0,No Claim,Low,0
ID02445,0.2486,0,No Claim,Low,0
ID05931,0.2486,0,No Claim,Low,0
ID50600,0.2486,0,No Claim,Low,0
ID05054,0.2486,0,No Claim,Low,0
ID28244,0.2486,0,No Claim,Low,0
ID03901,0.2486,0,No Claim,Low,0
ID17835,0.2486,0,No Claim,Low,0
ID11450,0.2486,0,No Claim,Low,0
ID46449,0.2486,0,No Claim,Low,0
ID52874,0.2486,0,No Claim,Low,0
ID26529,0.2486,0,No Claim,Low,0
ID02996,0.2486,0,No Claim,Low,0
ID51193,0.2486,0,No Claim,Low,0
ID42573,0.2486,0,No Claim,Low,0
ID05149,0.2486,0,No Claim,Low,0
ID12607,0.2486,0,No Claim,Low,0
ID40835,0.2486,0,No Claim,Low,1
ID18989,0.2486,0,No Claim,Low,0
ID25218,0.2486,0,No Claim,Low,0
ID49345,0.2486,0,No Claim,Low,0
ID18872,0.2486,0,No Claim,Low,0
ID24336,0.2486,0,No Claim,Low,0
ID07749,0.2486,0,No Claim,Low,0
ID54171,0.2486,0,No Claim,Low,0
ID43330,0.2486,0,No Claim,Low,0
ID58290,0.2486,0,No Claim,Low,0
ID56192,0.2486,0,No Claim,Low,0
ID51486,0.2486,0,No Claim,Low,0
ID12593,0.2486,0,No Claim,Low,0
ID32555,0.2486,0,No Claim,Low,0
ID20833,0.2486,0,No Claim,Low,0
ID24903,0.2486,0,No Claim,Low,0
ID38850,0.2486,0,No Claim,Low,0
ID21791,0.2486,0,No Claim,Low,0
ID40534,0.2486,0,No Claim,Low,0
ID41231,0.2486,0,No Claim,Low,0
ID48792,0.2486,0,No Claim,Low,0
ID20457,0.2486,0,No Claim,Low,0
ID31311,0.2486,0,No Claim,Low,0
ID36416,0.2486,0,No Claim,Low,0
ID09327,0.2486,0,No Claim,Low,0
ID14706,0.2486,0,No Claim,Low,0
ID01456,0.2486,0,No Claim,Low,0
ID37435,0.2486,0,No Claim,Low,0
ID21607,0.2486,0,No Claim,Low,0
ID35433,0.2486,0,No Claim,Low,0
ID24786,0.2486,0,No Claim,Low,0
ID53124,0.2486,0,No Claim,Low,0
ID06492,0.2486,0,No Claim,Low,0
ID08913,0.2486,0,No Claim,Low,0
ID17604,0.2486,0,No Claim,Low,0
ID13651,0.2486,0,No Claim,Low,0
ID08528,0.2486,0,No Claim,Low,0
ID04020,0.2486,0,No Claim,Low,0
ID16628,0.2486,0,No Claim,Low,0
ID56280,0.2486,0,No Claim,Low,0
ID16850,0.2486,0,No Claim,Low,0
ID47025,0.2486,0,No Claim,Low,0
ID56979,0.2486,0,No Claim,Low,0
ID28101,0.2486,0,No Claim,Low,0
ID22518,0.2486,0,No Claim,Low,0
ID34297,0.2486,0,No Claim,Low,0
ID24653,0.2486,0,No Claim,Low,0
ID51992,0.2486,0,No Claim,Low,0
ID30914,0.2486,0,No Claim,Low,0
ID49403,0.2486,0,No Claim,Low,0
ID17329,0.2486,0,No Claim,Low,0
ID27969,0.2486,0,No Claim,Low,0
ID04685,0.2486,0,No Claim,Low,0
ID12900,0.2486,0,No Claim,Low,1
ID15755,0.2486,0,No Claim,Low,0
ID57640,0.2486,0,No Claim,Low,0
ID09474,0.2486,0,No Claim,Low,0
ID26479,0.2486,0,No Claim,Low,0
ID51927,0.2486,0,No Claim,Low,0
ID48396,0.2486,0,No Claim,Low,0
ID28786,0.2486,0,No Claim,Low,0
ID14658,0.2486,0,No Claim,Low,0
ID58423,0.2486,0,No Claim,Low,0
ID35419,0.2486,0,No Claim,Low,0
ID49697,0.2486,0,No Claim,Low,0
ID35852,0.2486,0,No Claim,Low,0
ID36006,0.2486,0,No Claim,Low,0
ID36962,0.2486,0,No Claim,Low,0
ID38948,0.2486,0,No Claim,Low,1
ID45907,0.2486,0,No Claim,Low,0
ID38126,0.2486,0,No Claim,Low,0
ID29454,0.2486,0,No Claim,Low,0
ID13553,0.2486,0,No Claim,Low,0
ID39667,0.2486,0,No Claim,Low,0
ID22079,0.2486,0,No Claim,Low,0
ID34381,0.2486,0,No Claim,Low,0
ID35182,0.2486,0,No Claim,Low,0
ID01319,0.2486,0,No Claim,Low,0
ID44307,0.2486,0,No Claim,Low,0
ID04034,0.2486,0,No Claim,Low,0
ID26039,0.2486,0,No Claim,Low,0
ID42566,0.2486,0,No Claim,Low,0
ID13796,0.2486,0,No Claim,Low,0
ID03177,0.2486,0,No Claim,Low,1
ID41036,0.2486,0,No Claim,Low,0
ID47468,0.2486,0,No Claim,Low,0
ID25588,0.2486,0,No Claim,Low,0
ID09619,0.2486,0,No Claim,Low,0
ID33717,0.2486,0,No Claim,Low,0
ID08531,0.2486,0,No Claim,Low,0
ID23582,0.2486,0,No Claim,Low,0
ID49590,0.2486,0,No Claim,Low,0
ID38172,0.2486,0,No Claim,Low,0
ID22507,0.2486,0,No Claim,Low,0
ID10460,0.2486,0,No Claim,Low,0
ID51718,0.2486,0,No Claim,Low,0
ID45266,0.2486,0,No Claim,Low,0
ID52630,0.2486,0,No Claim,Low,0
ID45191,0.2486,0,No Claim,Low,0
ID55737,0.2486,0,No Claim,Low,0
ID17374,0.2486,0,No Claim,Low,0
ID09657,0.2486,0,No Claim,Low,0
ID21015,0.2486,0,No Claim,Low,0
ID37776,0.2486,0,No Claim,Low,0
ID21973,0.2486,0,No Claim,Low,0
ID32235,0.2486,0,No Claim,Low,0
ID06807,0.2486,0,No Claim,Low,0
ID46221,0.2486,0,No Claim,Low,0
ID12216,0.2486,0,No Claim,Low,0
ID26979,0.2486,0,No Claim,Low,0
ID36693,0.2486,0,No Claim,Low,0
ID17638,0.2486,0,No Claim,Low,0
ID16749,0.2486,0,No Claim,Low,0
ID08990,0.2486,0,No Claim,Low,0
ID28799,0.2486,0,No Claim,Low,0
ID14165,0.2486,0,No Claim,Low,0
ID54814,0.2486,0,No Claim,Low,0
ID08803,0.2486,0,No Claim,Low,0
ID35042,0.2486,0,No Claim,Low,0
ID44720,0.2486,0,No Claim,Low,0
ID05407,0.2486,0,No Claim,Low,0
ID08596,0.2486,0,No Claim,Low,0
ID13646,0.2486,0,No Claim,Low,0
ID40420,0.2486,0,No Claim,Low,0
ID34030,0.2486,0,No Claim,Low,0
ID50223,0.2486,0,No Claim,Low,0
ID37415,0.2486,0,No Claim,Low,0
ID06108,0.2486,0,No Claim,Low,0
ID22394,0.2486,0,No Claim,Low,0
ID45626,0.2486,0,No Claim,Low,1
ID04028,0.2486,0,No Claim,Low,0
ID20041,0.2486,0,No Claim,Low,0
ID04380,0.2486,0,No Claim,Low,0
ID07205,0.2486,0,No Claim,Low,0
ID32032,0.2486,0,No Claim,Low,0
ID06560,0.2486,0,No Claim,Low,0
ID27170,0.2486,0,No Claim,Low,0
ID57765,0.2486,0,No Claim,Low,0
ID21676,0.2486,0,No Claim,Low,1
ID10920,0.2486,0,No Claim,Low,0
ID15176,0.2486,0,No Claim,Low,0
ID46366,0.2486,0,No Claim,Low,0
ID35228,0.2486,0,No Claim,Low,0
ID29139,0.2486,0,No Claim,Low,0
ID21873,0.2486,0,No Claim,Low,0
ID17346,0.2486,0,No Claim,Low,0
ID03038,0.2486,0,No Claim,Low,0
ID31392,0.2486,0,No Claim,Low,0
ID41927,0.2486,0,No Claim,Low,0
ID21953,0.2486,0,No Claim,Low,0
ID15079,0.2486,0,No Claim,Low,0
ID05992,0.2486,0,No Claim,Low,0
ID56331,0.2486,0,No Claim,Low,0
ID13767,0.2486,0,No Claim,Low,0
ID10455,0.2486,0,No Claim,Low,0
ID42180,0.2486,0,No Claim,Low,0
ID37327,0.2486,0,No Claim,Low,0
ID31434,0.2486,0,No Claim,Low,0
ID10627,0.2486,0,No Claim,Low,0
ID29921,0.2486,0,No Claim,Low,0
ID56655,0.2486,0,No Claim,Low,0
ID19278,0.2486,0,No Claim,Low,0
ID13421,0.2486,0,No Claim,Low,0
ID16813,0.2486,0,No Claim,Low,0
ID13322,0.2486,0,No Claim,Low,0
ID17782,0.2486,0,No Claim,Low,0
ID24785,0.2486,0,No Claim,Low,0
ID05386,0.2486,0,No Claim,Low,0
ID11764,0.2486,0,No Claim,Low,0
ID40444,0.2486,0,No Claim,Low,0
ID38473,0.2486,0,No Claim,Low,0
ID24642,0.2486,0,No Claim,Low,0
ID16236,0.2486,0,No Claim,Low,0
ID40656,0.2486,0,No Claim,Low,0
ID09332,0.2486,0,No Claim,Low,0
ID29745,0.2486,0,No Claim,Low,0
ID28212,0.2486,0,No Claim,Low,0
ID46452,0.2486,0,No Claim,Low,0
ID38650,0.2486,0,No Claim,Low,0
ID22759,0.2486,0,No Claim,Low,0
ID18118,0.2486,0,No Claim,Low,0
ID41408,0.2486,0,No Claim,Low,0
ID01288,0.2486,0,No Claim,Low,0
ID16817,0.2486,0,No Claim,Low,0
ID53601,0.2486,0,No Claim,Low,0
ID10128,0.2486,0,No Claim,Low,0
ID34039,0.2486,0,No Claim,Low,0
ID12231,0.2486,0,No Claim,Low,0
ID12328,0.2486,0,No Claim,Low,0
ID42842,0.2486,0,No Claim,Low,0
ID16679,0.2486,0,No Claim,Low,0
ID03600,0.2486,0,No Claim,Low,0
ID47811,0.2486,0,No Claim,Low,0
ID40531,0.2486,0,No Claim,Low,0
ID35673,0.2486,0,No Claim,Low,0
ID11356,0.2486,0,No Claim,Low,0
ID55236,0.2486,0,No Claim,Low,0
ID12030,0.2486,0,No Claim,Low,0
ID45487,0.2486,0,No Claim,Low,0
ID48347,0.2486,0,No Claim,Low,0
ID32665,0.2486,0,No Claim,Low,0
ID22987,0.2486,0,No Claim,Low,0
ID22839,0.2486,0,No Claim,Low,0
ID45820,0.2486,0,No Claim,Low,1
ID40320,0.2486,0,No Claim,Low,0
ID01732,0.2486,0,No Claim,Low,0
ID37602,0.2486,0,No Claim,Low,0
ID33801,0.2486,0,No Claim,Low,0
ID21841,0.2486,0,No Claim,Low,0
ID54069,0.2486,0,No Claim,Low,0
ID32039,0.2486,0,No Claim,Low,0
ID24231,0.2486,0,No Claim,Low,0
ID25163,0.2486,0,No Claim,Low,0
ID53322,0.2486,0,No Claim,Low,1
ID32203,0.2486,0,No Claim,Low,0
ID51783,0.2486,0,No Claim,Low,0
ID54466,0.2486,0,No Claim,Low,0
ID36688,0.2486,0,No Claim,Low,0
ID21596,0.2486,0,No Claim,Low,0
ID49143,0.2486,0,No Claim,Low,0
ID38130,0.2486,0,No Claim,Low,0
ID00348,0.2486,0,No Claim,Low,0
ID12368,0.2486,0,No Claim,Low,0
ID38981,0.2486,0,No Claim,Low,0
ID35572,0.2486,0,No Claim,Low,1
ID31277,0.2486,0,No Claim,Low,0
ID54710,0.2486,0,No Claim,Low,0
ID42716,0.2486,0,No Claim,Low,0
ID24670,0.2486,0,No Claim,Low,0
ID52156,0.2486,0,No Claim,Low,0
ID27185,0.2486,0,No Claim,Low,0
ID34032,0.2486,0,No Claim,Low,0
ID48007,0.2486,0,No Claim,Low,0
ID22344,0.2486,0,No Claim,Low,1
ID53269,0.2486,0,No Claim,Low,0
ID21109,0.2486,0,No Claim,Low,0
ID19994,0.2486,0,No Claim,Low,0
ID03621,0.2486,0,No Claim,Low,0
ID46636,0.2486,0,No Claim,Low,0
ID34714,0.2486,0,No Claim,Low,0
ID31354,0.2486,0,No Claim,Low,0
ID28550,0.2486,0,No Claim,Low,0
ID33459,0.2486,0,No Claim,Low,0
ID37430,0.2486,0,No Claim,Low,0
ID26760,0.2486,0,No Claim,Low,0
ID16988,0.2486,0,No Claim,Low,0
ID54465,0.2486,0,No Claim,Low,0
ID13794,0.2486,0,No Claim,Low,0
ID11385,0.2486,0,No Claim,Low,0
ID47449,0.2486,0,No Claim,Low,0
ID01922,0.2486,0,No Claim,Low,0
ID57265,0.2486,0,No Claim,Low,0
ID40853,0.2486,0,No Claim,Low,0
ID33648,0.2486,0,No Claim,Low,0
ID44668,0.2486,0,No Claim,Low,0
ID35219,0.2486,0,No Claim,Low,0
ID12756,0.2486,0,No Claim,Low,0
ID27153,0.2486,0,No Claim,Low,0
ID24762,0.2486,0,No Claim,Low,0
ID43561,0.2486,0,No Claim,Low,0
ID08050,0.2486,0,No Claim,Low,0
ID05242,0.2486,0,No Claim,Low,0
ID39825,0.2486,0,No Claim,Low,0
ID02875,0.2486,0,No Claim,Low,0
ID58561,0.2486,0,No Claim,Low,0
ID05816,0.2486,0,No Claim,Low,0
ID32131,0.2486,0,No Claim,Low,0
ID17612,0.2486,0,No Claim,Low,0
ID36956,0.2486,0,No Claim,Low,0
ID29216,0.2486,0,No Claim,Low,0
ID49277,0.2486,0,No Claim,Low,0
ID57252,0.2486,0,No Claim,Low,0
ID44047,0.2486,0,No Claim,Low,0
ID13114,0.2486,0,No Claim,Low,0
ID46843,0.2486,0,No Claim,Low,0
ID16896,0.2486,0,No Claim,Low,0
ID02328,0.2486,0,No Claim,Low,0
ID18526,0.2486,0,No Claim,Low,0
ID23011,0.2486,0,No Claim,Low,0
ID04900,0.2486,0,No Claim,Low,0
ID34529,0.2486,0,No Claim,Low,0
ID08013,0.2486,0,No Claim,Low,0
ID08467,0.2486,0,No Claim,Low,0
ID28595,0.2486,0,No Claim,Low,0
ID06445,0.2486,0,No Claim,Low,0
ID01895,0.2486,0,No Claim,Low,0
ID06011,0.2486,0,No Claim,Low,0
ID09945,0.2486,0,No Claim,Low,0
ID40472,0.2486,0,No Claim,Low,0
ID46606,0.2486,0,No Claim,Low,0
ID45740,0.2486,0,No Claim,Low,0
ID34318,0.2486,0,No Claim,Low,0
ID56692,0.2486,0,No Claim,Low,0
ID03589,0.2486,0,No Claim,Low,0
ID07758,0.2486,0,No Claim,Low,0
ID45024,0.2486,0,No Claim,Low,0
ID54532,0.2486,0,No Claim,Low,0
ID10437,0.2486,0,No Claim,Low,0
ID37885,0.2486,0,No Claim,Low,0
ID17541,0.2486,0,No Claim,Low,0
ID34165,0.2486,0,No Claim,Low,0
ID10760,0.2486,0,No Claim,Low,0
ID33692,0.2486,0,No Claim,Low,0
ID11504,0.2486,0,No Claim,Low,0
ID34172,0.2486,0,No Claim,Low,0
ID28903,0.2486,0,No Claim,Low,0
ID10467,0.2486,0,No Claim,Low,0
ID07326,0.2486,0,No Claim,Low,0
ID17771,0.2486,0,No Claim,Low,0
ID44336,0.2486,0,No Claim,Low,0
ID39253,0.2486,0,No Claim,Low,0
ID36765,0.2486,0,No Claim,Low,0
ID27687,0.2486,0,No Claim,Low,0
ID35699,0.2486,0,No Claim,Low,0
ID32055,0.2486,0,No Claim,Low,0
ID36785,0.2486,0,No Claim,Low,0
ID57313,0.2486,0,No Claim,Low,0
ID43263,0.2486,0,No Claim,Low,0
ID21527,0.2486,0,No Claim,Low,0
ID30073,0.2486,0,No Claim,Low,0
ID01982,0.2486,0,No Claim,Low,0
ID42436,0.2486,0,No Claim,Low,0
ID35148,0.2486,0,No Claim,Low,0
ID57923,0.2486,0,No Claim,Low,0
ID18555,0.2486,0,No Claim,Low,0
ID38858,0.2486,0,No Claim,Low,0
ID35393,0.2486,0,No Claim,Low,0
ID30822,0.2486,0,No Claim,Low,0
ID49480,0.2486,0,No Claim,Low,0
ID01163,0.2486,0,No Claim,Low,0
ID17431,0.2486,0,No Claim,Low,0
ID41869,0.2486,0,No Claim,Low,0
ID35298,0.2486,0,No Claim,Low,0
ID28363,0.2486,0,No Claim,Low,0
ID31074,0.2486,0,No Claim,Low,0
ID05794,0.2486,0,No Claim,Low,0
ID46064,0.2486,0,No Claim,Low,0
ID01093,0.2486,0,No Claim,Low,0
ID53886,0.2486,0,No Claim,Low,0
ID45761,0.2486,0,No Claim,Low,0
ID41525,0.2486,0,No Claim,Low,0
ID32911,0.2486,0,No Claim,Low,0
ID29347,0.2486,0,No Claim,Low,0
ID07692,0.2486,0,No Claim,Low,0
ID21837,0.2486,0,No Claim,Low,0
ID13881,0.2486,0,No Claim,Low,0
ID39832,0.2486,0,No Claim,Low,0
ID43278,0.2486,0,No Claim,Low,0
ID46963,0.2486,0,No Claim,Low,0
ID36522,0.2486,0,No Claim,Low,0
ID39586,0.2486,0,No Claim,Low,0
ID44936,0.2486,0,No Claim,Low,0
ID13331,0.2486,0,No Claim,Low,0
ID40380,0.2486,0,No Claim,Low,0
ID18500,0.2486,0,No Claim,Low,0
ID21795,0.2486,0,No Claim,Low,0
ID43455,0.2486,0,No Claim,Low,0
ID10175,0.2486,0,No Claim,Low,0
ID24035,0.2486,0,No Claim,Low,0
ID23903,0.2486,0,No Claim,Low,0
ID13226,0.2486,0,No Claim,Low,0
ID11364,0.2486,0,No Claim,Low,0
ID01216,0.2486,0,No Claim,Low,0
ID48305,0.2486,0,No Claim,Low,0
ID06049,0.2486,0,No Claim,Low,0
ID02349,0.2486,0,No Claim,Low,0
ID19266,0.2486,0,No Claim,Low,0
ID18381,0.2486,0,No Claim,Low,0
ID42797,0.2486,0,No Claim,Low,0
ID29694,0.2486,0,No Claim,Low,0
ID09149,0.2486,0,No Claim,Low,0
ID49382,0.2486,0,No Claim,Low,0
ID03138,0.2486,0,No Claim,Low,0
ID09409,0.2486,0,No Claim,Low,1
ID30308,0.2486,0,No Claim,Low,0
ID48564,0.2486,0,No Claim,Low,0
ID51067,0.2486,0,No Claim,Low,0
ID23413,0.2486,0,No Claim,Low,0
ID23044,0.2486,0,No Claim,Low,0
ID35970,0.2486,0,No Claim,Low,0
ID01472,0.2486,0,No Claim,Low,0
ID37681,0.2486,0,No Claim,Low,0
ID29730,0.2486,0,No Claim,Low,0
ID57693,0.2486,0,No Claim,Low,0
ID54175,0.2486,0,No Claim,Low,0
ID54205,0.2486,0,No Claim,Low,1
ID40297,0.2486,0,No Claim,Low,0
ID00746,0.2486,0,No Claim,Low,0
ID31293,0.2486,0,No Claim,Low,0
ID03162,0.2486,0,No Claim,Low,0
ID27095,0.2486,0,No Claim,Low,0
ID06281,0.2486,0,No Claim,Low,0
ID25275,0.2486,0,No Claim,Low,0
ID13576,0.2486,0,No Claim,Low,0
ID53539,0.2486,0,No Claim,Low,0
ID06172,0.2486,0,No Claim,Low,0
ID38585,0.2486,0,No Claim,Low,0
ID54715,0.2486,0,No Claim,Low,0
ID07908,0.2486,0,No Claim,Low,0
ID08903,0.2486,0,No Claim,Low,0
ID07321,0.2486,0,No Claim,Low,0
ID41143,0.2486,0,No Claim,Low,0
ID21981,0.2486,0,No Claim,Low,0
ID11981,0.2486,0,No Claim,Low,0
ID56520,0.2486,0,No Claim,Low,0
ID58383,0.2486,0,No Claim,Low,0
ID03394,0.2486,0,No Claim,Low,0
ID46217,0.2486,0,No Claim,Low,0
ID19023,0.2486,0,No Claim,Low,0
ID57772,0.2486,0,No Claim,Low,0
ID46947,0.2486,0,No Claim,Low,0
ID05111,0.2486,0,No Claim,Low,0
ID33526,0.2486,0,No Claim,Low,0
ID36818,0.2486,0,No Claim,Low,1
ID28994,0.2486,0,No Claim,Low,0
ID14923,0.2486,0,No Claim,Low,0
ID20850,0.2486,0,No Claim,Low,1
ID47829,0.2486,0,No Claim,Low,0
ID09036,0.2486,0,No Claim,Low,0
ID57710,0.2486,0,No Claim,Low,0
ID41466,0.2486,0,No Claim,Low,0
ID30270,0.2486,0,No Claim,Low,0
ID21443,0.2486,0,No Claim,Low,0
ID17547,0.2486,0,No Claim,Low,0
ID29632,0.2486,0,No Claim,Low,0
ID44306,0.2486,0,No Claim,Low,0
ID36602,0.2486,0,No Claim,Low,0
ID51729,0.2486,0,No Claim,Low,0
ID14673,0.2486,0,No Claim,Low,0
ID58116,0.2486,0,No Claim,Low,0
ID55464,0.2486,0,No Claim,Low,0
ID33498,0.2486,0,No Claim,Low,0
ID03191,0.2486,0,No Claim,Low,0
ID48641,0.2486,0,No Claim,Low,0
ID05287,0.2486,0,No Claim,Low,0
ID21342,0.2486,0,No Claim,Low,0
ID46404,0.2486,0,No Claim,Low,0
ID42852,0.2486,0,No Claim,Low,0
ID15778,0.2486,0,No Claim,Low,0
ID55789,0.2486,0,No Claim,Low,0
ID13029,0.2486,0,No Claim,Low,0
ID28362,0.2486,0,No Claim,Low,0
ID08288,0.2486,0,No Claim,Low,0
ID54464,0.2486,0,No Claim,Low,0
ID44026,0.2486,0,No Claim,Low,0
ID38531,0.2486,0,No Claim,Low,0
ID49245,0.2486,0,No Claim,Low,0
ID13274,0.2486,0,No Claim,Low,0
ID11957,0.2486,0,No Claim,Low,0
ID22266,0.2486,0,No Claim,Low,0
ID51555,0.2486,0,No Claim,Low,0
ID31538,0.2486,0,No Claim,Low,0
ID26642,0.2486,0,No Claim,Low,0
ID24856,0.2486,0,No Claim,Low,0
ID58537,0.2486,0,No Claim,Low,0
ID20883,0.2486,0,No Claim,Low,0
ID01475,0.2486,0,No Claim,Low,0
ID07462,0.2486,0,No Claim,Low,0
ID31348,0.2486,0,No Claim,Low,0
ID35332,0.2486,0,No Claim,Low,0
ID45418,0.2486,0,No Claim,Low,0
ID48361,0.2486,0,No Claim,Low,0
ID18606,0.2486,0,No Claim,Low,0
ID39374,0.2486,0,No Claim,Low,0
ID58098,0.2486,0,No Claim,Low,0
ID37721,0.2486,0,No Claim,Low,0
ID32385,0.2486,0,No Claim,Low,0
ID39904,0.2486,0,No Claim,Low,0
ID23124,0.2486,0,No Claim,Low,0
ID12098,0.2486,0,No Claim,Low,0
ID22257,0.2486,0,No Claim,Low,0
ID00536,0.2486,0,No Claim,Low,0
ID49990,0.2486,0,No Claim,Low,0
ID06889,0.2486,0,No Claim,Low,0
ID54743,0.2486,0,No Claim,Low,0
ID29519,0.2486,0,No Claim,Low,0
ID02763,0.2486,0,No Claim,Low,0
ID38501,0.2486,0,No Claim,Low,0
ID18143,0.2486,0,No Claim,Low,0
ID56972,0.2486,0,No Claim,Low,0
ID50312,0.2486,0,No Claim,Low,0
ID11817,0.2486,0,No Claim,Low,0
ID41988,0.2486,0,No Claim,Low,0
ID42484,0.2486,0,No Claim,Low,0
ID45483,0.2486,0,No Claim,Low,0
ID36376,0.2486,0,No Claim,Low,0
ID09403,0.2486,0,No Claim,Low,0
ID11464,0.2486,0,No Claim,Low,0
ID42234,0.2486,0,No Claim,Low,0
ID22970,0.2486,0,No Claim,Low,0
ID32413,0.2486,0,No Claim,Low,0
ID40102,0.2486,0,No Claim,Low,0
ID53925,0.2486,0,No Claim,Low,0
ID27875,0.2486,0,No Claim,Low,0
ID35224,0.2486,0,No Claim,Low,0
ID33236,0.2486,0,No Claim,Low,0
ID24407,0.2486,0,No Claim,Low,0
ID22668,0.2486,0,No Claim,Low,0
ID31389,0.2486,0,No Claim,Low,0
ID15924,0.2486,0,No Claim,Low,1
ID05404,0.2486,0,No Claim,Low,0
ID25656,0.2486,0,No Claim,Low,0
ID23022,0.2486,0,No Claim,Low,0
ID55741,0.2486,0,No Claim,Low,0
ID45945,0.2486,0,No Claim,Low,0
ID46180,0.2486,0,No Claim,Low,0
ID19378,0.2486,0,No Claim,Low,0
ID17476,0.2486,0,No Claim,Low,0
ID34770,0.2486,0,No Claim,Low,0
ID20422,0.2486,0,No Claim,Low,0
ID37188,0.2486,0,No Claim,Low,0
ID04980,0.2486,0,No Claim,Low,0
ID16461,0.2486,0,No Claim,Low,0
ID55191,0.2486,0,No Claim,Low,0
ID04717,0.2486,0,No Claim,Low,0
ID14497,0.2486,0,No Claim,Low,0
ID25581,0.2486,0,No Claim,Low,0
ID18673,0.2486,0,No Claim,Low,0
ID27825,0.2486,0,No Claim,Low,0
ID11907,0.2486,0,No Claim,Low,0
ID47688,0.2486,0,No Claim,Low,0
ID32476,0.2486,0,No Claim,Low,0
ID44824,0.2486,0,No Claim,Low,0
ID27908,0.2486,0,No Claim,Low,0
ID50059,0.2486,0,No Claim,Low,0
ID14100,0.2486,0,No Claim,Low,0
ID37319,0.2486,0,No Claim,Low,0
ID22360,0.2486,0,No Claim,Low,0
ID16045,0.2486,0,No Claim,Low,0
ID02127,0.2486,0,No Claim,Low,0
ID31740,0.2486,0,No Claim,Low,0
ID55432,0.2486,0,No Claim,Low,0
ID27002,0.2486,0,No Claim,Low,0
ID26808,0.2486,0,No Claim,Low,0
ID45048,0.2486,0,No Claim,Low,0
ID01867,0.2486,0,No Claim,Low,0
ID55999,0.2486,0,No Claim,Low,0
ID29707,0.2486,0,No Claim,Low,0
ID24941,0.2486,0,No Claim,Low,0
ID55943,0.2486,0,No Claim,Low,0
ID11551,0.2486,0,No Claim,Low,0
ID31702,0.2486,0,No Claim,Low,0
ID01533,0.2486,0,No Claim,Low,0
ID14323,0.2486,0,No Claim,Low,0
ID35237,0.2486,0,No Claim,Low,0
ID22124,0.2486,0,No Claim,Low,0
ID08692,0.2486,0,No Claim,Low,0
ID13025,0.2486,0,No Claim,Low,0
ID40680,0.2486,0,No Claim,Low,0
ID14758,0.2486,0,No Claim,Low,0
ID11935,0.2486,0,No Claim,Low,0
ID33040,0.2486,0,No Claim,Low,0
ID39893,0.2486,0,No Claim,Low,0
ID40985,0.2486,0,No Claim,Low,0
ID54231,0.2486,0,No Claim,Low,0
ID50324,0.2486,0,No Claim,Low,0
ID30780,0.2486,0,No Claim,Low,0
ID58013,0.2486,0,No Claim,Low,0
ID11646,0.2486,0,No Claim,Low,0
ID28237,0.2486,0,No Claim,Low,0
ID00789,0.2486,0,No Claim,Low,0
ID17631,0.2486,0,No Claim,Low,0
ID46334,0.2486,0,No Claim,Low,0
ID07110,0.2486,0,No Claim,Low,0
ID30719,0.2486,0,No Claim,Low,0
ID14805,0.2486,0,No Claim,Low,0
ID00845,0.2486,0,No Claim,Low,0
ID22288,0.2486,0,No Claim,Low,0
ID22084,0.2486,0,No Claim,Low,0
ID13623,0.2486,0,No Claim,Low,0
ID51226,0.2486,0,No Claim,Low,0
ID58385,0.2486,0,No Claim,Low,0
ID44618,0.2486,0,No Claim,Low,0
ID16828,0.2486,0,No Claim,Low,0
ID40108,0.2486,0,No Claim,Low,0
ID41362,0.2486,0,No Claim,Low,0
ID32912,0.2486,0,No Claim,Low,0
ID12371,0.2486,0,No Claim,Low,0
ID23074,0.2486,0,No Claim,Low,0
ID41232,0.2486,0,No Claim,Low,0
ID39782,0.2486,0,No Claim,Low,0
ID42188,0.2486,0,No Claim,Low,0
ID11202,0.2486,0,No Claim,Low,0
ID11170,0.2486,0,No Claim,Low,0
ID36938,0.2486,0,No Claim,Low,0
ID35427,0.2486,0,No Claim,Low,0
ID56158,0.2486,0,No Claim,Low,0
ID50593,0.2486,0,No Claim,Low,0
ID31042,0.2486,0,No Claim,Low,0
ID21002,0.2486,0,No Claim,Low,0
ID29022,0.2486,0,No Claim,Low,0
ID15274,0.2486,0,No Claim,Low,0
ID18475,0.2486,0,No Claim,Low,0
ID50054,0.2486,0,No Claim,Low,0
ID58195,0.2486,0,No Claim,Low,0
ID45700,0.2486,0,No Claim,Low,0
ID54396,0.2486,0,No Claim,Low,0
ID46294,0.2486,0,No Claim,Low,0
ID56632,0.2486,0,No Claim,Low,0
ID46297,0.2486,0,No Claim,Low,0
ID48275,0.2486,0,No Claim,Low,0
ID37312,0.2486,0,No Claim,Low,0
ID35145,0.2486,0,No Claim,Low,0
ID07691,0.2486,0,No Claim,Low,0
ID00706,0.2486,0,No Claim,Low,0
ID12197,0.2486,0,No Claim,Low,0
ID40366,0.2486,0,No Claim,Low,0
ID09137,0.2486,0,No Claim,Low,0
ID46335,0.2486,0,No Claim,Low,0
ID47581,0.2486,0,No Claim,Low,0
ID51965,0.2486,0,No Claim,Low,0
ID56908,0.2486,0,No Claim,Low,0
ID14916,0.2486,0,No Claim,Low,0
ID18351,0.2486,0,No Claim,Low,0
ID07647,0.2486,0,No Claim,Low,0
ID53173,0.2486,0,No Claim,Low,0
ID17105,0.2486,0,No Claim,Low,0
ID18837,0.2486,0,No Claim,Low,0
ID40015,0.2486,0,No Claim,Low,0
ID15647,0.2486,0,No Claim,Low,0
ID51162,0.2486,0,No Claim,Low,0
ID27993,0.2486,0,No Claim,Low,0
ID47270,0.2486,0,No Claim,Low,0
ID26755,0.2486,0,No Claim,Low,0
ID02109,0.2486,0,No Claim,Low,0
ID01087,0.2486,0,No Claim,Low,0
ID33446,0.2486,0,No Claim,Low,0
ID24729,0.2486,0,No Claim,Low,0
ID03672,0.2486,0,No Claim,Low,0
ID46333,0.2486,0,No Claim,Low,0
ID05849,0.2486,0,No Claim,Low,0
ID17467,0.2486,0,No Claim,Low,0
ID36092,0.2486,0,No Claim,Low,0
ID14935,0.2486,0,No Claim,Low,0
ID54731,0.2486,0,No Claim,Low,0
ID14655,0.2486,0,No Claim,Low,0
ID09046,0.2486,0,No Claim,Low,0
ID16248,0.2486,0,No Claim,Low,0
ID56484,0.2486,0,No Claim,Low,0
ID41072,0.2486,0,No Claim,Low,0
ID35489,0.2486,0,No Claim,Low,0
ID39801,0.2486,0,No Claim,Low,0
ID25971,0.2486,0,No Claim,Low,0
ID42694,0.2486,0,No Claim,Low,0
ID05559,0.2486,0,No Claim,Low,0
ID48784,0.2486,0,No Claim,Low,0
ID18417,0.2486,0,No Claim,Low,0
ID16956,0.2486,0,No Claim,Low,0
ID19980,0.2486,0,No Claim,Low,0
ID34728,0.2486,0,No Claim,Low,0
ID38548,0.2486,0,No Claim,Low,0
ID08332,0.2486,0,No Claim,Low,0
ID15663,0.2486,0,No Claim,Low,0
ID20855,0.2486,0,No Claim,Low,0
ID18917,0.2486,0,No Claim,Low,0
ID06452,0.2486,0,No Claim,Low,0
ID27124,0.2486,0,No Claim,Low,0
ID40327,0.2486,0,No Claim,Low,0
ID48029,0.2486,0,No Claim,Low,0
ID22358,0.2486,0,No Claim,Low,0
ID21486,0.2486,0,No Claim,Low,0
ID52790,0.2486,0,No Claim,Low,0
ID07198,0.2486,0,No Claim,Low,0
ID00204,0.2486,0,No Claim,Low,0
ID29723,0.2486,0,No Claim,Low,0
ID31099,0.2486,0,No Claim,Low,0
ID40773,0.2486,0,No Claim,Low,0
ID35805,0.2486,0,No Claim,Low,0
ID20126,0.2486,0,No Claim,Low,0
ID10126,0.2486,0,No Claim,Low,0
ID17560,0.2486,0,No Claim,Low,0
ID19551,0.2486,0,No Claim,Low,0
ID55891,0.2486,0,No Claim,Low,0
ID35795,0.2486,0,No Claim,Low,0
ID05868,0.2486,0,No Claim,Low,0
ID18463,0.2486,0,No Claim,Low,0
ID26390,0.2486,0,No Claim,Low,0
ID11422,0.2486,0,No Claim,Low,0
ID11259,0.2486,0,No Claim,Low,0
ID02885,0.2486,0,No Claim,Low,0
ID03615,0.2486,0,No Claim,Low,0
ID11540,0.2486,0,No Claim,Low,0
ID09830,0.2486,0,No Claim,Low,0
ID38016,0.2486,0,No Claim,Low,0
ID21408,0.2486,0,No Claim,Low,0
ID29758,0.2486,0,No Claim,Low,0
ID01546,0.2486,0,No Claim,Low,0
ID26543,0.2486,0,No Claim,Low,0
ID50507,0.2486,0,No Claim,Low,0
ID53852,0.2486,0,No Claim,Low,0
ID43469,0.2486,0,No Claim,Low,0
ID52588,0.2486,0,No Claim,Low,0
ID38614,0.2486,0,No Claim,Low,0
ID51247,0.2486,0,No Claim,Low,0
ID31906,0.2486,0,No Claim,Low,0
ID50439,0.2486,0,No Claim,Low,0
ID11958,0.2486,0,No Claim,Low,0
ID26106,0.2486,0,No Claim,Low,0
ID55302,0.2486,0,No Claim,Low,0
ID30266,0.2486,0,No Claim,Low,0
ID31566,0.2486,0,No Claim,Low,0
ID44366,0.2486,0,No Claim,Low,0
ID27778,0.2486,0,No Claim,Low,0
ID20054,0.2486,0,No Claim,Low,0
ID18218,0.2486,0,No Claim,Low,0
ID44501,0.2486,0,No Claim,Low,0
ID47310,0.2486,0,No Claim,Low,0
ID25134,0.2486,0,No Claim,Low,0
ID22606,0.2486,0,No Claim,Low,0
ID00390,0.2486,0,No Claim,Low,0
ID43690,0.2486,0,No Claim,Low,0
ID03479,0.2486,0,No Claim,Low,0
ID51489,0.2486,0,No Claim,Low,0
ID51686,0.2486,0,No Claim,Low,0
ID26008,0.2486,0,No Claim,Low,0
ID21369,0.2486,0,No Claim,Low,0
ID44439,0.2486,0,No Claim,Low,0
ID19092,0.2486,0,No Claim,Low,0
ID20575,0.2486,0,No Claim,Low,0
ID19492,0.2486,0,No Claim,Low,0
ID12214,0.2486,0,No Claim,Low,0
ID16319,0.2486,0,No Claim,Low,0
ID38362,0.2486,0,No Claim,Low,0
ID42423,0.2486,0,No Claim,Low,0
ID06729,0.2486,0,No Claim,Low,0
ID39711,0.2486,0,No Claim,Low,0
ID23943,0.2486,0,No Claim,Low,0
ID00552,0.2486,0,No Claim,Low,0
ID30113,0.2486,0,No Claim,Low,0
ID16731,0.2486,0,No Claim,Low,0
ID42093,0.2486,0,No Claim,Low,0
ID37462,0.2486,0,No Claim,Low,0
ID33627,0.2486,0,No Claim,Low,0
ID37691,0.2486,0,No Claim,Low,0
ID15752,0.2486,0,No Claim,Low,0
ID01746,0.2486,0,No Claim,Low,0
ID57535,0.2486,0,No Claim,Low,0
ID29005,0.2486,0,No Claim,Low,0
ID57227,0.2486,0,No Claim,Low,0
ID37917,0.2486,0,No Claim,Low,0
ID44853,0.2486,0,No Claim,Low,0
ID44089,0.2486,0,No Claim,Low,0
ID12161,0.2486,0,No Claim,Low,0
ID45748,0.2486,0,No Claim,Low,0
ID02321,0.2486,0,No Claim,Low,0
ID38163,0.2486,0,No Claim,Low,0
ID50454,0.2486,0,No Claim,Low,0
ID41617,0.2486,0,No Claim,Low,0
ID44226,0.2486,0,No Claim,Low,0
ID00928,0.2486,0,No Claim,Low,0
ID55368,0.2486,0,No Claim,Low,0
ID01905,0.2486,0,No Claim,Low,0
ID00896,0.2486,0,No Claim,Low,0
ID43531,0.2486,0,No Claim,Low,0
ID45502,0.2486,0,No Claim,Low,0
ID48377,0.2486,0,No Claim,Low,0
ID07310,0.2486,0,No Claim,Low,0
ID43038,0.2486,0,No Claim,Low,0
ID28632,0.2486,0,No Claim,Low,0
ID07822,0.2486,0,No Claim,Low,0
ID09121,0.2486,0,No Claim,Low,0
ID14322,0.2486,0,No Claim,Low,0
ID30704,0.2486,0,No Claim,Low,0
ID50586,0.2486,0,No Claim,Low,0
ID54659,0.2486,0,No Claim,Low,0
ID48864,0.2486,0,No Claim,Low,0
ID47605,0.2486,0,No Claim,Low,0
ID03811,0.2486,0,No Claim,Low,0
ID09385,0.2486,0,No Claim,Low,0
ID00225,0.2486,0,No Claim,Low,0
ID17723,0.2486,0,No Claim,Low,0
ID02597,0.2486,0,No Claim,Low,0
ID04509,0.2486,0,No Claim,Low,0
ID46057,0.2486,0,No Claim,Low,0
ID01452,0.2486,0,No Claim,Low,0
ID06703,0.2486,0,No Claim,Low,0
ID05995,0.2486,0,No Claim,Low,0
ID36866,0.2486,0,No Claim,Low,0
ID41502,0.2486,0,No Claim,Low,0
ID29763,0.2486,0,No Claim,Low,0
ID42624,0.2486,0,No Claim,Low,0
ID12457,0.2486,0,No Claim,Low,0
ID54524,0.2486,0,No Claim,Low,0
ID26781,0.2486,0,No Claim,Low,0
ID35880,0.2486,0,No Claim,Low,0
ID56355,0.2486,0,No Claim,Low,0
ID12629,0.2486,0,No Claim,Low,0
ID53471,0.2486,0,No Claim,Low,0
ID04687,0.2486,0,No Claim,Low,0
ID35969,0.2486,0,No Claim,Low,0
ID19765,0.2486,0,No Claim,Low,0
ID28604,0.2486,0,No Claim,Low,0
ID38921,0.2486,0,No Claim,Low,0
ID14073,0.2486,0,No Claim,Low,0
ID21558,0.2486,0,No Claim,Low,0
ID38112,0.2486,0,No Claim,Low,0
ID15857,0.2486,0,No Claim,Low,0
ID56876,0.2486,0,No Claim,Low,0
ID18263,0.2486,0,No Claim,Low,0
ID46950,0.2486,0,No Claim,Low,0
ID24258,0.2486,0,No Claim,Low,0
ID07439,0.2486,0,No Claim,Low,0
ID31265,0.2486,0,No Claim,Low,0
ID35855,0.2486,0,No Claim,Low,0
ID55339,0.2486,0,No Claim,Low,0
ID21566,0.2486,0,No Claim,Low,0
ID10275,0.2486,0,No Claim,Low,0
ID27279,0.2486,0,No Claim,Low,0
ID34537,0.2486,0,No Claim,Low,0
ID08459,0.2486,0,No Claim,Low,0
ID47062,0.2486,0,No Claim,Low,0
ID13497,0.2486,0,No Claim,Low,0
ID21157,0.2486,0,No Claim,Low,0
ID07571,0.2486,0,No Claim,Low,0
ID24989,0.2486,0,No Claim,Low,0
ID41657,0.2486,0,No Claim,Low,0
ID03459,0.2486,0,No Claim,Low,0
ID19272,0.2486,0,No Claim,Low,0
ID39984,0.2486,0,No Claim,Low,0
ID47161,0.2486,0,No Claim,Low,0
ID39191,0.2486,0,No Claim,Low,0
ID27917,0.2486,0,No Claim,Low,0
ID11525,0.2486,0,No Claim,Low,0
ID35752,0.2486,0,No Claim,Low,0
ID09761,0.2486,0,No Claim,Low,0
ID24235,0.2486,0,No Claim,Low,0
ID46187,0.2486,0,No Claim,Low,1
ID50457,0.2486,0,No Claim,Low,0
ID39609,0.2486,0,No Claim,Low,0
ID15726,0.2486,0,No Claim,Low,0
ID07885,0.2486,0,No Claim,Low,0
ID51368,0.2486,0,No Claim,Low,0
ID53951,0.2486,0,No Claim,Low,0
ID17735,0.2486,0,No Claim,Low,0
ID47691,0.2486,0,No Claim,Low,0
ID27932,0.2486,0,No Claim,Low,0
ID49911,0.2486,0,No Claim,Low,0
ID42054,0.2486,0,No Claim,Low,0
ID35394,0.2486,0,No Claim,Low,0
ID47541,0.2486,0,No Claim,Low,0
ID24306,0.2486,0,No Claim,Low,0
ID55903,0.2486,0,No Claim,Low,0
ID53636,0.2486,0,No Claim,Low,0
ID57209,0.2486,0,No Claim,Low,0
ID52671,0.2486,0,No Claim,Low,0
ID36828,0.2486,0,No Claim,Low,0
ID11187,0.2486,0,No Claim,Low,0
ID01497,0.2486,0,No Claim,Low,0
ID34428,0.2486,0,No Claim,Low,0
ID40644,0.2486,0,No Claim,Low,0
ID03737,0.2486,0,No Claim,Low,1
ID38267,0.2486,0,No Claim,Low,0
ID39153,0.2486,0,No Claim,Low,1
ID48318,0.2486,0,No Claim,Low,1
ID11097,0.2486,0,No Claim,Low,0
ID07795,0.2486,0,No Claim,Low,0
ID53000,0.2486,0,No Claim,Low,0
ID50114,0.2486,0,No Claim,Low,0
ID07166,0.2486,0,No Claim,Low,0
ID01900,0.2486,0,No Claim,Low,1
ID32208,0.2486,0,No Claim,Low,0
ID51661,0.2486,0,No Claim,Low,0
ID32154,0.1479,0,No Claim,Low,0
ID21405,0.1479,0,No Claim,Low,0
ID38406,0.1479,0,No Claim,Low,0
ID35978,0.1479,0,No Claim,Low,0
ID07335,0.1479,0,No Claim,Low,0
ID11471,0.1479,0,No Claim,Low,0
ID40913,0.1479,0,No Claim,Low,0
ID25232,0.1479,0,No Claim,Low,0
ID29801,0.1479,0,No Claim,Low,0
ID43909,0.1479,0,No Claim,Low,0
ID10604,0.1479,0,No Claim,Low,0
ID04675,0.1479,0,No Claim,Low,0
ID12899,0.1479,0,No Claim,Low,0
ID50208,0.1479,0,No Claim,Low,0
ID03374,0.1479,0,No Claim,Low,0
ID33721,0.1479,0,No Claim,Low,0
ID06366,0.1479,0,No Claim,Low,0
ID05136,0.1479,0,No Claim,Low,0
ID40731,0.1479,0,No Claim,Low,0
ID33732,0.1479,0,No Claim,Low,0
ID42147,0.1479,0,No Claim,Low,0
ID41982,0.1479,0,No Claim,Low,0
ID43268,0.1479,0,No Claim,Low,0
ID19056,0.1479,0,No Claim,Low,0
ID51703,0.1479,0,No Claim,Low,0
ID18478,0.1479,0,No Claim,Low,0
ID04664,0.1479,0,No Claim,Low,0
ID50450,0.1479,0,No Claim,Low,0
ID27318,0.1479,0,No Claim,Low,0
ID40601,0.1479,0,No Claim,Low,0
ID09915,0.1479,0,No Claim,Low,0
ID12791,0.1479,0,No Claim,Low,0
ID55880,0.1479,0,No Claim,Low,0
ID12907,0.1479,0,No Claim,Low,0
ID45655,0.1479,0,No Claim,Low,0
ID40621,0.1479,0,No Claim,Low,0
ID41297,0.1479,0,No Claim,Low,0
ID27720,0.1479,0,No Claim,Low,0
ID56083,0.1479,0,No Claim,Low,0
ID08327,0.1479,0,No Claim,Low,0
ID30103,0.1479,0,No Claim,Low,0
ID23924,0.1479,0,No Claim,Low,0
ID00779,0.1479,0,No Claim,Low,0
ID18880,0.1479,0,No Claim,Low,0
ID33845,0.1479,0,No Claim,Low,0
ID04047,0.1479,0,No Claim,Low,0
ID49967,0.1479,0,No Claim,Low,0
ID03651,0.1479,0,No Claim,Low,0
ID52791,0.1479,0,No Claim,Low,0
ID09407,0.1479,0,No Claim,Low,0
ID40630,0.1479,0,No Claim,Low,0
ID24869,0.1479,0,No Claim,Low,0
ID05506,0.1479,0,No Claim,Low,0
ID42955,0.1479,0,No Claim,Low,0
ID00254,0.1479,0,No Claim,Low,0
ID49069,0.1479,0,No Claim,Low,0
ID37918,0.1479,0,No Claim,Low,0
ID25839,0.1479,0,No Claim,Low,0
ID29925,0.1479,0,No Claim,Low,0
ID26362,0.1479,0,No Claim,Low,0
ID48038,0.1479,0,No Claim,Low,0
ID52845,0.1479,0,No Claim,Low,0
ID10501,0.1479,0,No Claim,Low,0
ID58376,0.1479,0,No Claim,Low,0
ID16683,0.1479,0,No Claim,Low,0
ID57709,0.1479,0,No Claim,Low,0
ID49129,0.1479,0,No Claim,Low,0
ID09723,0.1479,0,No Claim,Low,0
ID42120,0.1479,0,No Claim,Low,0
ID02195,0.1479,0,No Claim,Low,1
ID23719,0.1479,0,No Claim,Low,0
ID04600,0.1479,0,No Claim,Low,0
ID36569,0.1479,0,No Claim,Low,0
ID43158,0.1479,0,No Claim,Low,0
ID41013,0.1479,0,No Claim,Low,0
ID34977,0.1479,0,No Claim,Low,0
ID10787,0.1479,0,No Claim,Low,0
ID12792,0.1479,0,No Claim,Low,0
ID46576,0.1479,0,No Claim,Low,0
ID03894,0.1479,0,No Claim,Low,0
ID52343,0.1479,0,No Claim,Low,0
ID27411,0.1479,0,No Claim,Low,0
ID32461,0.1479,0,No Claim,Low,0
ID03499,0.1479,0,No Claim,Low,0
ID49163,0.1479,0,No Claim,Low,0
ID06135,0.1479,0,No Claim,Low,0
ID47373,0.1479,0,No Claim,Low,0
ID19145,0.1479,0,No Claim,Low,0
ID52496,0.1479,0,No Claim,Low,0
ID31912,0.1479,0,No Claim,Low,0
ID47630,0.1479,0,No Claim,Low,0
ID37671,0.1479,0,No Claim,Low,0
ID17686,0.1479,0,No Claim,Low,0
ID11946,0.1479,0,No Claim,Low,0
ID13425,0.1479,0,No Claim,Low,0
ID27599,0.1479,0,No Claim,Low,0
ID33497,0.1479,0,No Claim,Low,0
ID03981,0.1479,0,No Claim,Low,0
ID05682,0.1479,0,No Claim,Low,0
ID10633,0.1479,0,No Claim,Low,0
ID55627,0.1479,0,No Claim,Low,0
ID17285,0.1479,0,No Claim,Low,0
ID43899,0.1479,0,No Claim,Low,0
ID33587,0.1479,0,No Claim,Low,0
ID03878,0.1479,0,No Claim,Low,0
ID55939,0.1479,0,No Claim,Low,0
ID41236,0.1479,0,No Claim,Low,0
ID19353,0.1479,0,No Claim,Low,0
ID37537,0.1479,0,No Claim,Low,0
ID05809,0.1479,0,No Claim,Low,0
ID32149,0.1479,0,No Claim,Low,0
ID24717,0.1479,0,No Claim,Low,0
ID28066,0.1479,0,No Claim,Low,0
ID37694,0.1479,0,No Claim,Low,0
ID27781,0.1479,0,No Claim,Low,0
ID22237,0.1479,0,No Claim,Low,0
ID57785,0.1479,0,No Claim,Low,0
ID41086,0.1479,0,No Claim,Low,0
ID58567,0.1479,0,No Claim,Low,0
ID48058,0.1479,0,No Claim,Low,0
ID00740,0.1479,0,No Claim,Low,0
ID14615,0.1479,0,No Claim,Low,0
ID03089,0.1479,0,No Claim,Low,0
ID06173,0.1479,0,No Claim,Low,0
ID31795,0.1479,0,No Claim,Low,0
ID06403,0.1479,0,No Claim,Low,0
ID29673,0.1479,0,No Claim,Low,0
ID01636,0.1479,0,No Claim,Low,0
ID44927,0.1479,0,No Claim,Low,0
ID03554,0.1479,0,No Claim,Low,0
ID55182,0.1479,0,No Claim,Low,0
ID01162,0.1479,0,No Claim,Low,0
ID22425,0.1479,0,No Claim,Low,0
ID54113,0.1479,0,No Claim,Low,0
ID41187,0.1479,0,No Claim,Low,0
ID07479,0.1479,0,No Claim,Low,0
ID41407,0.1479,0,No Claim,Low,0
ID12038,0.1479,0,No Claim,Low,0
ID22809,0.1479,0,No Claim,Low,0
ID28576,0.1479,0,No Claim,Low,0
ID14687,0.1479,0,No Claim,Low,0
ID35881,0.1479,0,No Claim,Low,0
ID54890,0.1479,0,No Claim,Low,0
ID32539,0.1479,0,No Claim,Low,0
ID53289,0.1479,0,No Claim,Low,0
ID32542,0.1479,0,No Claim,Low,0
ID30971,0.1479,0,No Claim,Low,0
ID22023,0.1479,0,No Claim,Low,0
ID31397,0.1479,0,No Claim,Low,0
ID15596,0.1479,0,No Claim,Low,0
ID33077,0.1479,0,No Claim,Low,0
ID52615,0.1479,0,No Claim,Low,0
ID31897,0.1479,0,No Claim,Low,0
ID03261,0.1479,0,No Claim,Low,0
ID08383,0.1479,0,No Claim,Low,0
ID49728,0.1479,0,No Claim,Low,0
ID33508,0.1479,0,No Claim,Low,0
ID02345,0.1479,0,No Claim,Low,0
ID22715,0.1479,0,No Claim,Low,0
ID38171,0.1479,0,No Claim,Low,0
ID23132,0.1479,0,No Claim,Low,0
ID25009,0.1479,0,No Claim,Low,0
ID37306,0.1479,0,No Claim,Low,0
ID23892,0.1479,0,No Claim,Low,0
ID29842,0.1479,0,No Claim,Low,0
ID47483,0.1479,0,No Claim,Low,0
ID23080,0.1479,0,No Claim,Low,0
ID57102,0.1479,0,No Claim,Low,0
ID24724,0.1479,0,No Claim,Low,0
ID17946,0.1479,0,No Claim,Low,0
ID49180,0.1479,0,No Claim,Low,0
ID15949,0.1479,0,No Claim,Low,0
ID09569,0.1479,0,No Claim,Low,0
ID41401,0.1479,0,No Claim,Low,0
ID35877,0.1479,0,No Claim,Low,0
ID12526,0.1479,0,No Claim,Low,0
ID24250,0.1479,0,No Claim,Low,0
ID39822,0.1479,0,No Claim,Low,0
ID11151,0.1479,0,No Claim,Low,0
ID52768,0.1479,0,No Claim,Low,0
ID14503,0.1479,0,No Claim,Low,0
ID50348,0.1479,0,No Claim,Low,0
ID33116,0.1479,0,No Claim,Low,0
ID47179,0.1479,0,No Claim,Low,0
ID54678,0.1479,0,No Claim,Low,0
ID56592,0.1479,0,No Claim,Low,0
ID45640,0.1479,0,No Claim,Low,0
ID04677,0.1479,0,No Claim,Low,0
ID43265,0.1479,0,No Claim,Low,1
ID48913,0.1479,0,No Claim,Low,0
ID38194,0.1479,0,No Claim,Low,0
ID18999,0.1479,0,No Claim,Low,0
ID24488,0.1479,0,No Claim,Low,0
ID41094,0.1479,0,No Claim,Low,0
ID23272,0.1479,0,No Claim,Low,0
ID20592,0.1479,0,No Claim,Low,0
ID36281,0.1479,0,No Claim,Low,0
ID24583,0.1479,0,No Claim,Low,0
ID52225,0.1479,0,No Claim,Low,0
ID03693,0.1479,0,No Claim,Low,0
ID44861,0.1479,0,No Claim,Low,0
ID44173,0.1479,0,No Claim,Low,0
ID34800,0.1479,0,No Claim,Low,0
ID57003,0.1479,0,No Claim,Low,0
ID14905,0.1479,0,No Claim,Low,0
ID38651,0.1479,0,No Claim,Low,0
ID31764,0.1479,0,No Claim,Low,0
ID35444,0.1479,0,No Claim,Low,0
ID13229,0.1479,0,No Claim,Low,0
ID22316,0.1479,0,No Claim,Low,0
ID16228,0.1479,0,No Claim,Low,0
ID43437,0.1479,0,No Claim,Low,0
ID32928,0.1479,0,No Claim,Low,0
ID47668,0.1479,0,No Claim,Low,0
ID16303,0.1479,0,No Claim,Low,0
ID48480,0.1479,0,No Claim,Low,0
ID39947,0.1479,0,No Claim,Low,0
ID52853,0.1479,0,No Claim,Low,0
ID17542,0.1479,0,No Claim,Low,0
ID13035,0.1479,0,No Claim,Low,0
ID26606,0.1479,0,No Claim,Low,0
ID02414,0.1479,0,No Claim,Low,0
ID08484,0.1479,0,No Claim,Low,0
ID53598,0.1479,0,No Claim,Low,0
ID05812,0.1479,0,No Claim,Low,0
ID04024,0.1479,0,No Claim,Low,0
ID30061,0.1479,0,No Claim,Low,0
ID13082,0.1479,0,No Claim,Low,0
ID26698,0.1479,0,No Claim,Low,0
ID25746,0.1479,0,No Claim,Low,0
ID19853,0.1479,0,No Claim,Low,0
ID08731,0.1479,0,No Claim,Low,0
ID32726,0.1479,0,No Claim,Low,0
ID40691,0.1479,0,No Claim,Low,0
ID50055,0.1479,0,No Claim,Low,0
ID54355,0.1479,0,No Claim,Low,0
ID54879,0.1479,0,No Claim,Low,0
ID44533,0.1479,0,No Claim,Low,0
ID02353,0.1479,0,No Claim,Low,0
ID48957,0.1479,0,No Claim,Low,0
ID47029,0.1479,0,No Claim,Low,0
ID02829,0.1479,0,No Claim,Low,0
ID58095,0.1479,0,No Claim,Low,0
ID05842,0.1479,0,No Claim,Low,0
ID18461,0.1479,0,No Claim,Low,0
ID37041,0.1479,0,No Claim,Low,0
ID05254,0.1479,0,No Claim,Low,0
ID29233,0.1479,0,No Claim,Low,0
ID15012,0.1479,0,No Claim,Low,0
ID56630,0.1479,0,No Claim,Low,0
ID03139,0.1479,0,No Claim,Low,0
ID25721,0.1479,0,No Claim,Low,0
ID22041,0.1479,0,No Claim,Low,0
ID02792,0.1479,0,No Claim,Low,0
ID37706,0.1479,0,No Claim,Low,0
ID05552,0.1479,0,No Claim,Low,0
ID39344,0.1479,0,No Claim,Low,0
ID56039,0.1479,0,No Claim,Low,0
ID50449,0.1479,0,No Claim,Low,0
ID47785,0.1479,0,No Claim,Low,0
ID29422,0.1479,0,No Claim,Low,0
ID13464,0.1479,0,No Claim,Low,0
ID14074,0.1479,0,No Claim,Low,0
ID44469,0.1479,0,No Claim,Low,0
ID21999,0.1479,0,No Claim,Low,0
ID18454,0.1479,0,No Claim,Low,0
ID04821,0.1479,0,No Claim,Low,0
ID47538,0.1479,0,No Claim,Low,0
ID21573,0.1479,0,No Claim,Low,0
ID58518,0.1479,0,No Claim,Low,0
ID29094,0.1479,0,No Claim,Low,0
ID29775,0.1479,0,No Claim,Low,0
ID21340,0.1479,0,No Claim,Low,0
ID11470,0.1479,0,No Claim,Low,0
ID54910,0.1479,0,No Claim,Low,1
ID07009,0.1479,0,No Claim,Low,0
ID07253,0.1479,0,No Claim,Low,0
ID24747,0.1479,0,No Claim,Low,0
ID47595,0.1479,0,No Claim,Low,0
ID14907,0.1479,0,No Claim,Low,0
ID57865,0.1479,0,No Claim,Low,0
ID02443,0.1479,0,No Claim,Low,0
ID17615,0.1479,0,No Claim,Low,0
ID41294,0.1479,0,No Claim,Low,0
ID14277,0.1479,0,No Claim,Low,0
ID56946,0.1479,0,No Claim,Low,0
ID47893,0.1479,0,No Claim,Low,0
ID40775,0.1479,0,No Claim,Low,0
ID40884,0.1479,0,No Claim,Low,0
ID20479,0.1479,0,No Claim,Low,0
ID19162,0.1479,0,No Claim,Low,0
ID37790,0.1479,0,No Claim,Low,0
ID05784,0.1479,0,No Claim,Low,0
ID22135,0.1479,0,No Claim,Low,0
ID08418,0.1479,0,No Claim,Low,0
ID31287,0.1479,0,No Claim,Low,0
ID20376,0.1479,0,No Claim,Low,0
ID08060,0.1479,0,No Claim,Low,0
ID49684,0.1479,0,No Claim,Low,0
ID53803,0.1479,0,No Claim,Low,0
ID39269,0.1479,0,No Claim,Low,0
ID23576,0.1479,0,No Claim,Low,0
ID35261,0.1479,0,No Claim,Low,0
ID28254,0.1479,0,No Claim,Low,0
ID33104,0.1479,0,No Claim,Low,0
ID28313,0.1479,0,No Claim,Low,0
ID57049,0.1479,0,No Claim,Low,0
ID09320,0.1479,0,No Claim,Low,0
ID21824,0.1479,0,No Claim,Low,0
ID01651,0.1479,0,No Claim,Low,0
ID38106,0.1479,0,No Claim,Low,0
ID37515,0.1479,0,No Claim,Low,0
ID06682,0.1479,0,No Claim,Low,0
ID40032,0.1479,0,No Claim,Low,0
ID03096,0.1479,0,No Claim,Low,0
ID46462,0.1479,0,No Claim,Low,0
ID47169,0.1479,0,No Claim,Low,0
ID49174,0.1479,0,No Claim,Low,0
ID01154,0.1479,0,No Claim,Low,0
ID45400,0.1479,0,No Claim,Low,0
ID36027,0.1479,0,No Claim,Low,0
ID11442,0.1479,0,No Claim,Low,0
ID33093,0.1479,0,No Claim,Low,0
ID20104,0.1479,0,No Claim,Low,0
ID36095,0.1479,0,No Claim,Low,1
ID02012,0.1479,0,No Claim,Low,0
ID22883,0.1479,0,No Claim,Low,0
ID40419,0.1479,0,No Claim,Low,0
ID05959,0.1479,0,No Claim,Low,0
ID11649,0.1479,0,No Claim,Low,0
ID49851,0.1479,0,No Claim,Low,0
ID26887,0.1479,0,No Claim,Low,0
ID25011,0.1479,0,No Claim,Low,0
ID23791,0.1479,0,No Claim,Low,0
ID35600,0.1479,0,No Claim,Low,0
ID14273,0.1479,0,No Claim,Low,0
ID26260,0.1479,0,No Claim,Low,0
ID48321,0.1479,0,No Claim,Low,0
ID55990,0.1479,0,No Claim,Low,0
ID21035,0.1479,0,No Claim,Low,0
ID35755,0.1479,0,No Claim,Low,0
ID35309,0.1479,0,No Claim,Low,0
ID14675,0.1479,0,No Claim,Low,0
ID48885,0.1479,0,No Claim,Low,0
ID34838,0.1479,0,No Claim,Low,0
ID36248,0.1479,0,No Claim,Low,0
ID26655,0.1479,0,No Claim,Low,0
ID41918,0.1479,0,No Claim,Low,0
ID23781,0.1479,0,No Claim,Low,0
ID19611,0.1479,0,No Claim,Low,0
ID51128,0.1479,0,No Claim,Low,0
ID04006,0.1479,0,No Claim,Low,1
ID52395,0.1479,0,No Claim,Low,0
ID31350,0.1479,0,No Claim,Low,0
ID32412,0.1479,0,No Claim,Low,0
ID52831,0.1479,0,No Claim,Low,0
ID34149,0.1479,0,No Claim,Low,0
ID45281,0.1479,0,No Claim,Low,0
ID07940,0.1479,0,No Claim,Low,0
ID00323,0.1479,0,No Claim,Low,0
ID03611,0.1479,0,No Claim,Low,0
ID32944,0.1479,0,No Claim,Low,0
ID10433,0.1479,0,No Claim,Low,0
ID49224,0.1479,0,No Claim,Low,0
ID12135,0.1479,0,No Claim,Low,0
ID48390,0.1479,0,No Claim,Low,0
ID48548,0.1479,0,No Claim,Low,0
ID10288,0.1479,0,No Claim,Low,0
ID04251,0.1479,0,No Claim,Low,0
ID38080,0.1479,0,No Claim,Low,0
ID36858,0.1479,0,No Claim,Low,0
ID38601,0.1479,0,No Claim,Low,0
ID31596,0.1479,0,No Claim,Low,0
ID36074,0.1479,0,No Claim,Low,0
ID21902,0.1479,0,No Claim,Low,0
ID04026,0.1479,0,No Claim,Low,0
ID58001,0.1479,0,No Claim,Low,0
ID22122,0.1479,0,No Claim,Low,0
ID34694,0.1479,0,No Claim,Low,0
ID46032,0.1479,0,No Claim,Low,0
ID58048,0.1479,0,No Claim,Low,0
ID07862,0.1479,0,No Claim,Low,0
ID45600,0.1479,0,No Claim,Low,0
ID31706,0.1479,0,No Claim,Low,1
ID31616,0.1479,0,No Claim,Low,0
ID30040,0.1479,0,No Claim,Low,0
ID48133,0.1479,0,No Claim,Low,0
ID30941,0.1479,0,No Claim,Low,0
ID02407,0.1479,0,No Claim,Low,0
ID36312,0.1479,0,No Claim,Low,0
ID12785,0.1479,0,No Claim,Low,0
ID44624,0.1479,0,No Claim,Low,0
ID26958,0.1479,0,No Claim,Low,0
ID51026,0.1479,0,No Claim,Low,0
ID46945,0.1479,0,No Claim,Low,0
ID50232,0.1479,0,No Claim,Low,0
ID08588,0.1479,0,No Claim,Low,0
ID13109,0.1479,0,No Claim,Low,0
ID52544,0.1479,0,No Claim,Low,0
ID08917,0.1479,0,No Claim,Low,0
ID26602,0.1479,0,No Claim,Low,0
ID42736,0.1479,0,No Claim,Low,0
ID15585,0.1479,0,No Claim,Low,0
ID14091,0.1479,0,No Claim,Low,0
ID42153,0.1479,0,No Claim,Low,0
ID30276,0.1479,0,No Claim,Low,0
ID25467,0.1479,0,No Claim,Low,0
ID57536,0.1479,0,No Claim,Low,0
ID57142,0.1479,0,No Claim,Low,0
ID06384,0.1479,0,No Claim,Low,1
ID47575,0.1479,0,No Claim,Low,0
ID34106,0.1479,0,No Claim,Low,0
ID20526,0.1479,0,No Claim,Low,0
ID39464,0.1479,0,No Claim,Low,0
ID56366,0.1479,0,No Claim,Low,0
ID36810,0.1479,0,No Claim,Low,0
ID05957,0.1479,0,No Claim,Low,0
ID21461,0.1479,0,No Claim,Low,0
ID30345,0.1479,0,No Claim,Low,0
ID18035,0.1479,0,No Claim,Low,0
ID57663,0.1479,0,No Claim,Low,0
ID14169,0.1479,0,No Claim,Low,0
ID33571,0.1479,0,No Claim,Low,0
ID51939,0.1479,0,No Claim,Low,0
ID46786,0.1479,0,No Claim,Low,0
ID00977,0.1479,0,No Claim,Low,0
ID23512,0.1479,0,No Claim,Low,0
ID10959,0.1479,0,No Claim,Low,0
ID02821,0.1479,0,No Claim,Low,0
ID19083,0.1479,0,No Claim,Low,0
ID51147,0.1479,0,No Claim,Low,0
ID26154,0.1479,0,No Claim,Low,1
ID11486,0.1479,0,No Claim,Low,0
ID22820,0.1479,0,No Claim,Low,0
ID53760,0.1479,0,No Claim,Low,0
ID40488,0.1479,0,No Claim,Low,1
ID51386,0.1479,0,No Claim,Low,0
ID25759,0.1479,0,No Claim,Low,0
ID51095,0.1479,0,No Claim,Low,0
ID10758,0.1479,0,No Claim,Low,0
ID30515,0.1479,0,No Claim,Low,0
ID56838,0.1479,0,No Claim,Low,0
ID37954,0.1479,0,No Claim,Low,0
ID44852,0.1479,0,No Claim,Low,0
ID24801,0.1479,0,No Claim,Low,0
ID16473,0.1479,0,No Claim,Low,0
ID41672,0.1479,0,No Claim,Low,0
ID28203,0.1479,0,No Claim,Low,0
ID21535,0.1479,0,No Claim,Low,0
ID13284,0.1479,0,No Claim,Low,0
ID01226,0.1479,0,No Claim,Low,0
ID52034,0.1479,0,No Claim,Low,1
ID41802,0.1479,0,No Claim,Low,0
ID38379,0.1479,0,No Claim,Low,0
ID07542,0.1479,0,No Claim,Low,0
ID38402,0.1479,0,No Claim,Low,0
ID51882,0.1479,0,No Claim,Low,0
ID11087,0.1479,0,No Claim,Low,0
ID04428,0.1479,0,No Claim,Low,0
ID40783,0.1479,0,No Claim,Low,0
ID57530,0.1479,0,No Claim,Low,0
ID09547,0.1479,0,No Claim,Low,0
ID12029,0.1479,0,No Claim,Low,0
ID16831,0.1479,0,No Claim,Low,0
ID07493,0.1479,0,No Claim,Low,0
ID17512,0.1479,0,No Claim,Low,0
ID25349,0.1479,0,No Claim,Low,0
ID33632,0.1479,0,No Claim,Low,0
ID50003,0.1479,0,No Claim,Low,0
ID16671,0.1479,0,No Claim,Low,0
ID41906,0.1342,0,No Claim,Low,0
ID27561,0.1342,0,No Claim,Low,0
ID10188,0.1342,0,No Claim,Low,0
ID11740,0.1342,0,No Claim,Low,0
ID37724,0.1342,0,No Claim,Low,0
ID48898,0.1342,0,No Claim,Low,0
ID03634,0.1342,0,No Claim,Low,0
ID15269,0.1342,0,No Claim,Low,0
ID49214,0.1342,0,No Claim,Low,0
ID44666,0.1342,0,No Claim,Low,0
ID26360,0.1342,0,No Claim,Low,0
ID48456,0.1342,0,No Claim,Low,0
ID18164,0.1342,0,No Claim,Low,0
ID06001,0.1342,0,No Claim,Low,0
ID20398,0.1342,0,No Claim,Low,0
ID57180,0.1342,0,No Claim,Low,0
ID41902,0.1342,0,No Claim,Low,1
ID55504,0.1342,0,No Claim,Low,0
ID42737,0.1342,0,No Claim,Low,0
ID02776,0.1342,0,No Claim,Low,0
ID34574,0.1342,0,No Claim,Low,0
ID10017,0.1342,0,No Claim,Low,0
ID17040,0.1342,0,No Claim,Low,0
ID34160,0.1342,0,No Claim,Low,0
ID32899,0.1342,0,No Claim,Low,0
ID37272,0.1342,0,No Claim,Low,0
ID55684,0.1342,0,No Claim,Low,0
ID15103,0.1342,0,No Claim,Low,0
ID58204,0.1342,0,No Claim,Low,0
ID50078,0.1342,0,No Claim,Low,0
ID32901,0.1342,0,No Claim,Low,0
ID29101,0.1342,0,No Claim,Low,0
ID33112,0.1342,0,No Claim,Low,0
ID43391,0.1342,0,No Claim,Low,0
ID58504,0.1342,0,No Claim,Low,0
ID09168,0.1342,0,No Claim,Low,0
ID00954,0.1342,0,No Claim,Low,0
ID18819,0.1342,0,No Claim,Low,0
ID29018,0.1342,0,No Claim,Low,0
ID52042,0.1342,0,No Claim,Low,0
ID23938,0.1342,0,No Claim,Low,0
ID29674,0.1342,0,No Claim,Low,0
ID35574,0.1342,0,No Claim,Low,0
ID50243,0.1342,0,No Claim,Low,0
ID17251,0.1342,0,No Claim,Low,0
ID51587,0.1342,0,No Claim,Low,0
ID21948,0.1342,0,No Claim,Low,0
ID21511,0.1342,0,No Claim,Low,0
ID06849,0.1342,0,No Claim,Low,0
ID24683,0.1342,0,No Claim,Low,0
ID55018,0.1342,0,No Claim,Low,0
ID09968,0.1342,0,No Claim,Low,0
ID14877,0.1342,0,No Claim,Low,0
ID44045,0.1342,0,No Claim,Low,0
ID28359,0.1342,0,No Claim,Low,0
ID02497,0.1342,0,No Claim,Low,0
ID45987,0.1342,0,No Claim,Low,0
ID36885,0.1342,0,No Claim,Low,0
ID53177,0.1342,0,No Claim,Low,0
ID05409,0.1342,0,No Claim,Low,0
ID57687,0.1342,0,No Claim,Low,0
ID24050,0.1342,0,No Claim,Low,0
ID15216,0.1342,0,No Claim,Low,0
ID12254,0.1342,0,No Claim,Low,0
ID22355,0.1342,0,No Claim,Low,0
ID29402,0.1342,0,No Claim,Low,0
ID50292,0.1342,0,No Claim,Low,0
ID18689,0.1342,0,No Claim,Low,0
ID42660,0.1342,0,No Claim,Low,0
ID55574,0.1342,0,No Claim,Low,0
ID02400,0.1342,0,No Claim,Low,0
ID31404,0.1342,0,No Claim,Low,0
ID21321,0.1342,0,No Claim,Low,0
ID28577,0.1342,0,No Claim,Low,0
ID18042,0.1342,0,No Claim,Low,0
ID50869,0.1342,0,No Claim,Low,0
ID37978,0.1342,0,No Claim,Low,0
ID17351,0.1342,0,No Claim,Low,1
ID04629,0.1342,0,No Claim,Low,0
ID54588,0.1342,0,No Claim,Low,0
ID22827,0.1342,0,No Claim,Low,0
ID45952,0.1342,0,No Claim,Low,0
ID05828,0.1342,0,No Claim,Low,0
ID24266,0.1342,0,No Claim,Low,0
ID30906,0.1342,0,No Claim,Low,0
ID36090,0.1342,0,No Claim,Low,0
ID16449,0.1342,0,No Claim,Low,0
ID35065,0.1342,0,No Claim,Low,0
ID31429,0.1342,0,No Claim,Low,0
ID11715,0.1342,0,No Claim,Low,0
ID23160,0.1342,0,No Claim,Low,0
ID51248,0.1342,0,No Claim,Low,0
ID21313,0.1342,0,No Claim,Low,0
ID35335,0.1342,0,No Claim,Low,0
ID23432,0.1342,0,No Claim,Low,0
ID33418,0.1342,0,No Claim,Low,0
ID20235,0.1342,0,No Claim,Low,0
ID22339,0.1342,0,No Claim,Low,0
ID46308,0.1342,0,No Claim,Low,0
ID32368,0.1342,0,No Claim,Low,0
ID06254,0.1342,0,No Claim,Low,0
ID03905,0.1342,0,No Claim,Low,0
ID22461,0.1342,0,No Claim,Low,0
ID53982,0.0,0,No Claim,Low,0
ID06151,0.0,0,No Claim,Low,0
ID53666,0.0,0,No Claim,Low,0
ID41848,0.0,0,No Claim,Low,0
ID03817,0.0,0,No Claim,Low,0
ID38043,0.0,0,No Claim,Low,0
ID36467,0.0,0,No Claim,Low,1
ID38412,0.0,0,No Claim,Low,0
ID32086,0.0,0,No Claim,Low,0
ID46587,0.0,0,No Claim,Low,0
ID32494,0.0,0,No Claim,Low,0
ID30486,0.0,0,No Claim,Low,0
ID11699,0.0,0,No Claim,Low,0
ID17809,0.0,0,No Claim,Low,0
ID29970,0.0,0,No Claim,Low,0
ID19905,0.0,0,No Claim,Low,0
ID51962,0.0,0,No Claim,Low,0
ID43836,0.0,0,No Claim,Low,0
ID52217,0.0,0,No Claim,Low,0
ID23789,0.0,0,No Claim,Low,0
ID12796,0.0,0,No Claim,Low,0
ID46118,0.0,0,No Claim,Low,0
ID10625,0.0,0,No Claim,Low,0
ID00993,0.0,0,No Claim,Low,0
ID46384,0.0,0,No Claim,Low,0
ID56982,0.0,0,No Claim,Low,0
ID13493,0.0,0,No Claim,Low,0
ID29613,0.0,0,No Claim,Low,0
ID09030,0.0,0,No Claim,Low,0
ID11436,0.0,0,No Claim,Low,0
ID15711,0.0,0,No Claim,Low,0
ID23003,0.0,0,No Claim,Low,0
ID05547,0.0,0,No Claim,Low,0
ID01088,0.0,0,No Claim,Low,0
ID37726,0.0,0,No Claim,Low,0
ID20064,0.0,0,No Claim,Low,0
ID07032,0.0,0,No Claim,Low,0
ID32600,0.0,0,No Claim,Low,0
ID01742,0.0,0,No Claim,Low,0
ID29051,0.0,0,No Claim,Low,0
ID03046,0.0,0,No Claim,Low,0
ID27259,0.0,0,No Claim,Low,0
ID52145,0.0,0,No Claim,Low,0
ID57292,0.0,0,No Claim,Low,0
ID53232,0.0,0,No Claim,Low,0
ID41017,0.0,0,No Claim,Low,0
ID15793,0.0,0,No Claim,Low,0
ID35966,0.0,0,No Claim,Low,0
ID04430,0.0,0,No Claim,Low,0
ID08145,0.0,0,No Claim,Low,0
ID05862,0.0,0,No Claim,Low,0
ID26232,0.0,0,No Claim,Low,0
ID08697,0.0,0,No Claim,Low,0
ID03203,0.0,0,No Claim,Low,0
ID09251,0.0,0,No Claim,Low,0
ID38815,0.0,0,No Claim,Low,0
ID20656,0.0,0,No Claim,Low,0
ID15352,0.0,0,No Claim,Low,0
ID21505,0.0,0,No Claim,Low,0
ID15509,0.0,0,No Claim,Low,0
ID47585,0.0,0,No Claim,Low,0
ID53154,0.0,0,No Claim,Low,0
ID01966,0.0,0,No Claim,Low,1
ID42804,0.0,0,No Claim,Low,0
ID56579,0.0,0,No Claim,Low,0
ID43844,0.0,0,No Claim,Low,0
ID00940,0.0,0,No Claim,Low,0
ID28988,0.0,0,No Claim,Low,0
ID33404,0.0,0,No Claim,Low,0
ID43962,0.0,0,No Claim,Low,0
ID00816,0.0,0,No Claim,Low,0
ID53300,0.0,0,No Claim,Low,0
ID45491,0.0,0,No Claim,Low,0
